commit,date,version,suite,benchmark,experiment,name,config,case,time,runid
83aaa5e8dd69c9faf4d8680a9c73c0ef9f4cbc5d,2026-04-26,1,plan-enumerators,cardinality-agnostic,chain,"mutable (single core, DPccp)",Execution Time,2,1.157,0
83aaa5e8dd69c9faf4d8680a9c73c0ef9f4cbc5d,2026-04-26,1,plan-enumerators,cardinality-agnostic,chain,"mutable (single core, DPccp)",Execution Time,2,0.053,1
83aaa5e8dd69c9faf4d8680a9c73c0ef9f4cbc5d,2026-04-26,1,plan-enumerators,cardinality-agnostic,chain,"mutable (single core, DPccp)",Execution Time,2,0.189,2
83aaa5e8dd69c9faf4d8680a9c73c0ef9f4cbc5d,2026-04-26,1,plan-enumerators,cardinality-agnostic,chain,"mutable (single core, DPccp)",Execution Time,3,0.095,0
83aaa5e8dd69c9faf4d8680a9c73c0ef9f4cbc5d,2026-04-26,1,plan-enumerators,cardinality-agnostic,chain,"mutable (single core, DPccp)",Execution Time,3,0.069,1
83aaa5e8dd69c9faf4d8680a9c73c0ef9f4cbc5d,2026-04-26,1,plan-enumerators,cardinality-agnostic,chain,"mutable (single core, DPccp)",Execution Time,3,0.085,2
83aaa5e8dd69c9faf4d8680a9c73c0ef9f4cbc5d,2026-04-26,1,plan-enumerators,cardinality-agnostic,chain,"mutable (single core, DPccp)",Execution Time,4,0.105,0
83aaa5e8dd69c9faf4d8680a9c73c0ef9f4cbc5d,2026-04-26,1,plan-enumerators,cardinality-agnostic,chain,"mutable (single core, DPccp)",Execution Time,4,0.106,1
83aaa5e8dd69c9faf4d8680a9c73c0ef9f4cbc5d,2026-04-26,1,plan-enumerators,cardinality-agnostic,chain,"mutable (single core, DPccp)",Execution Time,4,0.091,2
83aaa5e8dd69c9faf4d8680a9c73c0ef9f4cbc5d,2026-04-26,1,plan-enumerators,cardinality-agnostic,chain,"mutable (single core, DPccp)",Execution Time,5,0.142,0
83aaa5e8dd69c9faf4d8680a9c73c0ef9f4cbc5d,2026-04-26,1,plan-enumerators,cardinality-agnostic,chain,"mutable (single core, DPccp)",Execution Time,5,0.123,1
83aaa5e8dd69c9faf4d8680a9c73c0ef9f4cbc5d,2026-04-26,1,plan-enumerators,cardinality-agnostic,chain,"mutable (single core, DPccp)",Execution Time,5,0.135,2
83aaa5e8dd69c9faf4d8680a9c73c0ef9f4cbc5d,2026-04-26,1,plan-enumerators,cardinality-agnostic,chain,"mutable (single core, DPccp)",Execution Time,8,0.345,0
83aaa5e8dd69c9faf4d8680a9c73c0ef9f4cbc5d,2026-04-26,1,plan-enumerators,cardinality-agnostic,chain,"mutable (single core, DPccp)",Execution Time,8,0.364,1
83aaa5e8dd69c9faf4d8680a9c73c0ef9f4cbc5d,2026-04-26,1,plan-enumerators,cardinality-agnostic,chain,"mutable (single core, DPccp)",Execution Time,8,0.275,2
83aaa5e8dd69c9faf4d8680a9c73c0ef9f4cbc5d,2026-04-26,1,plan-enumerators,cardinality-agnostic,chain,"mutable (single core, DPccp)",Execution Time,10,0.453,0
83aaa5e8dd69c9faf4d8680a9c73c0ef9f4cbc5d,2026-04-26,1,plan-enumerators,cardinality-agnostic,chain,"mutable (single core, DPccp)",Execution Time,10,0.412,1
83aaa5e8dd69c9faf4d8680a9c73c0ef9f4cbc5d,2026-04-26,1,plan-enumerators,cardinality-agnostic,chain,"mutable (single core, DPccp)",Execution Time,10,0.403,2
83aaa5e8dd69c9faf4d8680a9c73c0ef9f4cbc5d,2026-04-26,1,plan-enumerators,cardinality-agnostic,chain,"mutable (single core, DPccp)",Execution Time,12,0.656,0
83aaa5e8dd69c9faf4d8680a9c73c0ef9f4cbc5d,2026-04-26,1,plan-enumerators,cardinality-agnostic,chain,"mutable (single core, DPccp)",Execution Time,12,0.608,1
83aaa5e8dd69c9faf4d8680a9c73c0ef9f4cbc5d,2026-04-26,1,plan-enumerators,cardinality-agnostic,chain,"mutable (single core, DPccp)",Execution Time,12,0.632,2
83aaa5e8dd69c9faf4d8680a9c73c0ef9f4cbc5d,2026-04-26,1,plan-enumerators,cardinality-agnostic,chain,"mutable (single core, DPccp)",Execution Time,15,1.706,0
83aaa5e8dd69c9faf4d8680a9c73c0ef9f4cbc5d,2026-04-26,1,plan-enumerators,cardinality-agnostic,chain,"mutable (single core, DPccp)",Execution Time,15,1.667,1
83aaa5e8dd69c9faf4d8680a9c73c0ef9f4cbc5d,2026-04-26,1,plan-enumerators,cardinality-agnostic,chain,"mutable (single core, DPccp)",Execution Time,15,1.449,2
83aaa5e8dd69c9faf4d8680a9c73c0ef9f4cbc5d,2026-04-26,1,plan-enumerators,cardinality-agnostic,chain,"mutable (single core, DPccp)",Execution Time,18,1.869,0
83aaa5e8dd69c9faf4d8680a9c73c0ef9f4cbc5d,2026-04-26,1,plan-enumerators,cardinality-agnostic,chain,"mutable (single core, DPccp)",Execution Time,18,1.45,1
83aaa5e8dd69c9faf4d8680a9c73c0ef9f4cbc5d,2026-04-26,1,plan-enumerators,cardinality-agnostic,chain,"mutable (single core, DPccp)",Execution Time,18,1.645,2
83aaa5e8dd69c9faf4d8680a9c73c0ef9f4cbc5d,2026-04-26,1,plan-enumerators,cardinality-agnostic,chain,"mutable (single core, DPccp)",Execution Time,20,1.849,0
83aaa5e8dd69c9faf4d8680a9c73c0ef9f4cbc5d,2026-04-26,1,plan-enumerators,cardinality-agnostic,chain,"mutable (single core, DPccp)",Execution Time,20,1.829,1
83aaa5e8dd69c9faf4d8680a9c73c0ef9f4cbc5d,2026-04-26,1,plan-enumerators,cardinality-agnostic,chain,"mutable (single core, DPccp)",Execution Time,20,1.89,2
83aaa5e8dd69c9faf4d8680a9c73c0ef9f4cbc5d,2026-04-26,1,plan-enumerators,cardinality-agnostic,chain,"mutable (single core, DPccp)",Execution Time,21,2.016,0
83aaa5e8dd69c9faf4d8680a9c73c0ef9f4cbc5d,2026-04-26,1,plan-enumerators,cardinality-agnostic,chain,"mutable (single core, DPccp)",Execution Time,21,2.195,1
83aaa5e8dd69c9faf4d8680a9c73c0ef9f4cbc5d,2026-04-26,1,plan-enumerators,cardinality-agnostic,chain,"mutable (single core, DPccp)",Execution Time,21,2.022,2
83aaa5e8dd69c9faf4d8680a9c73c0ef9f4cbc5d,2026-04-26,1,plan-enumerators,cardinality-agnostic,chain,"mutable (single core, DPccp)",Execution Time,22,2.307,0
83aaa5e8dd69c9faf4d8680a9c73c0ef9f4cbc5d,2026-04-26,1,plan-enumerators,cardinality-agnostic,chain,"mutable (single core, DPccp)",Execution Time,22,2.297,1
83aaa5e8dd69c9faf4d8680a9c73c0ef9f4cbc5d,2026-04-26,1,plan-enumerators,cardinality-agnostic,chain,"mutable (single core, DPccp)",Execution Time,22,2.102,2
83aaa5e8dd69c9faf4d8680a9c73c0ef9f4cbc5d,2026-04-26,1,plan-enumerators,cardinality-agnostic,chain,"mutable (single core, DPccp)",Execution Time,23,2.726,0
83aaa5e8dd69c9faf4d8680a9c73c0ef9f4cbc5d,2026-04-26,1,plan-enumerators,cardinality-agnostic,chain,"mutable (single core, DPccp)",Execution Time,23,2.334,1
83aaa5e8dd69c9faf4d8680a9c73c0ef9f4cbc5d,2026-04-26,1,plan-enumerators,cardinality-agnostic,chain,"mutable (single core, DPccp)",Execution Time,23,2.755,2
83aaa5e8dd69c9faf4d8680a9c73c0ef9f4cbc5d,2026-04-26,1,plan-enumerators,cardinality-agnostic,chain,"mutable (single core, DPccp)",Execution Time,24,2.737,0
83aaa5e8dd69c9faf4d8680a9c73c0ef9f4cbc5d,2026-04-26,1,plan-enumerators,cardinality-agnostic,chain,"mutable (single core, DPccp)",Execution Time,24,2.762,1
83aaa5e8dd69c9faf4d8680a9c73c0ef9f4cbc5d,2026-04-26,1,plan-enumerators,cardinality-agnostic,chain,"mutable (single core, DPccp)",Execution Time,24,2.773,2
83aaa5e8dd69c9faf4d8680a9c73c0ef9f4cbc5d,2026-04-26,1,plan-enumerators,cardinality-agnostic,chain,"mutable (single core, DPccp)",Execution Time,25,2.958,0
83aaa5e8dd69c9faf4d8680a9c73c0ef9f4cbc5d,2026-04-26,1,plan-enumerators,cardinality-agnostic,chain,"mutable (single core, DPccp)",Execution Time,25,3.011,1
83aaa5e8dd69c9faf4d8680a9c73c0ef9f4cbc5d,2026-04-26,1,plan-enumerators,cardinality-agnostic,chain,"mutable (single core, DPccp)",Execution Time,25,3.21,2
83aaa5e8dd69c9faf4d8680a9c73c0ef9f4cbc5d,2026-04-26,1,plan-enumerators,cardinality-agnostic,chain,"mutable (single core, DPccp)",Execution Time,26,3.378,0
83aaa5e8dd69c9faf4d8680a9c73c0ef9f4cbc5d,2026-04-26,1,plan-enumerators,cardinality-agnostic,chain,"mutable (single core, DPccp)",Execution Time,26,3.528,1
83aaa5e8dd69c9faf4d8680a9c73c0ef9f4cbc5d,2026-04-26,1,plan-enumerators,cardinality-agnostic,chain,"mutable (single core, DPccp)",Execution Time,26,3.533,2
83aaa5e8dd69c9faf4d8680a9c73c0ef9f4cbc5d,2026-04-26,1,plan-enumerators,cardinality-agnostic,chain,"mutable (single core, DPccp)",Execution Time,27,3.877,0
83aaa5e8dd69c9faf4d8680a9c73c0ef9f4cbc5d,2026-04-26,1,plan-enumerators,cardinality-agnostic,chain,"mutable (single core, DPccp)",Execution Time,27,3.828,1
83aaa5e8dd69c9faf4d8680a9c73c0ef9f4cbc5d,2026-04-26,1,plan-enumerators,cardinality-agnostic,chain,"mutable (single core, DPccp)",Execution Time,27,3.706,2
83aaa5e8dd69c9faf4d8680a9c73c0ef9f4cbc5d,2026-04-26,1,plan-enumerators,cardinality-agnostic,chain,"mutable (single core, DPccp)",Execution Time,28,4.286,0
83aaa5e8dd69c9faf4d8680a9c73c0ef9f4cbc5d,2026-04-26,1,plan-enumerators,cardinality-agnostic,chain,"mutable (single core, DPccp)",Execution Time,28,3.926,1
83aaa5e8dd69c9faf4d8680a9c73c0ef9f4cbc5d,2026-04-26,1,plan-enumerators,cardinality-agnostic,chain,"mutable (single core, DPccp)",Execution Time,28,3.775,2
83aaa5e8dd69c9faf4d8680a9c73c0ef9f4cbc5d,2026-04-26,1,plan-enumerators,cardinality-agnostic,chain,"mutable (single core, DPccp)",Execution Time,29,4.298,0
83aaa5e8dd69c9faf4d8680a9c73c0ef9f4cbc5d,2026-04-26,1,plan-enumerators,cardinality-agnostic,chain,"mutable (single core, DPccp)",Execution Time,29,4.113,1
83aaa5e8dd69c9faf4d8680a9c73c0ef9f4cbc5d,2026-04-26,1,plan-enumerators,cardinality-agnostic,chain,"mutable (single core, DPccp)",Execution Time,29,4.491,2
83aaa5e8dd69c9faf4d8680a9c73c0ef9f4cbc5d,2026-04-26,1,plan-enumerators,cardinality-agnostic,chain,"mutable (single core, DPccp)",Execution Time,30,4.621,0
83aaa5e8dd69c9faf4d8680a9c73c0ef9f4cbc5d,2026-04-26,1,plan-enumerators,cardinality-agnostic,chain,"mutable (single core, DPccp)",Execution Time,30,4.752,1
83aaa5e8dd69c9faf4d8680a9c73c0ef9f4cbc5d,2026-04-26,1,plan-enumerators,cardinality-agnostic,chain,"mutable (single core, DPccp)",Execution Time,30,4.893,2
83aaa5e8dd69c9faf4d8680a9c73c0ef9f4cbc5d,2026-04-26,1,plan-enumerators,cardinality-agnostic,chain,"mutable (single core, DPsizeOpt)",Execution Time,2,10000.0,0
83aaa5e8dd69c9faf4d8680a9c73c0ef9f4cbc5d,2026-04-26,1,plan-enumerators,cardinality-agnostic,chain,"mutable (single core, DPsizeOpt)",Execution Time,2,10000.0,1
83aaa5e8dd69c9faf4d8680a9c73c0ef9f4cbc5d,2026-04-26,1,plan-enumerators,cardinality-agnostic,chain,"mutable (single core, DPsizeOpt)",Execution Time,2,10000.0,2
83aaa5e8dd69c9faf4d8680a9c73c0ef9f4cbc5d,2026-04-26,1,plan-enumerators,cardinality-agnostic,chain,"mutable (single core, DPsizeOpt)",Execution Time,3,10000.0,0
83aaa5e8dd69c9faf4d8680a9c73c0ef9f4cbc5d,2026-04-26,1,plan-enumerators,cardinality-agnostic,chain,"mutable (single core, DPsizeOpt)",Execution Time,3,10000.0,1
83aaa5e8dd69c9faf4d8680a9c73c0ef9f4cbc5d,2026-04-26,1,plan-enumerators,cardinality-agnostic,chain,"mutable (single core, DPsizeOpt)",Execution Time,3,10000.0,2
83aaa5e8dd69c9faf4d8680a9c73c0ef9f4cbc5d,2026-04-26,1,plan-enumerators,cardinality-agnostic,chain,"mutable (single core, DPsizeOpt)",Execution Time,4,10000.0,0
83aaa5e8dd69c9faf4d8680a9c73c0ef9f4cbc5d,2026-04-26,1,plan-enumerators,cardinality-agnostic,chain,"mutable (single core, DPsizeOpt)",Execution Time,4,10000.0,1
83aaa5e8dd69c9faf4d8680a9c73c0ef9f4cbc5d,2026-04-26,1,plan-enumerators,cardinality-agnostic,chain,"mutable (single core, DPsizeOpt)",Execution Time,4,10000.0,2
83aaa5e8dd69c9faf4d8680a9c73c0ef9f4cbc5d,2026-04-26,1,plan-enumerators,cardinality-agnostic,chain,"mutable (single core, DPsizeOpt)",Execution Time,5,10000.0,0
83aaa5e8dd69c9faf4d8680a9c73c0ef9f4cbc5d,2026-04-26,1,plan-enumerators,cardinality-agnostic,chain,"mutable (single core, DPsizeOpt)",Execution Time,5,10000.0,1
83aaa5e8dd69c9faf4d8680a9c73c0ef9f4cbc5d,2026-04-26,1,plan-enumerators,cardinality-agnostic,chain,"mutable (single core, DPsizeOpt)",Execution Time,5,10000.0,2
83aaa5e8dd69c9faf4d8680a9c73c0ef9f4cbc5d,2026-04-26,1,plan-enumerators,cardinality-agnostic,chain,"mutable (single core, DPsizeOpt)",Execution Time,8,10000.0,0
83aaa5e8dd69c9faf4d8680a9c73c0ef9f4cbc5d,2026-04-26,1,plan-enumerators,cardinality-agnostic,chain,"mutable (single core, DPsizeOpt)",Execution Time,8,10000.0,1
83aaa5e8dd69c9faf4d8680a9c73c0ef9f4cbc5d,2026-04-26,1,plan-enumerators,cardinality-agnostic,chain,"mutable (single core, DPsizeOpt)",Execution Time,8,10000.0,2
83aaa5e8dd69c9faf4d8680a9c73c0ef9f4cbc5d,2026-04-26,1,plan-enumerators,cardinality-agnostic,chain,"mutable (single core, DPsizeOpt)",Execution Time,10,10000.0,0
83aaa5e8dd69c9faf4d8680a9c73c0ef9f4cbc5d,2026-04-26,1,plan-enumerators,cardinality-agnostic,chain,"mutable (single core, DPsizeOpt)",Execution Time,10,10000.0,1
83aaa5e8dd69c9faf4d8680a9c73c0ef9f4cbc5d,2026-04-26,1,plan-enumerators,cardinality-agnostic,chain,"mutable (single core, DPsizeOpt)",Execution Time,10,10000.0,2
83aaa5e8dd69c9faf4d8680a9c73c0ef9f4cbc5d,2026-04-26,1,plan-enumerators,cardinality-agnostic,chain,"mutable (single core, DPsizeOpt)",Execution Time,12,10000.0,0
83aaa5e8dd69c9faf4d8680a9c73c0ef9f4cbc5d,2026-04-26,1,plan-enumerators,cardinality-agnostic,chain,"mutable (single core, DPsizeOpt)",Execution Time,12,10000.0,1
83aaa5e8dd69c9faf4d8680a9c73c0ef9f4cbc5d,2026-04-26,1,plan-enumerators,cardinality-agnostic,chain,"mutable (single core, DPsizeOpt)",Execution Time,12,10000.0,2
83aaa5e8dd69c9faf4d8680a9c73c0ef9f4cbc5d,2026-04-26,1,plan-enumerators,cardinality-agnostic,chain,"mutable (single core, DPsizeOpt)",Execution Time,15,10000.0,0
83aaa5e8dd69c9faf4d8680a9c73c0ef9f4cbc5d,2026-04-26,1,plan-enumerators,cardinality-agnostic,chain,"mutable (single core, DPsizeOpt)",Execution Time,15,10000.0,1
83aaa5e8dd69c9faf4d8680a9c73c0ef9f4cbc5d,2026-04-26,1,plan-enumerators,cardinality-agnostic,chain,"mutable (single core, DPsizeOpt)",Execution Time,15,10000.0,2
83aaa5e8dd69c9faf4d8680a9c73c0ef9f4cbc5d,2026-04-26,1,plan-enumerators,cardinality-agnostic,chain,"mutable (single core, DPsizeOpt)",Execution Time,18,10000.0,0
83aaa5e8dd69c9faf4d8680a9c73c0ef9f4cbc5d,2026-04-26,1,plan-enumerators,cardinality-agnostic,chain,"mutable (single core, DPsizeOpt)",Execution Time,18,10000.0,1
83aaa5e8dd69c9faf4d8680a9c73c0ef9f4cbc5d,2026-04-26,1,plan-enumerators,cardinality-agnostic,chain,"mutable (single core, DPsizeOpt)",Execution Time,18,10000.0,2
83aaa5e8dd69c9faf4d8680a9c73c0ef9f4cbc5d,2026-04-26,1,plan-enumerators,cardinality-agnostic,chain,"mutable (single core, DPsizeOpt)",Execution Time,20,10000.0,0
83aaa5e8dd69c9faf4d8680a9c73c0ef9f4cbc5d,2026-04-26,1,plan-enumerators,cardinality-agnostic,chain,"mutable (single core, DPsizeOpt)",Execution Time,20,10000.0,1
83aaa5e8dd69c9faf4d8680a9c73c0ef9f4cbc5d,2026-04-26,1,plan-enumerators,cardinality-agnostic,chain,"mutable (single core, DPsizeOpt)",Execution Time,20,10000.0,2
83aaa5e8dd69c9faf4d8680a9c73c0ef9f4cbc5d,2026-04-26,1,plan-enumerators,cardinality-agnostic,chain,"mutable (single core, DPsizeOpt)",Execution Time,21,10000.0,0
83aaa5e8dd69c9faf4d8680a9c73c0ef9f4cbc5d,2026-04-26,1,plan-enumerators,cardinality-agnostic,chain,"mutable (single core, DPsizeOpt)",Execution Time,21,10000.0,1
83aaa5e8dd69c9faf4d8680a9c73c0ef9f4cbc5d,2026-04-26,1,plan-enumerators,cardinality-agnostic,chain,"mutable (single core, DPsizeOpt)",Execution Time,21,10000.0,2
83aaa5e8dd69c9faf4d8680a9c73c0ef9f4cbc5d,2026-04-26,1,plan-enumerators,cardinality-agnostic,chain,"mutable (single core, DPsizeOpt)",Execution Time,22,10000.0,0
83aaa5e8dd69c9faf4d8680a9c73c0ef9f4cbc5d,2026-04-26,1,plan-enumerators,cardinality-agnostic,chain,"mutable (single core, DPsizeOpt)",Execution Time,22,10000.0,1
83aaa5e8dd69c9faf4d8680a9c73c0ef9f4cbc5d,2026-04-26,1,plan-enumerators,cardinality-agnostic,chain,"mutable (single core, DPsizeOpt)",Execution Time,22,10000.0,2
83aaa5e8dd69c9faf4d8680a9c73c0ef9f4cbc5d,2026-04-26,1,plan-enumerators,cardinality-agnostic,chain,"mutable (single core, DPsizeOpt)",Execution Time,23,10000.0,0
83aaa5e8dd69c9faf4d8680a9c73c0ef9f4cbc5d,2026-04-26,1,plan-enumerators,cardinality-agnostic,chain,"mutable (single core, DPsizeOpt)",Execution Time,23,10000.0,1
83aaa5e8dd69c9faf4d8680a9c73c0ef9f4cbc5d,2026-04-26,1,plan-enumerators,cardinality-agnostic,chain,"mutable (single core, DPsizeOpt)",Execution Time,23,10000.0,2
83aaa5e8dd69c9faf4d8680a9c73c0ef9f4cbc5d,2026-04-26,1,plan-enumerators,cardinality-agnostic,chain,"mutable (single core, DPsizeOpt)",Execution Time,24,10000.0,0
83aaa5e8dd69c9faf4d8680a9c73c0ef9f4cbc5d,2026-04-26,1,plan-enumerators,cardinality-agnostic,chain,"mutable (single core, DPsizeOpt)",Execution Time,24,10000.0,1
83aaa5e8dd69c9faf4d8680a9c73c0ef9f4cbc5d,2026-04-26,1,plan-enumerators,cardinality-agnostic,chain,"mutable (single core, DPsizeOpt)",Execution Time,24,10000.0,2
83aaa5e8dd69c9faf4d8680a9c73c0ef9f4cbc5d,2026-04-26,1,plan-enumerators,cardinality-agnostic,chain,"mutable (single core, DPsizeOpt)",Execution Time,25,10000.0,0
83aaa5e8dd69c9faf4d8680a9c73c0ef9f4cbc5d,2026-04-26,1,plan-enumerators,cardinality-agnostic,chain,"mutable (single core, DPsizeOpt)",Execution Time,25,10000.0,1
83aaa5e8dd69c9faf4d8680a9c73c0ef9f4cbc5d,2026-04-26,1,plan-enumerators,cardinality-agnostic,chain,"mutable (single core, DPsizeOpt)",Execution Time,25,10000.0,2
83aaa5e8dd69c9faf4d8680a9c73c0ef9f4cbc5d,2026-04-26,1,plan-enumerators,cardinality-agnostic,chain,"mutable (single core, DPsizeOpt)",Execution Time,26,10000.0,0
83aaa5e8dd69c9faf4d8680a9c73c0ef9f4cbc5d,2026-04-26,1,plan-enumerators,cardinality-agnostic,chain,"mutable (single core, DPsizeOpt)",Execution Time,26,10000.0,1
83aaa5e8dd69c9faf4d8680a9c73c0ef9f4cbc5d,2026-04-26,1,plan-enumerators,cardinality-agnostic,chain,"mutable (single core, DPsizeOpt)",Execution Time,26,10000.0,2
83aaa5e8dd69c9faf4d8680a9c73c0ef9f4cbc5d,2026-04-26,1,plan-enumerators,cardinality-agnostic,chain,"mutable (single core, DPsizeOpt)",Execution Time,27,10000.0,0
83aaa5e8dd69c9faf4d8680a9c73c0ef9f4cbc5d,2026-04-26,1,plan-enumerators,cardinality-agnostic,chain,"mutable (single core, DPsizeOpt)",Execution Time,27,10000.0,1
83aaa5e8dd69c9faf4d8680a9c73c0ef9f4cbc5d,2026-04-26,1,plan-enumerators,cardinality-agnostic,chain,"mutable (single core, DPsizeOpt)",Execution Time,27,10000.0,2
83aaa5e8dd69c9faf4d8680a9c73c0ef9f4cbc5d,2026-04-26,1,plan-enumerators,cardinality-agnostic,chain,"mutable (single core, DPsizeOpt)",Execution Time,28,10000.0,0
83aaa5e8dd69c9faf4d8680a9c73c0ef9f4cbc5d,2026-04-26,1,plan-enumerators,cardinality-agnostic,chain,"mutable (single core, DPsizeOpt)",Execution Time,28,10000.0,1
83aaa5e8dd69c9faf4d8680a9c73c0ef9f4cbc5d,2026-04-26,1,plan-enumerators,cardinality-agnostic,chain,"mutable (single core, DPsizeOpt)",Execution Time,28,10000.0,2
83aaa5e8dd69c9faf4d8680a9c73c0ef9f4cbc5d,2026-04-26,1,plan-enumerators,cardinality-agnostic,chain,"mutable (single core, DPsizeOpt)",Execution Time,29,10000.0,0
83aaa5e8dd69c9faf4d8680a9c73c0ef9f4cbc5d,2026-04-26,1,plan-enumerators,cardinality-agnostic,chain,"mutable (single core, DPsizeOpt)",Execution Time,29,10000.0,1
83aaa5e8dd69c9faf4d8680a9c73c0ef9f4cbc5d,2026-04-26,1,plan-enumerators,cardinality-agnostic,chain,"mutable (single core, DPsizeOpt)",Execution Time,29,10000.0,2
83aaa5e8dd69c9faf4d8680a9c73c0ef9f4cbc5d,2026-04-26,1,plan-enumerators,cardinality-agnostic,chain,"mutable (single core, DPsizeOpt)",Execution Time,30,10000.0,0
83aaa5e8dd69c9faf4d8680a9c73c0ef9f4cbc5d,2026-04-26,1,plan-enumerators,cardinality-agnostic,chain,"mutable (single core, DPsizeOpt)",Execution Time,30,10000.0,1
83aaa5e8dd69c9faf4d8680a9c73c0ef9f4cbc5d,2026-04-26,1,plan-enumerators,cardinality-agnostic,chain,"mutable (single core, DPsizeOpt)",Execution Time,30,10000.0,2
83aaa5e8dd69c9faf4d8680a9c73c0ef9f4cbc5d,2026-04-26,1,plan-enumerators,cardinality-agnostic,chain,"mutable (single core, DPsub)",Execution Time,2,10000.0,0
83aaa5e8dd69c9faf4d8680a9c73c0ef9f4cbc5d,2026-04-26,1,plan-enumerators,cardinality-agnostic,chain,"mutable (single core, DPsub)",Execution Time,2,10000.0,1
83aaa5e8dd69c9faf4d8680a9c73c0ef9f4cbc5d,2026-04-26,1,plan-enumerators,cardinality-agnostic,chain,"mutable (single core, DPsub)",Execution Time,2,10000.0,2
83aaa5e8dd69c9faf4d8680a9c73c0ef9f4cbc5d,2026-04-26,1,plan-enumerators,cardinality-agnostic,chain,"mutable (single core, DPsub)",Execution Time,3,10000.0,0
83aaa5e8dd69c9faf4d8680a9c73c0ef9f4cbc5d,2026-04-26,1,plan-enumerators,cardinality-agnostic,chain,"mutable (single core, DPsub)",Execution Time,3,10000.0,1
83aaa5e8dd69c9faf4d8680a9c73c0ef9f4cbc5d,2026-04-26,1,plan-enumerators,cardinality-agnostic,chain,"mutable (single core, DPsub)",Execution Time,3,10000.0,2
83aaa5e8dd69c9faf4d8680a9c73c0ef9f4cbc5d,2026-04-26,1,plan-enumerators,cardinality-agnostic,chain,"mutable (single core, DPsub)",Execution Time,4,10000.0,0
83aaa5e8dd69c9faf4d8680a9c73c0ef9f4cbc5d,2026-04-26,1,plan-enumerators,cardinality-agnostic,chain,"mutable (single core, DPsub)",Execution Time,4,10000.0,1
83aaa5e8dd69c9faf4d8680a9c73c0ef9f4cbc5d,2026-04-26,1,plan-enumerators,cardinality-agnostic,chain,"mutable (single core, DPsub)",Execution Time,4,10000.0,2
83aaa5e8dd69c9faf4d8680a9c73c0ef9f4cbc5d,2026-04-26,1,plan-enumerators,cardinality-agnostic,chain,"mutable (single core, DPsub)",Execution Time,5,10000.0,0
83aaa5e8dd69c9faf4d8680a9c73c0ef9f4cbc5d,2026-04-26,1,plan-enumerators,cardinality-agnostic,chain,"mutable (single core, DPsub)",Execution Time,5,10000.0,1
83aaa5e8dd69c9faf4d8680a9c73c0ef9f4cbc5d,2026-04-26,1,plan-enumerators,cardinality-agnostic,chain,"mutable (single core, DPsub)",Execution Time,5,10000.0,2
83aaa5e8dd69c9faf4d8680a9c73c0ef9f4cbc5d,2026-04-26,1,plan-enumerators,cardinality-agnostic,chain,"mutable (single core, DPsub)",Execution Time,8,10000.0,0
83aaa5e8dd69c9faf4d8680a9c73c0ef9f4cbc5d,2026-04-26,1,plan-enumerators,cardinality-agnostic,chain,"mutable (single core, DPsub)",Execution Time,8,10000.0,1
83aaa5e8dd69c9faf4d8680a9c73c0ef9f4cbc5d,2026-04-26,1,plan-enumerators,cardinality-agnostic,chain,"mutable (single core, DPsub)",Execution Time,8,10000.0,2
83aaa5e8dd69c9faf4d8680a9c73c0ef9f4cbc5d,2026-04-26,1,plan-enumerators,cardinality-agnostic,chain,"mutable (single core, DPsub)",Execution Time,10,10000.0,0
83aaa5e8dd69c9faf4d8680a9c73c0ef9f4cbc5d,2026-04-26,1,plan-enumerators,cardinality-agnostic,chain,"mutable (single core, DPsub)",Execution Time,10,10000.0,1
83aaa5e8dd69c9faf4d8680a9c73c0ef9f4cbc5d,2026-04-26,1,plan-enumerators,cardinality-agnostic,chain,"mutable (single core, DPsub)",Execution Time,10,10000.0,2
83aaa5e8dd69c9faf4d8680a9c73c0ef9f4cbc5d,2026-04-26,1,plan-enumerators,cardinality-agnostic,chain,"mutable (single core, DPsub)",Execution Time,12,10000.0,0
83aaa5e8dd69c9faf4d8680a9c73c0ef9f4cbc5d,2026-04-26,1,plan-enumerators,cardinality-agnostic,chain,"mutable (single core, DPsub)",Execution Time,12,10000.0,1
83aaa5e8dd69c9faf4d8680a9c73c0ef9f4cbc5d,2026-04-26,1,plan-enumerators,cardinality-agnostic,chain,"mutable (single core, DPsub)",Execution Time,12,10000.0,2
83aaa5e8dd69c9faf4d8680a9c73c0ef9f4cbc5d,2026-04-26,1,plan-enumerators,cardinality-agnostic,chain,"mutable (single core, DPsub)",Execution Time,15,10000.0,0
83aaa5e8dd69c9faf4d8680a9c73c0ef9f4cbc5d,2026-04-26,1,plan-enumerators,cardinality-agnostic,chain,"mutable (single core, DPsub)",Execution Time,15,10000.0,1
83aaa5e8dd69c9faf4d8680a9c73c0ef9f4cbc5d,2026-04-26,1,plan-enumerators,cardinality-agnostic,chain,"mutable (single core, DPsub)",Execution Time,15,10000.0,2
83aaa5e8dd69c9faf4d8680a9c73c0ef9f4cbc5d,2026-04-26,1,plan-enumerators,cardinality-agnostic,chain,"mutable (single core, DPsub)",Execution Time,18,10000.0,0
83aaa5e8dd69c9faf4d8680a9c73c0ef9f4cbc5d,2026-04-26,1,plan-enumerators,cardinality-agnostic,chain,"mutable (single core, DPsub)",Execution Time,18,10000.0,1
83aaa5e8dd69c9faf4d8680a9c73c0ef9f4cbc5d,2026-04-26,1,plan-enumerators,cardinality-agnostic,chain,"mutable (single core, DPsub)",Execution Time,18,10000.0,2
83aaa5e8dd69c9faf4d8680a9c73c0ef9f4cbc5d,2026-04-26,1,plan-enumerators,cardinality-agnostic,chain,"mutable (single core, DPsub)",Execution Time,20,10000.0,0
83aaa5e8dd69c9faf4d8680a9c73c0ef9f4cbc5d,2026-04-26,1,plan-enumerators,cardinality-agnostic,chain,"mutable (single core, DPsub)",Execution Time,20,10000.0,1
83aaa5e8dd69c9faf4d8680a9c73c0ef9f4cbc5d,2026-04-26,1,plan-enumerators,cardinality-agnostic,chain,"mutable (single core, DPsub)",Execution Time,20,10000.0,2
83aaa5e8dd69c9faf4d8680a9c73c0ef9f4cbc5d,2026-04-26,1,plan-enumerators,cardinality-agnostic,chain,"mutable (single core, DPsub)",Execution Time,21,10000.0,0
83aaa5e8dd69c9faf4d8680a9c73c0ef9f4cbc5d,2026-04-26,1,plan-enumerators,cardinality-agnostic,chain,"mutable (single core, DPsub)",Execution Time,21,10000.0,1
83aaa5e8dd69c9faf4d8680a9c73c0ef9f4cbc5d,2026-04-26,1,plan-enumerators,cardinality-agnostic,chain,"mutable (single core, DPsub)",Execution Time,21,10000.0,2
83aaa5e8dd69c9faf4d8680a9c73c0ef9f4cbc5d,2026-04-26,1,plan-enumerators,cardinality-agnostic,chain,"mutable (single core, DPsub)",Execution Time,22,10000.0,0
83aaa5e8dd69c9faf4d8680a9c73c0ef9f4cbc5d,2026-04-26,1,plan-enumerators,cardinality-agnostic,chain,"mutable (single core, DPsub)",Execution Time,22,10000.0,1
83aaa5e8dd69c9faf4d8680a9c73c0ef9f4cbc5d,2026-04-26,1,plan-enumerators,cardinality-agnostic,chain,"mutable (single core, DPsub)",Execution Time,22,10000.0,2
83aaa5e8dd69c9faf4d8680a9c73c0ef9f4cbc5d,2026-04-26,1,plan-enumerators,cardinality-agnostic,chain,"mutable (single core, DPsub)",Execution Time,23,10000.0,0
83aaa5e8dd69c9faf4d8680a9c73c0ef9f4cbc5d,2026-04-26,1,plan-enumerators,cardinality-agnostic,chain,"mutable (single core, DPsub)",Execution Time,23,10000.0,1
83aaa5e8dd69c9faf4d8680a9c73c0ef9f4cbc5d,2026-04-26,1,plan-enumerators,cardinality-agnostic,chain,"mutable (single core, DPsub)",Execution Time,23,10000.0,2
83aaa5e8dd69c9faf4d8680a9c73c0ef9f4cbc5d,2026-04-26,1,plan-enumerators,cardinality-agnostic,chain,"mutable (single core, DPsub)",Execution Time,24,10000.0,0
83aaa5e8dd69c9faf4d8680a9c73c0ef9f4cbc5d,2026-04-26,1,plan-enumerators,cardinality-agnostic,chain,"mutable (single core, DPsub)",Execution Time,24,10000.0,1
83aaa5e8dd69c9faf4d8680a9c73c0ef9f4cbc5d,2026-04-26,1,plan-enumerators,cardinality-agnostic,chain,"mutable (single core, DPsub)",Execution Time,24,10000.0,2
83aaa5e8dd69c9faf4d8680a9c73c0ef9f4cbc5d,2026-04-26,1,plan-enumerators,cardinality-agnostic,chain,"mutable (single core, DPsub)",Execution Time,25,10000.0,0
83aaa5e8dd69c9faf4d8680a9c73c0ef9f4cbc5d,2026-04-26,1,plan-enumerators,cardinality-agnostic,chain,"mutable (single core, DPsub)",Execution Time,25,10000.0,1
83aaa5e8dd69c9faf4d8680a9c73c0ef9f4cbc5d,2026-04-26,1,plan-enumerators,cardinality-agnostic,chain,"mutable (single core, DPsub)",Execution Time,25,10000.0,2
83aaa5e8dd69c9faf4d8680a9c73c0ef9f4cbc5d,2026-04-26,1,plan-enumerators,cardinality-agnostic,chain,"mutable (single core, DPsub)",Execution Time,26,10000.0,0
83aaa5e8dd69c9faf4d8680a9c73c0ef9f4cbc5d,2026-04-26,1,plan-enumerators,cardinality-agnostic,chain,"mutable (single core, DPsub)",Execution Time,26,10000.0,1
83aaa5e8dd69c9faf4d8680a9c73c0ef9f4cbc5d,2026-04-26,1,plan-enumerators,cardinality-agnostic,chain,"mutable (single core, DPsub)",Execution Time,26,10000.0,2
83aaa5e8dd69c9faf4d8680a9c73c0ef9f4cbc5d,2026-04-26,1,plan-enumerators,cardinality-agnostic,chain,"mutable (single core, DPsub)",Execution Time,27,10000.0,0
83aaa5e8dd69c9faf4d8680a9c73c0ef9f4cbc5d,2026-04-26,1,plan-enumerators,cardinality-agnostic,chain,"mutable (single core, DPsub)",Execution Time,27,10000.0,1
83aaa5e8dd69c9faf4d8680a9c73c0ef9f4cbc5d,2026-04-26,1,plan-enumerators,cardinality-agnostic,chain,"mutable (single core, DPsub)",Execution Time,27,10000.0,2
83aaa5e8dd69c9faf4d8680a9c73c0ef9f4cbc5d,2026-04-26,1,plan-enumerators,cardinality-agnostic,chain,"mutable (single core, DPsub)",Execution Time,28,10000.0,0
83aaa5e8dd69c9faf4d8680a9c73c0ef9f4cbc5d,2026-04-26,1,plan-enumerators,cardinality-agnostic,chain,"mutable (single core, DPsub)",Execution Time,28,10000.0,1
83aaa5e8dd69c9faf4d8680a9c73c0ef9f4cbc5d,2026-04-26,1,plan-enumerators,cardinality-agnostic,chain,"mutable (single core, DPsub)",Execution Time,28,10000.0,2
83aaa5e8dd69c9faf4d8680a9c73c0ef9f4cbc5d,2026-04-26,1,plan-enumerators,cardinality-agnostic,chain,"mutable (single core, DPsub)",Execution Time,29,10000.0,0
83aaa5e8dd69c9faf4d8680a9c73c0ef9f4cbc5d,2026-04-26,1,plan-enumerators,cardinality-agnostic,chain,"mutable (single core, DPsub)",Execution Time,29,10000.0,1
83aaa5e8dd69c9faf4d8680a9c73c0ef9f4cbc5d,2026-04-26,1,plan-enumerators,cardinality-agnostic,chain,"mutable (single core, DPsub)",Execution Time,29,10000.0,2
83aaa5e8dd69c9faf4d8680a9c73c0ef9f4cbc5d,2026-04-26,1,plan-enumerators,cardinality-agnostic,chain,"mutable (single core, DPsub)",Execution Time,30,10000.0,0
83aaa5e8dd69c9faf4d8680a9c73c0ef9f4cbc5d,2026-04-26,1,plan-enumerators,cardinality-agnostic,chain,"mutable (single core, DPsub)",Execution Time,30,10000.0,1
83aaa5e8dd69c9faf4d8680a9c73c0ef9f4cbc5d,2026-04-26,1,plan-enumerators,cardinality-agnostic,chain,"mutable (single core, DPsub)",Execution Time,30,10000.0,2
83aaa5e8dd69c9faf4d8680a9c73c0ef9f4cbc5d,2026-04-26,1,plan-enumerators,cardinality-agnostic,chain,"mutable (single core, DPsubOpt)",Execution Time,2,0.13,0
83aaa5e8dd69c9faf4d8680a9c73c0ef9f4cbc5d,2026-04-26,1,plan-enumerators,cardinality-agnostic,chain,"mutable (single core, DPsubOpt)",Execution Time,2,0.064,1
83aaa5e8dd69c9faf4d8680a9c73c0ef9f4cbc5d,2026-04-26,1,plan-enumerators,cardinality-agnostic,chain,"mutable (single core, DPsubOpt)",Execution Time,2,0.05,2
83aaa5e8dd69c9faf4d8680a9c73c0ef9f4cbc5d,2026-04-26,1,plan-enumerators,cardinality-agnostic,chain,"mutable (single core, DPsubOpt)",Execution Time,3,0.081,0
83aaa5e8dd69c9faf4d8680a9c73c0ef9f4cbc5d,2026-04-26,1,plan-enumerators,cardinality-agnostic,chain,"mutable (single core, DPsubOpt)",Execution Time,3,0.068,1
83aaa5e8dd69c9faf4d8680a9c73c0ef9f4cbc5d,2026-04-26,1,plan-enumerators,cardinality-agnostic,chain,"mutable (single core, DPsubOpt)",Execution Time,3,0.074,2
83aaa5e8dd69c9faf4d8680a9c73c0ef9f4cbc5d,2026-04-26,1,plan-enumerators,cardinality-agnostic,chain,"mutable (single core, DPsubOpt)",Execution Time,4,0.105,0
83aaa5e8dd69c9faf4d8680a9c73c0ef9f4cbc5d,2026-04-26,1,plan-enumerators,cardinality-agnostic,chain,"mutable (single core, DPsubOpt)",Execution Time,4,0.11,1
83aaa5e8dd69c9faf4d8680a9c73c0ef9f4cbc5d,2026-04-26,1,plan-enumerators,cardinality-agnostic,chain,"mutable (single core, DPsubOpt)",Execution Time,4,0.085,2
83aaa5e8dd69c9faf4d8680a9c73c0ef9f4cbc5d,2026-04-26,1,plan-enumerators,cardinality-agnostic,chain,"mutable (single core, DPsubOpt)",Execution Time,5,0.124,0
83aaa5e8dd69c9faf4d8680a9c73c0ef9f4cbc5d,2026-04-26,1,plan-enumerators,cardinality-agnostic,chain,"mutable (single core, DPsubOpt)",Execution Time,5,0.122,1
83aaa5e8dd69c9faf4d8680a9c73c0ef9f4cbc5d,2026-04-26,1,plan-enumerators,cardinality-agnostic,chain,"mutable (single core, DPsubOpt)",Execution Time,5,0.218,2
83aaa5e8dd69c9faf4d8680a9c73c0ef9f4cbc5d,2026-04-26,1,plan-enumerators,cardinality-agnostic,chain,"mutable (single core, DPsubOpt)",Execution Time,8,0.336,0
83aaa5e8dd69c9faf4d8680a9c73c0ef9f4cbc5d,2026-04-26,1,plan-enumerators,cardinality-agnostic,chain,"mutable (single core, DPsubOpt)",Execution Time,8,0.257,1
83aaa5e8dd69c9faf4d8680a9c73c0ef9f4cbc5d,2026-04-26,1,plan-enumerators,cardinality-agnostic,chain,"mutable (single core, DPsubOpt)",Execution Time,8,0.227,2
83aaa5e8dd69c9faf4d8680a9c73c0ef9f4cbc5d,2026-04-26,1,plan-enumerators,cardinality-agnostic,chain,"mutable (single core, DPsubOpt)",Execution Time,10,0.433,0
83aaa5e8dd69c9faf4d8680a9c73c0ef9f4cbc5d,2026-04-26,1,plan-enumerators,cardinality-agnostic,chain,"mutable (single core, DPsubOpt)",Execution Time,10,0.345,1
83aaa5e8dd69c9faf4d8680a9c73c0ef9f4cbc5d,2026-04-26,1,plan-enumerators,cardinality-agnostic,chain,"mutable (single core, DPsubOpt)",Execution Time,10,0.369,2
83aaa5e8dd69c9faf4d8680a9c73c0ef9f4cbc5d,2026-04-26,1,plan-enumerators,cardinality-agnostic,chain,"mutable (single core, DPsubOpt)",Execution Time,12,0.535,0
83aaa5e8dd69c9faf4d8680a9c73c0ef9f4cbc5d,2026-04-26,1,plan-enumerators,cardinality-agnostic,chain,"mutable (single core, DPsubOpt)",Execution Time,12,0.72,1
83aaa5e8dd69c9faf4d8680a9c73c0ef9f4cbc5d,2026-04-26,1,plan-enumerators,cardinality-agnostic,chain,"mutable (single core, DPsubOpt)",Execution Time,12,0.536,2
83aaa5e8dd69c9faf4d8680a9c73c0ef9f4cbc5d,2026-04-26,1,plan-enumerators,cardinality-agnostic,chain,"mutable (single core, DPsubOpt)",Execution Time,15,1.729,0
83aaa5e8dd69c9faf4d8680a9c73c0ef9f4cbc5d,2026-04-26,1,plan-enumerators,cardinality-agnostic,chain,"mutable (single core, DPsubOpt)",Execution Time,15,1.791,1
83aaa5e8dd69c9faf4d8680a9c73c0ef9f4cbc5d,2026-04-26,1,plan-enumerators,cardinality-agnostic,chain,"mutable (single core, DPsubOpt)",Execution Time,15,1.932,2
83aaa5e8dd69c9faf4d8680a9c73c0ef9f4cbc5d,2026-04-26,1,plan-enumerators,cardinality-agnostic,chain,"mutable (single core, DPsubOpt)",Execution Time,18,16.279,0
83aaa5e8dd69c9faf4d8680a9c73c0ef9f4cbc5d,2026-04-26,1,plan-enumerators,cardinality-agnostic,chain,"mutable (single core, DPsubOpt)",Execution Time,18,16.159,1
83aaa5e8dd69c9faf4d8680a9c73c0ef9f4cbc5d,2026-04-26,1,plan-enumerators,cardinality-agnostic,chain,"mutable (single core, DPsubOpt)",Execution Time,18,16.259,2
83aaa5e8dd69c9faf4d8680a9c73c0ef9f4cbc5d,2026-04-26,1,plan-enumerators,cardinality-agnostic,chain,"mutable (single core, DPsubOpt)",Execution Time,20,61.531,0
83aaa5e8dd69c9faf4d8680a9c73c0ef9f4cbc5d,2026-04-26,1,plan-enumerators,cardinality-agnostic,chain,"mutable (single core, DPsubOpt)",Execution Time,20,60.633,1
83aaa5e8dd69c9faf4d8680a9c73c0ef9f4cbc5d,2026-04-26,1,plan-enumerators,cardinality-agnostic,chain,"mutable (single core, DPsubOpt)",Execution Time,20,60.35,2
83aaa5e8dd69c9faf4d8680a9c73c0ef9f4cbc5d,2026-04-26,1,plan-enumerators,cardinality-agnostic,chain,"mutable (single core, DPsubOpt)",Execution Time,21,120.842,0
83aaa5e8dd69c9faf4d8680a9c73c0ef9f4cbc5d,2026-04-26,1,plan-enumerators,cardinality-agnostic,chain,"mutable (single core, DPsubOpt)",Execution Time,21,119.975,1
83aaa5e8dd69c9faf4d8680a9c73c0ef9f4cbc5d,2026-04-26,1,plan-enumerators,cardinality-agnostic,chain,"mutable (single core, DPsubOpt)",Execution Time,21,119.599,2
83aaa5e8dd69c9faf4d8680a9c73c0ef9f4cbc5d,2026-04-26,1,plan-enumerators,cardinality-agnostic,chain,"mutable (single core, DPsubOpt)",Execution Time,22,239.628,0
83aaa5e8dd69c9faf4d8680a9c73c0ef9f4cbc5d,2026-04-26,1,plan-enumerators,cardinality-agnostic,chain,"mutable (single core, DPsubOpt)",Execution Time,22,238.734,1
83aaa5e8dd69c9faf4d8680a9c73c0ef9f4cbc5d,2026-04-26,1,plan-enumerators,cardinality-agnostic,chain,"mutable (single core, DPsubOpt)",Execution Time,22,240.705,2
83aaa5e8dd69c9faf4d8680a9c73c0ef9f4cbc5d,2026-04-26,1,plan-enumerators,cardinality-agnostic,chain,"mutable (single core, DPsubOpt)",Execution Time,23,471.918,0
83aaa5e8dd69c9faf4d8680a9c73c0ef9f4cbc5d,2026-04-26,1,plan-enumerators,cardinality-agnostic,chain,"mutable (single core, DPsubOpt)",Execution Time,23,471.366,1
83aaa5e8dd69c9faf4d8680a9c73c0ef9f4cbc5d,2026-04-26,1,plan-enumerators,cardinality-agnostic,chain,"mutable (single core, DPsubOpt)",Execution Time,23,471.522,2
83aaa5e8dd69c9faf4d8680a9c73c0ef9f4cbc5d,2026-04-26,1,plan-enumerators,cardinality-agnostic,chain,"mutable (single core, DPsubOpt)",Execution Time,24,952.159,0
83aaa5e8dd69c9faf4d8680a9c73c0ef9f4cbc5d,2026-04-26,1,plan-enumerators,cardinality-agnostic,chain,"mutable (single core, DPsubOpt)",Execution Time,24,943.694,1
83aaa5e8dd69c9faf4d8680a9c73c0ef9f4cbc5d,2026-04-26,1,plan-enumerators,cardinality-agnostic,chain,"mutable (single core, DPsubOpt)",Execution Time,24,937.844,2
83aaa5e8dd69c9faf4d8680a9c73c0ef9f4cbc5d,2026-04-26,1,plan-enumerators,cardinality-agnostic,chain,"mutable (single core, DPsubOpt)",Execution Time,25,1931.39,0
83aaa5e8dd69c9faf4d8680a9c73c0ef9f4cbc5d,2026-04-26,1,plan-enumerators,cardinality-agnostic,chain,"mutable (single core, DPsubOpt)",Execution Time,25,1895.32,1
83aaa5e8dd69c9faf4d8680a9c73c0ef9f4cbc5d,2026-04-26,1,plan-enumerators,cardinality-agnostic,chain,"mutable (single core, DPsubOpt)",Execution Time,25,1907.46,2
83aaa5e8dd69c9faf4d8680a9c73c0ef9f4cbc5d,2026-04-26,1,plan-enumerators,cardinality-agnostic,chain,"mutable (single core, DPsubOpt)",Execution Time,26,3777.46,0
83aaa5e8dd69c9faf4d8680a9c73c0ef9f4cbc5d,2026-04-26,1,plan-enumerators,cardinality-agnostic,chain,"mutable (single core, DPsubOpt)",Execution Time,26,3770.15,1
83aaa5e8dd69c9faf4d8680a9c73c0ef9f4cbc5d,2026-04-26,1,plan-enumerators,cardinality-agnostic,chain,"mutable (single core, DPsubOpt)",Execution Time,26,3749.09,2
83aaa5e8dd69c9faf4d8680a9c73c0ef9f4cbc5d,2026-04-26,1,plan-enumerators,cardinality-agnostic,chain,"mutable (single core, DPsubOpt)",Execution Time,27,7544.64,0
83aaa5e8dd69c9faf4d8680a9c73c0ef9f4cbc5d,2026-04-26,1,plan-enumerators,cardinality-agnostic,chain,"mutable (single core, DPsubOpt)",Execution Time,27,7469.9,1
83aaa5e8dd69c9faf4d8680a9c73c0ef9f4cbc5d,2026-04-26,1,plan-enumerators,cardinality-agnostic,chain,"mutable (single core, DPsubOpt)",Execution Time,27,7461.99,2
83aaa5e8dd69c9faf4d8680a9c73c0ef9f4cbc5d,2026-04-26,1,plan-enumerators,cardinality-agnostic,chain,"mutable (single core, DPsubOpt)",Execution Time,28,15144.7,0
83aaa5e8dd69c9faf4d8680a9c73c0ef9f4cbc5d,2026-04-26,1,plan-enumerators,cardinality-agnostic,chain,"mutable (single core, DPsubOpt)",Execution Time,28,15127.0,1
83aaa5e8dd69c9faf4d8680a9c73c0ef9f4cbc5d,2026-04-26,1,plan-enumerators,cardinality-agnostic,chain,"mutable (single core, DPsubOpt)",Execution Time,28,15228.0,2
83aaa5e8dd69c9faf4d8680a9c73c0ef9f4cbc5d,2026-04-26,1,plan-enumerators,cardinality-agnostic,chain,"mutable (single core, DPsubOpt)",Execution Time,29,29975.5,0
83aaa5e8dd69c9faf4d8680a9c73c0ef9f4cbc5d,2026-04-26,1,plan-enumerators,cardinality-agnostic,chain,"mutable (single core, DPsubOpt)",Execution Time,29,30007.6,1
83aaa5e8dd69c9faf4d8680a9c73c0ef9f4cbc5d,2026-04-26,1,plan-enumerators,cardinality-agnostic,chain,"mutable (single core, DPsubOpt)",Execution Time,29,30013.7,2
83aaa5e8dd69c9faf4d8680a9c73c0ef9f4cbc5d,2026-04-26,1,plan-enumerators,cardinality-agnostic,chain,"mutable (single core, DPsubOpt)",Execution Time,30,59984.9,0
83aaa5e8dd69c9faf4d8680a9c73c0ef9f4cbc5d,2026-04-26,1,plan-enumerators,cardinality-agnostic,chain,"mutable (single core, DPsubOpt)",Execution Time,30,60228.9,1
83aaa5e8dd69c9faf4d8680a9c73c0ef9f4cbc5d,2026-04-26,1,plan-enumerators,cardinality-agnostic,chain,"mutable (single core, DPsubOpt)",Execution Time,30,60316.3,2
83aaa5e8dd69c9faf4d8680a9c73c0ef9f4cbc5d,2026-04-26,1,plan-enumerators,cardinality-agnostic,chain,"mutable (single core, DPsizeSub)",Execution Time,2,10000.0,0
83aaa5e8dd69c9faf4d8680a9c73c0ef9f4cbc5d,2026-04-26,1,plan-enumerators,cardinality-agnostic,chain,"mutable (single core, DPsizeSub)",Execution Time,2,10000.0,1
83aaa5e8dd69c9faf4d8680a9c73c0ef9f4cbc5d,2026-04-26,1,plan-enumerators,cardinality-agnostic,chain,"mutable (single core, DPsizeSub)",Execution Time,2,10000.0,2
83aaa5e8dd69c9faf4d8680a9c73c0ef9f4cbc5d,2026-04-26,1,plan-enumerators,cardinality-agnostic,chain,"mutable (single core, DPsizeSub)",Execution Time,3,10000.0,0
83aaa5e8dd69c9faf4d8680a9c73c0ef9f4cbc5d,2026-04-26,1,plan-enumerators,cardinality-agnostic,chain,"mutable (single core, DPsizeSub)",Execution Time,3,10000.0,1
83aaa5e8dd69c9faf4d8680a9c73c0ef9f4cbc5d,2026-04-26,1,plan-enumerators,cardinality-agnostic,chain,"mutable (single core, DPsizeSub)",Execution Time,3,10000.0,2
83aaa5e8dd69c9faf4d8680a9c73c0ef9f4cbc5d,2026-04-26,1,plan-enumerators,cardinality-agnostic,chain,"mutable (single core, DPsizeSub)",Execution Time,4,10000.0,0
83aaa5e8dd69c9faf4d8680a9c73c0ef9f4cbc5d,2026-04-26,1,plan-enumerators,cardinality-agnostic,chain,"mutable (single core, DPsizeSub)",Execution Time,4,10000.0,1
83aaa5e8dd69c9faf4d8680a9c73c0ef9f4cbc5d,2026-04-26,1,plan-enumerators,cardinality-agnostic,chain,"mutable (single core, DPsizeSub)",Execution Time,4,10000.0,2
83aaa5e8dd69c9faf4d8680a9c73c0ef9f4cbc5d,2026-04-26,1,plan-enumerators,cardinality-agnostic,chain,"mutable (single core, DPsizeSub)",Execution Time,5,10000.0,0
83aaa5e8dd69c9faf4d8680a9c73c0ef9f4cbc5d,2026-04-26,1,plan-enumerators,cardinality-agnostic,chain,"mutable (single core, DPsizeSub)",Execution Time,5,10000.0,1
83aaa5e8dd69c9faf4d8680a9c73c0ef9f4cbc5d,2026-04-26,1,plan-enumerators,cardinality-agnostic,chain,"mutable (single core, DPsizeSub)",Execution Time,5,10000.0,2
83aaa5e8dd69c9faf4d8680a9c73c0ef9f4cbc5d,2026-04-26,1,plan-enumerators,cardinality-agnostic,chain,"mutable (single core, DPsizeSub)",Execution Time,8,10000.0,0
83aaa5e8dd69c9faf4d8680a9c73c0ef9f4cbc5d,2026-04-26,1,plan-enumerators,cardinality-agnostic,chain,"mutable (single core, DPsizeSub)",Execution Time,8,10000.0,1
83aaa5e8dd69c9faf4d8680a9c73c0ef9f4cbc5d,2026-04-26,1,plan-enumerators,cardinality-agnostic,chain,"mutable (single core, DPsizeSub)",Execution Time,8,10000.0,2
83aaa5e8dd69c9faf4d8680a9c73c0ef9f4cbc5d,2026-04-26,1,plan-enumerators,cardinality-agnostic,chain,"mutable (single core, DPsizeSub)",Execution Time,10,10000.0,0
83aaa5e8dd69c9faf4d8680a9c73c0ef9f4cbc5d,2026-04-26,1,plan-enumerators,cardinality-agnostic,chain,"mutable (single core, DPsizeSub)",Execution Time,10,10000.0,1
83aaa5e8dd69c9faf4d8680a9c73c0ef9f4cbc5d,2026-04-26,1,plan-enumerators,cardinality-agnostic,chain,"mutable (single core, DPsizeSub)",Execution Time,10,10000.0,2
83aaa5e8dd69c9faf4d8680a9c73c0ef9f4cbc5d,2026-04-26,1,plan-enumerators,cardinality-agnostic,chain,"mutable (single core, DPsizeSub)",Execution Time,12,10000.0,0
83aaa5e8dd69c9faf4d8680a9c73c0ef9f4cbc5d,2026-04-26,1,plan-enumerators,cardinality-agnostic,chain,"mutable (single core, DPsizeSub)",Execution Time,12,10000.0,1
83aaa5e8dd69c9faf4d8680a9c73c0ef9f4cbc5d,2026-04-26,1,plan-enumerators,cardinality-agnostic,chain,"mutable (single core, DPsizeSub)",Execution Time,12,10000.0,2
83aaa5e8dd69c9faf4d8680a9c73c0ef9f4cbc5d,2026-04-26,1,plan-enumerators,cardinality-agnostic,chain,"mutable (single core, DPsizeSub)",Execution Time,15,10000.0,0
83aaa5e8dd69c9faf4d8680a9c73c0ef9f4cbc5d,2026-04-26,1,plan-enumerators,cardinality-agnostic,chain,"mutable (single core, DPsizeSub)",Execution Time,15,10000.0,1
83aaa5e8dd69c9faf4d8680a9c73c0ef9f4cbc5d,2026-04-26,1,plan-enumerators,cardinality-agnostic,chain,"mutable (single core, DPsizeSub)",Execution Time,15,10000.0,2
83aaa5e8dd69c9faf4d8680a9c73c0ef9f4cbc5d,2026-04-26,1,plan-enumerators,cardinality-agnostic,chain,"mutable (single core, DPsizeSub)",Execution Time,18,10000.0,0
83aaa5e8dd69c9faf4d8680a9c73c0ef9f4cbc5d,2026-04-26,1,plan-enumerators,cardinality-agnostic,chain,"mutable (single core, DPsizeSub)",Execution Time,18,10000.0,1
83aaa5e8dd69c9faf4d8680a9c73c0ef9f4cbc5d,2026-04-26,1,plan-enumerators,cardinality-agnostic,chain,"mutable (single core, DPsizeSub)",Execution Time,18,10000.0,2
83aaa5e8dd69c9faf4d8680a9c73c0ef9f4cbc5d,2026-04-26,1,plan-enumerators,cardinality-agnostic,chain,"mutable (single core, DPsizeSub)",Execution Time,20,10000.0,0
83aaa5e8dd69c9faf4d8680a9c73c0ef9f4cbc5d,2026-04-26,1,plan-enumerators,cardinality-agnostic,chain,"mutable (single core, DPsizeSub)",Execution Time,20,10000.0,1
83aaa5e8dd69c9faf4d8680a9c73c0ef9f4cbc5d,2026-04-26,1,plan-enumerators,cardinality-agnostic,chain,"mutable (single core, DPsizeSub)",Execution Time,20,10000.0,2
83aaa5e8dd69c9faf4d8680a9c73c0ef9f4cbc5d,2026-04-26,1,plan-enumerators,cardinality-agnostic,chain,"mutable (single core, DPsizeSub)",Execution Time,21,10000.0,0
83aaa5e8dd69c9faf4d8680a9c73c0ef9f4cbc5d,2026-04-26,1,plan-enumerators,cardinality-agnostic,chain,"mutable (single core, DPsizeSub)",Execution Time,21,10000.0,1
83aaa5e8dd69c9faf4d8680a9c73c0ef9f4cbc5d,2026-04-26,1,plan-enumerators,cardinality-agnostic,chain,"mutable (single core, DPsizeSub)",Execution Time,21,10000.0,2
83aaa5e8dd69c9faf4d8680a9c73c0ef9f4cbc5d,2026-04-26,1,plan-enumerators,cardinality-agnostic,chain,"mutable (single core, DPsizeSub)",Execution Time,22,10000.0,0
83aaa5e8dd69c9faf4d8680a9c73c0ef9f4cbc5d,2026-04-26,1,plan-enumerators,cardinality-agnostic,chain,"mutable (single core, DPsizeSub)",Execution Time,22,10000.0,1
83aaa5e8dd69c9faf4d8680a9c73c0ef9f4cbc5d,2026-04-26,1,plan-enumerators,cardinality-agnostic,chain,"mutable (single core, DPsizeSub)",Execution Time,22,10000.0,2
83aaa5e8dd69c9faf4d8680a9c73c0ef9f4cbc5d,2026-04-26,1,plan-enumerators,cardinality-agnostic,chain,"mutable (single core, DPsizeSub)",Execution Time,23,10000.0,0
83aaa5e8dd69c9faf4d8680a9c73c0ef9f4cbc5d,2026-04-26,1,plan-enumerators,cardinality-agnostic,chain,"mutable (single core, DPsizeSub)",Execution Time,23,10000.0,1
83aaa5e8dd69c9faf4d8680a9c73c0ef9f4cbc5d,2026-04-26,1,plan-enumerators,cardinality-agnostic,chain,"mutable (single core, DPsizeSub)",Execution Time,23,10000.0,2
83aaa5e8dd69c9faf4d8680a9c73c0ef9f4cbc5d,2026-04-26,1,plan-enumerators,cardinality-agnostic,chain,"mutable (single core, DPsizeSub)",Execution Time,24,10000.0,0
83aaa5e8dd69c9faf4d8680a9c73c0ef9f4cbc5d,2026-04-26,1,plan-enumerators,cardinality-agnostic,chain,"mutable (single core, DPsizeSub)",Execution Time,24,10000.0,1
83aaa5e8dd69c9faf4d8680a9c73c0ef9f4cbc5d,2026-04-26,1,plan-enumerators,cardinality-agnostic,chain,"mutable (single core, DPsizeSub)",Execution Time,24,10000.0,2
83aaa5e8dd69c9faf4d8680a9c73c0ef9f4cbc5d,2026-04-26,1,plan-enumerators,cardinality-agnostic,chain,"mutable (single core, DPsizeSub)",Execution Time,25,10000.0,0
83aaa5e8dd69c9faf4d8680a9c73c0ef9f4cbc5d,2026-04-26,1,plan-enumerators,cardinality-agnostic,chain,"mutable (single core, DPsizeSub)",Execution Time,25,10000.0,1
83aaa5e8dd69c9faf4d8680a9c73c0ef9f4cbc5d,2026-04-26,1,plan-enumerators,cardinality-agnostic,chain,"mutable (single core, DPsizeSub)",Execution Time,25,10000.0,2
83aaa5e8dd69c9faf4d8680a9c73c0ef9f4cbc5d,2026-04-26,1,plan-enumerators,cardinality-agnostic,chain,"mutable (single core, DPsizeSub)",Execution Time,26,10000.0,0
83aaa5e8dd69c9faf4d8680a9c73c0ef9f4cbc5d,2026-04-26,1,plan-enumerators,cardinality-agnostic,chain,"mutable (single core, DPsizeSub)",Execution Time,26,10000.0,1
83aaa5e8dd69c9faf4d8680a9c73c0ef9f4cbc5d,2026-04-26,1,plan-enumerators,cardinality-agnostic,chain,"mutable (single core, DPsizeSub)",Execution Time,26,10000.0,2
83aaa5e8dd69c9faf4d8680a9c73c0ef9f4cbc5d,2026-04-26,1,plan-enumerators,cardinality-agnostic,chain,"mutable (single core, DPsizeSub)",Execution Time,27,10000.0,0
83aaa5e8dd69c9faf4d8680a9c73c0ef9f4cbc5d,2026-04-26,1,plan-enumerators,cardinality-agnostic,chain,"mutable (single core, DPsizeSub)",Execution Time,27,10000.0,1
83aaa5e8dd69c9faf4d8680a9c73c0ef9f4cbc5d,2026-04-26,1,plan-enumerators,cardinality-agnostic,chain,"mutable (single core, DPsizeSub)",Execution Time,27,10000.0,2
83aaa5e8dd69c9faf4d8680a9c73c0ef9f4cbc5d,2026-04-26,1,plan-enumerators,cardinality-agnostic,chain,"mutable (single core, DPsizeSub)",Execution Time,28,10000.0,0
83aaa5e8dd69c9faf4d8680a9c73c0ef9f4cbc5d,2026-04-26,1,plan-enumerators,cardinality-agnostic,chain,"mutable (single core, DPsizeSub)",Execution Time,28,10000.0,1
83aaa5e8dd69c9faf4d8680a9c73c0ef9f4cbc5d,2026-04-26,1,plan-enumerators,cardinality-agnostic,chain,"mutable (single core, DPsizeSub)",Execution Time,28,10000.0,2
83aaa5e8dd69c9faf4d8680a9c73c0ef9f4cbc5d,2026-04-26,1,plan-enumerators,cardinality-agnostic,chain,"mutable (single core, DPsizeSub)",Execution Time,29,10000.0,0
83aaa5e8dd69c9faf4d8680a9c73c0ef9f4cbc5d,2026-04-26,1,plan-enumerators,cardinality-agnostic,chain,"mutable (single core, DPsizeSub)",Execution Time,29,10000.0,1
83aaa5e8dd69c9faf4d8680a9c73c0ef9f4cbc5d,2026-04-26,1,plan-enumerators,cardinality-agnostic,chain,"mutable (single core, DPsizeSub)",Execution Time,29,10000.0,2
83aaa5e8dd69c9faf4d8680a9c73c0ef9f4cbc5d,2026-04-26,1,plan-enumerators,cardinality-agnostic,chain,"mutable (single core, DPsizeSub)",Execution Time,30,10000.0,0
83aaa5e8dd69c9faf4d8680a9c73c0ef9f4cbc5d,2026-04-26,1,plan-enumerators,cardinality-agnostic,chain,"mutable (single core, DPsizeSub)",Execution Time,30,10000.0,1
83aaa5e8dd69c9faf4d8680a9c73c0ef9f4cbc5d,2026-04-26,1,plan-enumerators,cardinality-agnostic,chain,"mutable (single core, DPsizeSub)",Execution Time,30,10000.0,2
83aaa5e8dd69c9faf4d8680a9c73c0ef9f4cbc5d,2026-04-26,1,plan-enumerators,cardinality-agnostic,chain,"mutable (single core, TDbasic)",Execution Time,2,0.138,0
83aaa5e8dd69c9faf4d8680a9c73c0ef9f4cbc5d,2026-04-26,1,plan-enumerators,cardinality-agnostic,chain,"mutable (single core, TDbasic)",Execution Time,2,0.061,1
83aaa5e8dd69c9faf4d8680a9c73c0ef9f4cbc5d,2026-04-26,1,plan-enumerators,cardinality-agnostic,chain,"mutable (single core, TDbasic)",Execution Time,2,0.068,2
83aaa5e8dd69c9faf4d8680a9c73c0ef9f4cbc5d,2026-04-26,1,plan-enumerators,cardinality-agnostic,chain,"mutable (single core, TDbasic)",Execution Time,3,0.116,0
83aaa5e8dd69c9faf4d8680a9c73c0ef9f4cbc5d,2026-04-26,1,plan-enumerators,cardinality-agnostic,chain,"mutable (single core, TDbasic)",Execution Time,3,0.07,1
83aaa5e8dd69c9faf4d8680a9c73c0ef9f4cbc5d,2026-04-26,1,plan-enumerators,cardinality-agnostic,chain,"mutable (single core, TDbasic)",Execution Time,3,0.097,2
83aaa5e8dd69c9faf4d8680a9c73c0ef9f4cbc5d,2026-04-26,1,plan-enumerators,cardinality-agnostic,chain,"mutable (single core, TDbasic)",Execution Time,4,0.105,0
83aaa5e8dd69c9faf4d8680a9c73c0ef9f4cbc5d,2026-04-26,1,plan-enumerators,cardinality-agnostic,chain,"mutable (single core, TDbasic)",Execution Time,4,0.099,1
83aaa5e8dd69c9faf4d8680a9c73c0ef9f4cbc5d,2026-04-26,1,plan-enumerators,cardinality-agnostic,chain,"mutable (single core, TDbasic)",Execution Time,4,0.099,2
83aaa5e8dd69c9faf4d8680a9c73c0ef9f4cbc5d,2026-04-26,1,plan-enumerators,cardinality-agnostic,chain,"mutable (single core, TDbasic)",Execution Time,5,0.154,0
83aaa5e8dd69c9faf4d8680a9c73c0ef9f4cbc5d,2026-04-26,1,plan-enumerators,cardinality-agnostic,chain,"mutable (single core, TDbasic)",Execution Time,5,0.114,1
83aaa5e8dd69c9faf4d8680a9c73c0ef9f4cbc5d,2026-04-26,1,plan-enumerators,cardinality-agnostic,chain,"mutable (single core, TDbasic)",Execution Time,5,0.141,2
83aaa5e8dd69c9faf4d8680a9c73c0ef9f4cbc5d,2026-04-26,1,plan-enumerators,cardinality-agnostic,chain,"mutable (single core, TDbasic)",Execution Time,8,0.299,0
83aaa5e8dd69c9faf4d8680a9c73c0ef9f4cbc5d,2026-04-26,1,plan-enumerators,cardinality-agnostic,chain,"mutable (single core, TDbasic)",Execution Time,8,0.239,1
83aaa5e8dd69c9faf4d8680a9c73c0ef9f4cbc5d,2026-04-26,1,plan-enumerators,cardinality-agnostic,chain,"mutable (single core, TDbasic)",Execution Time,8,0.269,2
83aaa5e8dd69c9faf4d8680a9c73c0ef9f4cbc5d,2026-04-26,1,plan-enumerators,cardinality-agnostic,chain,"mutable (single core, TDbasic)",Execution Time,10,0.357,0
83aaa5e8dd69c9faf4d8680a9c73c0ef9f4cbc5d,2026-04-26,1,plan-enumerators,cardinality-agnostic,chain,"mutable (single core, TDbasic)",Execution Time,10,0.334,1
83aaa5e8dd69c9faf4d8680a9c73c0ef9f4cbc5d,2026-04-26,1,plan-enumerators,cardinality-agnostic,chain,"mutable (single core, TDbasic)",Execution Time,10,0.361,2
83aaa5e8dd69c9faf4d8680a9c73c0ef9f4cbc5d,2026-04-26,1,plan-enumerators,cardinality-agnostic,chain,"mutable (single core, TDbasic)",Execution Time,12,0.578,0
83aaa5e8dd69c9faf4d8680a9c73c0ef9f4cbc5d,2026-04-26,1,plan-enumerators,cardinality-agnostic,chain,"mutable (single core, TDbasic)",Execution Time,12,0.591,1
83aaa5e8dd69c9faf4d8680a9c73c0ef9f4cbc5d,2026-04-26,1,plan-enumerators,cardinality-agnostic,chain,"mutable (single core, TDbasic)",Execution Time,12,0.556,2
83aaa5e8dd69c9faf4d8680a9c73c0ef9f4cbc5d,2026-04-26,1,plan-enumerators,cardinality-agnostic,chain,"mutable (single core, TDbasic)",Execution Time,15,1.711,0
83aaa5e8dd69c9faf4d8680a9c73c0ef9f4cbc5d,2026-04-26,1,plan-enumerators,cardinality-agnostic,chain,"mutable (single core, TDbasic)",Execution Time,15,1.702,1
83aaa5e8dd69c9faf4d8680a9c73c0ef9f4cbc5d,2026-04-26,1,plan-enumerators,cardinality-agnostic,chain,"mutable (single core, TDbasic)",Execution Time,15,1.757,2
83aaa5e8dd69c9faf4d8680a9c73c0ef9f4cbc5d,2026-04-26,1,plan-enumerators,cardinality-agnostic,chain,"mutable (single core, TDbasic)",Execution Time,18,5.603,0
83aaa5e8dd69c9faf4d8680a9c73c0ef9f4cbc5d,2026-04-26,1,plan-enumerators,cardinality-agnostic,chain,"mutable (single core, TDbasic)",Execution Time,18,5.062,1
83aaa5e8dd69c9faf4d8680a9c73c0ef9f4cbc5d,2026-04-26,1,plan-enumerators,cardinality-agnostic,chain,"mutable (single core, TDbasic)",Execution Time,18,5.532,2
83aaa5e8dd69c9faf4d8680a9c73c0ef9f4cbc5d,2026-04-26,1,plan-enumerators,cardinality-agnostic,chain,"mutable (single core, TDbasic)",Execution Time,20,17.841,0
83aaa5e8dd69c9faf4d8680a9c73c0ef9f4cbc5d,2026-04-26,1,plan-enumerators,cardinality-agnostic,chain,"mutable (single core, TDbasic)",Execution Time,20,17.332,1
83aaa5e8dd69c9faf4d8680a9c73c0ef9f4cbc5d,2026-04-26,1,plan-enumerators,cardinality-agnostic,chain,"mutable (single core, TDbasic)",Execution Time,20,17.237,2
83aaa5e8dd69c9faf4d8680a9c73c0ef9f4cbc5d,2026-04-26,1,plan-enumerators,cardinality-agnostic,chain,"mutable (single core, TDbasic)",Execution Time,21,33.489,0
83aaa5e8dd69c9faf4d8680a9c73c0ef9f4cbc5d,2026-04-26,1,plan-enumerators,cardinality-agnostic,chain,"mutable (single core, TDbasic)",Execution Time,21,33.179,1
83aaa5e8dd69c9faf4d8680a9c73c0ef9f4cbc5d,2026-04-26,1,plan-enumerators,cardinality-agnostic,chain,"mutable (single core, TDbasic)",Execution Time,21,33.566,2
83aaa5e8dd69c9faf4d8680a9c73c0ef9f4cbc5d,2026-04-26,1,plan-enumerators,cardinality-agnostic,chain,"mutable (single core, TDbasic)",Execution Time,22,65.993,0
83aaa5e8dd69c9faf4d8680a9c73c0ef9f4cbc5d,2026-04-26,1,plan-enumerators,cardinality-agnostic,chain,"mutable (single core, TDbasic)",Execution Time,22,65.254,1
83aaa5e8dd69c9faf4d8680a9c73c0ef9f4cbc5d,2026-04-26,1,plan-enumerators,cardinality-agnostic,chain,"mutable (single core, TDbasic)",Execution Time,22,65.926,2
83aaa5e8dd69c9faf4d8680a9c73c0ef9f4cbc5d,2026-04-26,1,plan-enumerators,cardinality-agnostic,chain,"mutable (single core, TDbasic)",Execution Time,23,130.236,0
83aaa5e8dd69c9faf4d8680a9c73c0ef9f4cbc5d,2026-04-26,1,plan-enumerators,cardinality-agnostic,chain,"mutable (single core, TDbasic)",Execution Time,23,127.295,1
83aaa5e8dd69c9faf4d8680a9c73c0ef9f4cbc5d,2026-04-26,1,plan-enumerators,cardinality-agnostic,chain,"mutable (single core, TDbasic)",Execution Time,23,131.301,2
83aaa5e8dd69c9faf4d8680a9c73c0ef9f4cbc5d,2026-04-26,1,plan-enumerators,cardinality-agnostic,chain,"mutable (single core, TDbasic)",Execution Time,24,258.399,0
83aaa5e8dd69c9faf4d8680a9c73c0ef9f4cbc5d,2026-04-26,1,plan-enumerators,cardinality-agnostic,chain,"mutable (single core, TDbasic)",Execution Time,24,250.564,1
83aaa5e8dd69c9faf4d8680a9c73c0ef9f4cbc5d,2026-04-26,1,plan-enumerators,cardinality-agnostic,chain,"mutable (single core, TDbasic)",Execution Time,24,264.313,2
83aaa5e8dd69c9faf4d8680a9c73c0ef9f4cbc5d,2026-04-26,1,plan-enumerators,cardinality-agnostic,chain,"mutable (single core, TDbasic)",Execution Time,25,523.344,0
83aaa5e8dd69c9faf4d8680a9c73c0ef9f4cbc5d,2026-04-26,1,plan-enumerators,cardinality-agnostic,chain,"mutable (single core, TDbasic)",Execution Time,25,508.449,1
83aaa5e8dd69c9faf4d8680a9c73c0ef9f4cbc5d,2026-04-26,1,plan-enumerators,cardinality-agnostic,chain,"mutable (single core, TDbasic)",Execution Time,25,518.19,2
83aaa5e8dd69c9faf4d8680a9c73c0ef9f4cbc5d,2026-04-26,1,plan-enumerators,cardinality-agnostic,chain,"mutable (single core, TDbasic)",Execution Time,26,1037.45,0
83aaa5e8dd69c9faf4d8680a9c73c0ef9f4cbc5d,2026-04-26,1,plan-enumerators,cardinality-agnostic,chain,"mutable (single core, TDbasic)",Execution Time,26,1015.33,1
83aaa5e8dd69c9faf4d8680a9c73c0ef9f4cbc5d,2026-04-26,1,plan-enumerators,cardinality-agnostic,chain,"mutable (single core, TDbasic)",Execution Time,26,1026.21,2
83aaa5e8dd69c9faf4d8680a9c73c0ef9f4cbc5d,2026-04-26,1,plan-enumerators,cardinality-agnostic,chain,"mutable (single core, TDbasic)",Execution Time,27,2057.93,0
83aaa5e8dd69c9faf4d8680a9c73c0ef9f4cbc5d,2026-04-26,1,plan-enumerators,cardinality-agnostic,chain,"mutable (single core, TDbasic)",Execution Time,27,2028.65,1
83aaa5e8dd69c9faf4d8680a9c73c0ef9f4cbc5d,2026-04-26,1,plan-enumerators,cardinality-agnostic,chain,"mutable (single core, TDbasic)",Execution Time,27,2062.48,2
83aaa5e8dd69c9faf4d8680a9c73c0ef9f4cbc5d,2026-04-26,1,plan-enumerators,cardinality-agnostic,chain,"mutable (single core, TDbasic)",Execution Time,28,4109.77,0
83aaa5e8dd69c9faf4d8680a9c73c0ef9f4cbc5d,2026-04-26,1,plan-enumerators,cardinality-agnostic,chain,"mutable (single core, TDbasic)",Execution Time,28,4194.06,1
83aaa5e8dd69c9faf4d8680a9c73c0ef9f4cbc5d,2026-04-26,1,plan-enumerators,cardinality-agnostic,chain,"mutable (single core, TDbasic)",Execution Time,28,4118.97,2
83aaa5e8dd69c9faf4d8680a9c73c0ef9f4cbc5d,2026-04-26,1,plan-enumerators,cardinality-agnostic,chain,"mutable (single core, TDbasic)",Execution Time,29,9364.14,0
83aaa5e8dd69c9faf4d8680a9c73c0ef9f4cbc5d,2026-04-26,1,plan-enumerators,cardinality-agnostic,chain,"mutable (single core, TDbasic)",Execution Time,29,8222.6,1
83aaa5e8dd69c9faf4d8680a9c73c0ef9f4cbc5d,2026-04-26,1,plan-enumerators,cardinality-agnostic,chain,"mutable (single core, TDbasic)",Execution Time,29,8254.52,2
83aaa5e8dd69c9faf4d8680a9c73c0ef9f4cbc5d,2026-04-26,1,plan-enumerators,cardinality-agnostic,chain,"mutable (single core, TDbasic)",Execution Time,30,16954.4,0
83aaa5e8dd69c9faf4d8680a9c73c0ef9f4cbc5d,2026-04-26,1,plan-enumerators,cardinality-agnostic,chain,"mutable (single core, TDbasic)",Execution Time,30,16363.0,1
83aaa5e8dd69c9faf4d8680a9c73c0ef9f4cbc5d,2026-04-26,1,plan-enumerators,cardinality-agnostic,chain,"mutable (single core, TDbasic)",Execution Time,30,16461.2,2
83aaa5e8dd69c9faf4d8680a9c73c0ef9f4cbc5d,2026-04-26,1,plan-enumerators,cardinality-agnostic,chain,"mutable (single core, TDMinCutAGaT)",Execution Time,2,0.391,0
83aaa5e8dd69c9faf4d8680a9c73c0ef9f4cbc5d,2026-04-26,1,plan-enumerators,cardinality-agnostic,chain,"mutable (single core, TDMinCutAGaT)",Execution Time,2,0.045,1
83aaa5e8dd69c9faf4d8680a9c73c0ef9f4cbc5d,2026-04-26,1,plan-enumerators,cardinality-agnostic,chain,"mutable (single core, TDMinCutAGaT)",Execution Time,2,0.045,2
83aaa5e8dd69c9faf4d8680a9c73c0ef9f4cbc5d,2026-04-26,1,plan-enumerators,cardinality-agnostic,chain,"mutable (single core, TDMinCutAGaT)",Execution Time,3,0.082,0
83aaa5e8dd69c9faf4d8680a9c73c0ef9f4cbc5d,2026-04-26,1,plan-enumerators,cardinality-agnostic,chain,"mutable (single core, TDMinCutAGaT)",Execution Time,3,0.057,1
83aaa5e8dd69c9faf4d8680a9c73c0ef9f4cbc5d,2026-04-26,1,plan-enumerators,cardinality-agnostic,chain,"mutable (single core, TDMinCutAGaT)",Execution Time,3,0.056,2
83aaa5e8dd69c9faf4d8680a9c73c0ef9f4cbc5d,2026-04-26,1,plan-enumerators,cardinality-agnostic,chain,"mutable (single core, TDMinCutAGaT)",Execution Time,4,0.11,0
83aaa5e8dd69c9faf4d8680a9c73c0ef9f4cbc5d,2026-04-26,1,plan-enumerators,cardinality-agnostic,chain,"mutable (single core, TDMinCutAGaT)",Execution Time,4,0.088,1
83aaa5e8dd69c9faf4d8680a9c73c0ef9f4cbc5d,2026-04-26,1,plan-enumerators,cardinality-agnostic,chain,"mutable (single core, TDMinCutAGaT)",Execution Time,4,0.082,2
83aaa5e8dd69c9faf4d8680a9c73c0ef9f4cbc5d,2026-04-26,1,plan-enumerators,cardinality-agnostic,chain,"mutable (single core, TDMinCutAGaT)",Execution Time,5,0.169,0
83aaa5e8dd69c9faf4d8680a9c73c0ef9f4cbc5d,2026-04-26,1,plan-enumerators,cardinality-agnostic,chain,"mutable (single core, TDMinCutAGaT)",Execution Time,5,0.117,1
83aaa5e8dd69c9faf4d8680a9c73c0ef9f4cbc5d,2026-04-26,1,plan-enumerators,cardinality-agnostic,chain,"mutable (single core, TDMinCutAGaT)",Execution Time,5,0.128,2
83aaa5e8dd69c9faf4d8680a9c73c0ef9f4cbc5d,2026-04-26,1,plan-enumerators,cardinality-agnostic,chain,"mutable (single core, TDMinCutAGaT)",Execution Time,8,0.308,0
83aaa5e8dd69c9faf4d8680a9c73c0ef9f4cbc5d,2026-04-26,1,plan-enumerators,cardinality-agnostic,chain,"mutable (single core, TDMinCutAGaT)",Execution Time,8,0.251,1
83aaa5e8dd69c9faf4d8680a9c73c0ef9f4cbc5d,2026-04-26,1,plan-enumerators,cardinality-agnostic,chain,"mutable (single core, TDMinCutAGaT)",Execution Time,8,0.246,2
83aaa5e8dd69c9faf4d8680a9c73c0ef9f4cbc5d,2026-04-26,1,plan-enumerators,cardinality-agnostic,chain,"mutable (single core, TDMinCutAGaT)",Execution Time,10,0.4,0
83aaa5e8dd69c9faf4d8680a9c73c0ef9f4cbc5d,2026-04-26,1,plan-enumerators,cardinality-agnostic,chain,"mutable (single core, TDMinCutAGaT)",Execution Time,10,0.347,1
83aaa5e8dd69c9faf4d8680a9c73c0ef9f4cbc5d,2026-04-26,1,plan-enumerators,cardinality-agnostic,chain,"mutable (single core, TDMinCutAGaT)",Execution Time,10,0.343,2
83aaa5e8dd69c9faf4d8680a9c73c0ef9f4cbc5d,2026-04-26,1,plan-enumerators,cardinality-agnostic,chain,"mutable (single core, TDMinCutAGaT)",Execution Time,12,0.612,0
83aaa5e8dd69c9faf4d8680a9c73c0ef9f4cbc5d,2026-04-26,1,plan-enumerators,cardinality-agnostic,chain,"mutable (single core, TDMinCutAGaT)",Execution Time,12,0.541,1
83aaa5e8dd69c9faf4d8680a9c73c0ef9f4cbc5d,2026-04-26,1,plan-enumerators,cardinality-agnostic,chain,"mutable (single core, TDMinCutAGaT)",Execution Time,12,0.519,2
83aaa5e8dd69c9faf4d8680a9c73c0ef9f4cbc5d,2026-04-26,1,plan-enumerators,cardinality-agnostic,chain,"mutable (single core, TDMinCutAGaT)",Execution Time,15,1.318,0
83aaa5e8dd69c9faf4d8680a9c73c0ef9f4cbc5d,2026-04-26,1,plan-enumerators,cardinality-agnostic,chain,"mutable (single core, TDMinCutAGaT)",Execution Time,15,1.342,1
83aaa5e8dd69c9faf4d8680a9c73c0ef9f4cbc5d,2026-04-26,1,plan-enumerators,cardinality-agnostic,chain,"mutable (single core, TDMinCutAGaT)",Execution Time,15,1.283,2
83aaa5e8dd69c9faf4d8680a9c73c0ef9f4cbc5d,2026-04-26,1,plan-enumerators,cardinality-agnostic,chain,"mutable (single core, TDMinCutAGaT)",Execution Time,18,1.455,0
83aaa5e8dd69c9faf4d8680a9c73c0ef9f4cbc5d,2026-04-26,1,plan-enumerators,cardinality-agnostic,chain,"mutable (single core, TDMinCutAGaT)",Execution Time,18,1.196,1
83aaa5e8dd69c9faf4d8680a9c73c0ef9f4cbc5d,2026-04-26,1,plan-enumerators,cardinality-agnostic,chain,"mutable (single core, TDMinCutAGaT)",Execution Time,18,1.271,2
83aaa5e8dd69c9faf4d8680a9c73c0ef9f4cbc5d,2026-04-26,1,plan-enumerators,cardinality-agnostic,chain,"mutable (single core, TDMinCutAGaT)",Execution Time,20,1.564,0
83aaa5e8dd69c9faf4d8680a9c73c0ef9f4cbc5d,2026-04-26,1,plan-enumerators,cardinality-agnostic,chain,"mutable (single core, TDMinCutAGaT)",Execution Time,20,1.875,1
83aaa5e8dd69c9faf4d8680a9c73c0ef9f4cbc5d,2026-04-26,1,plan-enumerators,cardinality-agnostic,chain,"mutable (single core, TDMinCutAGaT)",Execution Time,20,1.667,2
83aaa5e8dd69c9faf4d8680a9c73c0ef9f4cbc5d,2026-04-26,1,plan-enumerators,cardinality-agnostic,chain,"mutable (single core, TDMinCutAGaT)",Execution Time,21,1.89,0
83aaa5e8dd69c9faf4d8680a9c73c0ef9f4cbc5d,2026-04-26,1,plan-enumerators,cardinality-agnostic,chain,"mutable (single core, TDMinCutAGaT)",Execution Time,21,1.778,1
83aaa5e8dd69c9faf4d8680a9c73c0ef9f4cbc5d,2026-04-26,1,plan-enumerators,cardinality-agnostic,chain,"mutable (single core, TDMinCutAGaT)",Execution Time,21,1.911,2
83aaa5e8dd69c9faf4d8680a9c73c0ef9f4cbc5d,2026-04-26,1,plan-enumerators,cardinality-agnostic,chain,"mutable (single core, TDMinCutAGaT)",Execution Time,22,2.339,0
83aaa5e8dd69c9faf4d8680a9c73c0ef9f4cbc5d,2026-04-26,1,plan-enumerators,cardinality-agnostic,chain,"mutable (single core, TDMinCutAGaT)",Execution Time,22,1.934,1
83aaa5e8dd69c9faf4d8680a9c73c0ef9f4cbc5d,2026-04-26,1,plan-enumerators,cardinality-agnostic,chain,"mutable (single core, TDMinCutAGaT)",Execution Time,22,1.91,2
83aaa5e8dd69c9faf4d8680a9c73c0ef9f4cbc5d,2026-04-26,1,plan-enumerators,cardinality-agnostic,chain,"mutable (single core, TDMinCutAGaT)",Execution Time,23,2.169,0
83aaa5e8dd69c9faf4d8680a9c73c0ef9f4cbc5d,2026-04-26,1,plan-enumerators,cardinality-agnostic,chain,"mutable (single core, TDMinCutAGaT)",Execution Time,23,2.149,1
83aaa5e8dd69c9faf4d8680a9c73c0ef9f4cbc5d,2026-04-26,1,plan-enumerators,cardinality-agnostic,chain,"mutable (single core, TDMinCutAGaT)",Execution Time,23,2.1,2
83aaa5e8dd69c9faf4d8680a9c73c0ef9f4cbc5d,2026-04-26,1,plan-enumerators,cardinality-agnostic,chain,"mutable (single core, TDMinCutAGaT)",Execution Time,24,2.602,0
83aaa5e8dd69c9faf4d8680a9c73c0ef9f4cbc5d,2026-04-26,1,plan-enumerators,cardinality-agnostic,chain,"mutable (single core, TDMinCutAGaT)",Execution Time,24,2.648,1
83aaa5e8dd69c9faf4d8680a9c73c0ef9f4cbc5d,2026-04-26,1,plan-enumerators,cardinality-agnostic,chain,"mutable (single core, TDMinCutAGaT)",Execution Time,24,2.621,2
83aaa5e8dd69c9faf4d8680a9c73c0ef9f4cbc5d,2026-04-26,1,plan-enumerators,cardinality-agnostic,chain,"mutable (single core, TDMinCutAGaT)",Execution Time,25,2.772,0
83aaa5e8dd69c9faf4d8680a9c73c0ef9f4cbc5d,2026-04-26,1,plan-enumerators,cardinality-agnostic,chain,"mutable (single core, TDMinCutAGaT)",Execution Time,25,2.593,1
83aaa5e8dd69c9faf4d8680a9c73c0ef9f4cbc5d,2026-04-26,1,plan-enumerators,cardinality-agnostic,chain,"mutable (single core, TDMinCutAGaT)",Execution Time,25,2.58,2
83aaa5e8dd69c9faf4d8680a9c73c0ef9f4cbc5d,2026-04-26,1,plan-enumerators,cardinality-agnostic,chain,"mutable (single core, TDMinCutAGaT)",Execution Time,26,2.853,0
83aaa5e8dd69c9faf4d8680a9c73c0ef9f4cbc5d,2026-04-26,1,plan-enumerators,cardinality-agnostic,chain,"mutable (single core, TDMinCutAGaT)",Execution Time,26,2.852,1
83aaa5e8dd69c9faf4d8680a9c73c0ef9f4cbc5d,2026-04-26,1,plan-enumerators,cardinality-agnostic,chain,"mutable (single core, TDMinCutAGaT)",Execution Time,26,2.823,2
83aaa5e8dd69c9faf4d8680a9c73c0ef9f4cbc5d,2026-04-26,1,plan-enumerators,cardinality-agnostic,chain,"mutable (single core, TDMinCutAGaT)",Execution Time,27,3.165,0
83aaa5e8dd69c9faf4d8680a9c73c0ef9f4cbc5d,2026-04-26,1,plan-enumerators,cardinality-agnostic,chain,"mutable (single core, TDMinCutAGaT)",Execution Time,27,3.368,1
83aaa5e8dd69c9faf4d8680a9c73c0ef9f4cbc5d,2026-04-26,1,plan-enumerators,cardinality-agnostic,chain,"mutable (single core, TDMinCutAGaT)",Execution Time,27,3.464,2
83aaa5e8dd69c9faf4d8680a9c73c0ef9f4cbc5d,2026-04-26,1,plan-enumerators,cardinality-agnostic,chain,"mutable (single core, TDMinCutAGaT)",Execution Time,28,3.578,0
83aaa5e8dd69c9faf4d8680a9c73c0ef9f4cbc5d,2026-04-26,1,plan-enumerators,cardinality-agnostic,chain,"mutable (single core, TDMinCutAGaT)",Execution Time,28,3.762,1
83aaa5e8dd69c9faf4d8680a9c73c0ef9f4cbc5d,2026-04-26,1,plan-enumerators,cardinality-agnostic,chain,"mutable (single core, TDMinCutAGaT)",Execution Time,28,3.799,2
83aaa5e8dd69c9faf4d8680a9c73c0ef9f4cbc5d,2026-04-26,1,plan-enumerators,cardinality-agnostic,chain,"mutable (single core, TDMinCutAGaT)",Execution Time,29,3.752,0
83aaa5e8dd69c9faf4d8680a9c73c0ef9f4cbc5d,2026-04-26,1,plan-enumerators,cardinality-agnostic,chain,"mutable (single core, TDMinCutAGaT)",Execution Time,29,3.666,1
83aaa5e8dd69c9faf4d8680a9c73c0ef9f4cbc5d,2026-04-26,1,plan-enumerators,cardinality-agnostic,chain,"mutable (single core, TDMinCutAGaT)",Execution Time,29,3.719,2
83aaa5e8dd69c9faf4d8680a9c73c0ef9f4cbc5d,2026-04-26,1,plan-enumerators,cardinality-agnostic,chain,"mutable (single core, TDMinCutAGaT)",Execution Time,30,4.421,0
83aaa5e8dd69c9faf4d8680a9c73c0ef9f4cbc5d,2026-04-26,1,plan-enumerators,cardinality-agnostic,chain,"mutable (single core, TDMinCutAGaT)",Execution Time,30,4.169,1
83aaa5e8dd69c9faf4d8680a9c73c0ef9f4cbc5d,2026-04-26,1,plan-enumerators,cardinality-agnostic,chain,"mutable (single core, TDMinCutAGaT)",Execution Time,30,4.237,2
83aaa5e8dd69c9faf4d8680a9c73c0ef9f4cbc5d,2026-04-26,1,plan-enumerators,cardinality-agnostic,chain,"mutable (single core, TwoPhaseOptimizer)",Execution Time,2,8.308,0
83aaa5e8dd69c9faf4d8680a9c73c0ef9f4cbc5d,2026-04-26,1,plan-enumerators,cardinality-agnostic,chain,"mutable (single core, TwoPhaseOptimizer)",Execution Time,2,6.496,1
83aaa5e8dd69c9faf4d8680a9c73c0ef9f4cbc5d,2026-04-26,1,plan-enumerators,cardinality-agnostic,chain,"mutable (single core, TwoPhaseOptimizer)",Execution Time,2,6.333,2
83aaa5e8dd69c9faf4d8680a9c73c0ef9f4cbc5d,2026-04-26,1,plan-enumerators,cardinality-agnostic,chain,"mutable (single core, TwoPhaseOptimizer)",Execution Time,3,16.375,0
83aaa5e8dd69c9faf4d8680a9c73c0ef9f4cbc5d,2026-04-26,1,plan-enumerators,cardinality-agnostic,chain,"mutable (single core, TwoPhaseOptimizer)",Execution Time,3,15.752,1
83aaa5e8dd69c9faf4d8680a9c73c0ef9f4cbc5d,2026-04-26,1,plan-enumerators,cardinality-agnostic,chain,"mutable (single core, TwoPhaseOptimizer)",Execution Time,3,16.187,2
83aaa5e8dd69c9faf4d8680a9c73c0ef9f4cbc5d,2026-04-26,1,plan-enumerators,cardinality-agnostic,chain,"mutable (single core, TwoPhaseOptimizer)",Execution Time,4,25.473,0
83aaa5e8dd69c9faf4d8680a9c73c0ef9f4cbc5d,2026-04-26,1,plan-enumerators,cardinality-agnostic,chain,"mutable (single core, TwoPhaseOptimizer)",Execution Time,4,24.74,1
83aaa5e8dd69c9faf4d8680a9c73c0ef9f4cbc5d,2026-04-26,1,plan-enumerators,cardinality-agnostic,chain,"mutable (single core, TwoPhaseOptimizer)",Execution Time,4,25.424,2
83aaa5e8dd69c9faf4d8680a9c73c0ef9f4cbc5d,2026-04-26,1,plan-enumerators,cardinality-agnostic,chain,"mutable (single core, TwoPhaseOptimizer)",Execution Time,5,33.94,0
83aaa5e8dd69c9faf4d8680a9c73c0ef9f4cbc5d,2026-04-26,1,plan-enumerators,cardinality-agnostic,chain,"mutable (single core, TwoPhaseOptimizer)",Execution Time,5,31.751,1
83aaa5e8dd69c9faf4d8680a9c73c0ef9f4cbc5d,2026-04-26,1,plan-enumerators,cardinality-agnostic,chain,"mutable (single core, TwoPhaseOptimizer)",Execution Time,5,33.868,2
83aaa5e8dd69c9faf4d8680a9c73c0ef9f4cbc5d,2026-04-26,1,plan-enumerators,cardinality-agnostic,chain,"mutable (single core, TwoPhaseOptimizer)",Execution Time,8,65.338,0
83aaa5e8dd69c9faf4d8680a9c73c0ef9f4cbc5d,2026-04-26,1,plan-enumerators,cardinality-agnostic,chain,"mutable (single core, TwoPhaseOptimizer)",Execution Time,8,67.168,1
83aaa5e8dd69c9faf4d8680a9c73c0ef9f4cbc5d,2026-04-26,1,plan-enumerators,cardinality-agnostic,chain,"mutable (single core, TwoPhaseOptimizer)",Execution Time,8,61.171,2
83aaa5e8dd69c9faf4d8680a9c73c0ef9f4cbc5d,2026-04-26,1,plan-enumerators,cardinality-agnostic,chain,"mutable (single core, TwoPhaseOptimizer)",Execution Time,10,87.371,0
83aaa5e8dd69c9faf4d8680a9c73c0ef9f4cbc5d,2026-04-26,1,plan-enumerators,cardinality-agnostic,chain,"mutable (single core, TwoPhaseOptimizer)",Execution Time,10,89.467,1
83aaa5e8dd69c9faf4d8680a9c73c0ef9f4cbc5d,2026-04-26,1,plan-enumerators,cardinality-agnostic,chain,"mutable (single core, TwoPhaseOptimizer)",Execution Time,10,85.666,2
83aaa5e8dd69c9faf4d8680a9c73c0ef9f4cbc5d,2026-04-26,1,plan-enumerators,cardinality-agnostic,chain,"mutable (single core, TwoPhaseOptimizer)",Execution Time,12,112.223,0
83aaa5e8dd69c9faf4d8680a9c73c0ef9f4cbc5d,2026-04-26,1,plan-enumerators,cardinality-agnostic,chain,"mutable (single core, TwoPhaseOptimizer)",Execution Time,12,116.343,1
83aaa5e8dd69c9faf4d8680a9c73c0ef9f4cbc5d,2026-04-26,1,plan-enumerators,cardinality-agnostic,chain,"mutable (single core, TwoPhaseOptimizer)",Execution Time,12,106.669,2
83aaa5e8dd69c9faf4d8680a9c73c0ef9f4cbc5d,2026-04-26,1,plan-enumerators,cardinality-agnostic,chain,"mutable (single core, TwoPhaseOptimizer)",Execution Time,15,148.215,0
83aaa5e8dd69c9faf4d8680a9c73c0ef9f4cbc5d,2026-04-26,1,plan-enumerators,cardinality-agnostic,chain,"mutable (single core, TwoPhaseOptimizer)",Execution Time,15,151.946,1
83aaa5e8dd69c9faf4d8680a9c73c0ef9f4cbc5d,2026-04-26,1,plan-enumerators,cardinality-agnostic,chain,"mutable (single core, TwoPhaseOptimizer)",Execution Time,15,149.222,2
83aaa5e8dd69c9faf4d8680a9c73c0ef9f4cbc5d,2026-04-26,1,plan-enumerators,cardinality-agnostic,chain,"mutable (single core, TwoPhaseOptimizer)",Execution Time,18,211.518,0
83aaa5e8dd69c9faf4d8680a9c73c0ef9f4cbc5d,2026-04-26,1,plan-enumerators,cardinality-agnostic,chain,"mutable (single core, TwoPhaseOptimizer)",Execution Time,18,220.851,1
83aaa5e8dd69c9faf4d8680a9c73c0ef9f4cbc5d,2026-04-26,1,plan-enumerators,cardinality-agnostic,chain,"mutable (single core, TwoPhaseOptimizer)",Execution Time,18,207.619,2
83aaa5e8dd69c9faf4d8680a9c73c0ef9f4cbc5d,2026-04-26,1,plan-enumerators,cardinality-agnostic,chain,"mutable (single core, TwoPhaseOptimizer)",Execution Time,20,257.374,0
83aaa5e8dd69c9faf4d8680a9c73c0ef9f4cbc5d,2026-04-26,1,plan-enumerators,cardinality-agnostic,chain,"mutable (single core, TwoPhaseOptimizer)",Execution Time,20,245.154,1
83aaa5e8dd69c9faf4d8680a9c73c0ef9f4cbc5d,2026-04-26,1,plan-enumerators,cardinality-agnostic,chain,"mutable (single core, TwoPhaseOptimizer)",Execution Time,20,240.304,2
83aaa5e8dd69c9faf4d8680a9c73c0ef9f4cbc5d,2026-04-26,1,plan-enumerators,cardinality-agnostic,chain,"mutable (single core, TwoPhaseOptimizer)",Execution Time,21,247.951,0
83aaa5e8dd69c9faf4d8680a9c73c0ef9f4cbc5d,2026-04-26,1,plan-enumerators,cardinality-agnostic,chain,"mutable (single core, TwoPhaseOptimizer)",Execution Time,21,239.228,1
83aaa5e8dd69c9faf4d8680a9c73c0ef9f4cbc5d,2026-04-26,1,plan-enumerators,cardinality-agnostic,chain,"mutable (single core, TwoPhaseOptimizer)",Execution Time,21,240.683,2
83aaa5e8dd69c9faf4d8680a9c73c0ef9f4cbc5d,2026-04-26,1,plan-enumerators,cardinality-agnostic,chain,"mutable (single core, TwoPhaseOptimizer)",Execution Time,22,279.783,0
83aaa5e8dd69c9faf4d8680a9c73c0ef9f4cbc5d,2026-04-26,1,plan-enumerators,cardinality-agnostic,chain,"mutable (single core, TwoPhaseOptimizer)",Execution Time,22,286.034,1
83aaa5e8dd69c9faf4d8680a9c73c0ef9f4cbc5d,2026-04-26,1,plan-enumerators,cardinality-agnostic,chain,"mutable (single core, TwoPhaseOptimizer)",Execution Time,22,280.487,2
83aaa5e8dd69c9faf4d8680a9c73c0ef9f4cbc5d,2026-04-26,1,plan-enumerators,cardinality-agnostic,chain,"mutable (single core, TwoPhaseOptimizer)",Execution Time,23,285.126,0
83aaa5e8dd69c9faf4d8680a9c73c0ef9f4cbc5d,2026-04-26,1,plan-enumerators,cardinality-agnostic,chain,"mutable (single core, TwoPhaseOptimizer)",Execution Time,23,297.422,1
83aaa5e8dd69c9faf4d8680a9c73c0ef9f4cbc5d,2026-04-26,1,plan-enumerators,cardinality-agnostic,chain,"mutable (single core, TwoPhaseOptimizer)",Execution Time,23,285.617,2
83aaa5e8dd69c9faf4d8680a9c73c0ef9f4cbc5d,2026-04-26,1,plan-enumerators,cardinality-agnostic,chain,"mutable (single core, TwoPhaseOptimizer)",Execution Time,24,294.122,0
83aaa5e8dd69c9faf4d8680a9c73c0ef9f4cbc5d,2026-04-26,1,plan-enumerators,cardinality-agnostic,chain,"mutable (single core, TwoPhaseOptimizer)",Execution Time,24,301.488,1
83aaa5e8dd69c9faf4d8680a9c73c0ef9f4cbc5d,2026-04-26,1,plan-enumerators,cardinality-agnostic,chain,"mutable (single core, TwoPhaseOptimizer)",Execution Time,24,302.79,2
83aaa5e8dd69c9faf4d8680a9c73c0ef9f4cbc5d,2026-04-26,1,plan-enumerators,cardinality-agnostic,chain,"mutable (single core, TwoPhaseOptimizer)",Execution Time,25,302.046,0
83aaa5e8dd69c9faf4d8680a9c73c0ef9f4cbc5d,2026-04-26,1,plan-enumerators,cardinality-agnostic,chain,"mutable (single core, TwoPhaseOptimizer)",Execution Time,25,307.946,1
83aaa5e8dd69c9faf4d8680a9c73c0ef9f4cbc5d,2026-04-26,1,plan-enumerators,cardinality-agnostic,chain,"mutable (single core, TwoPhaseOptimizer)",Execution Time,25,311.138,2
83aaa5e8dd69c9faf4d8680a9c73c0ef9f4cbc5d,2026-04-26,1,plan-enumerators,cardinality-agnostic,chain,"mutable (single core, TwoPhaseOptimizer)",Execution Time,26,343.258,0
83aaa5e8dd69c9faf4d8680a9c73c0ef9f4cbc5d,2026-04-26,1,plan-enumerators,cardinality-agnostic,chain,"mutable (single core, TwoPhaseOptimizer)",Execution Time,26,338.376,1
83aaa5e8dd69c9faf4d8680a9c73c0ef9f4cbc5d,2026-04-26,1,plan-enumerators,cardinality-agnostic,chain,"mutable (single core, TwoPhaseOptimizer)",Execution Time,26,360.182,2
83aaa5e8dd69c9faf4d8680a9c73c0ef9f4cbc5d,2026-04-26,1,plan-enumerators,cardinality-agnostic,chain,"mutable (single core, TwoPhaseOptimizer)",Execution Time,27,370.524,0
83aaa5e8dd69c9faf4d8680a9c73c0ef9f4cbc5d,2026-04-26,1,plan-enumerators,cardinality-agnostic,chain,"mutable (single core, TwoPhaseOptimizer)",Execution Time,27,362.701,1
83aaa5e8dd69c9faf4d8680a9c73c0ef9f4cbc5d,2026-04-26,1,plan-enumerators,cardinality-agnostic,chain,"mutable (single core, TwoPhaseOptimizer)",Execution Time,27,358.874,2
83aaa5e8dd69c9faf4d8680a9c73c0ef9f4cbc5d,2026-04-26,1,plan-enumerators,cardinality-agnostic,chain,"mutable (single core, TwoPhaseOptimizer)",Execution Time,28,372.038,0
83aaa5e8dd69c9faf4d8680a9c73c0ef9f4cbc5d,2026-04-26,1,plan-enumerators,cardinality-agnostic,chain,"mutable (single core, TwoPhaseOptimizer)",Execution Time,28,374.176,1
83aaa5e8dd69c9faf4d8680a9c73c0ef9f4cbc5d,2026-04-26,1,plan-enumerators,cardinality-agnostic,chain,"mutable (single core, TwoPhaseOptimizer)",Execution Time,28,386.507,2
83aaa5e8dd69c9faf4d8680a9c73c0ef9f4cbc5d,2026-04-26,1,plan-enumerators,cardinality-agnostic,chain,"mutable (single core, TwoPhaseOptimizer)",Execution Time,29,371.281,0
83aaa5e8dd69c9faf4d8680a9c73c0ef9f4cbc5d,2026-04-26,1,plan-enumerators,cardinality-agnostic,chain,"mutable (single core, TwoPhaseOptimizer)",Execution Time,29,378.69,1
83aaa5e8dd69c9faf4d8680a9c73c0ef9f4cbc5d,2026-04-26,1,plan-enumerators,cardinality-agnostic,chain,"mutable (single core, TwoPhaseOptimizer)",Execution Time,29,387.534,2
83aaa5e8dd69c9faf4d8680a9c73c0ef9f4cbc5d,2026-04-26,1,plan-enumerators,cardinality-agnostic,chain,"mutable (single core, TwoPhaseOptimizer)",Execution Time,30,430.384,0
83aaa5e8dd69c9faf4d8680a9c73c0ef9f4cbc5d,2026-04-26,1,plan-enumerators,cardinality-agnostic,chain,"mutable (single core, TwoPhaseOptimizer)",Execution Time,30,429.236,1
83aaa5e8dd69c9faf4d8680a9c73c0ef9f4cbc5d,2026-04-26,1,plan-enumerators,cardinality-agnostic,chain,"mutable (single core, TwoPhaseOptimizer)",Execution Time,30,459.754,2
83aaa5e8dd69c9faf4d8680a9c73c0ef9f4cbc5d,2026-04-26,1,plan-enumerators,cardinality-agnostic,cycle,"mutable (single core, DPccp)",Execution Time,2,0.087,0
83aaa5e8dd69c9faf4d8680a9c73c0ef9f4cbc5d,2026-04-26,1,plan-enumerators,cardinality-agnostic,cycle,"mutable (single core, DPccp)",Execution Time,2,0.039,1
83aaa5e8dd69c9faf4d8680a9c73c0ef9f4cbc5d,2026-04-26,1,plan-enumerators,cardinality-agnostic,cycle,"mutable (single core, DPccp)",Execution Time,2,0.032,2
83aaa5e8dd69c9faf4d8680a9c73c0ef9f4cbc5d,2026-04-26,1,plan-enumerators,cardinality-agnostic,cycle,"mutable (single core, DPccp)",Execution Time,3,0.06,0
83aaa5e8dd69c9faf4d8680a9c73c0ef9f4cbc5d,2026-04-26,1,plan-enumerators,cardinality-agnostic,cycle,"mutable (single core, DPccp)",Execution Time,3,0.043,1
83aaa5e8dd69c9faf4d8680a9c73c0ef9f4cbc5d,2026-04-26,1,plan-enumerators,cardinality-agnostic,cycle,"mutable (single core, DPccp)",Execution Time,3,0.048,2
83aaa5e8dd69c9faf4d8680a9c73c0ef9f4cbc5d,2026-04-26,1,plan-enumerators,cardinality-agnostic,cycle,"mutable (single core, DPccp)",Execution Time,4,0.079,0
83aaa5e8dd69c9faf4d8680a9c73c0ef9f4cbc5d,2026-04-26,1,plan-enumerators,cardinality-agnostic,cycle,"mutable (single core, DPccp)",Execution Time,4,0.067,1
83aaa5e8dd69c9faf4d8680a9c73c0ef9f4cbc5d,2026-04-26,1,plan-enumerators,cardinality-agnostic,cycle,"mutable (single core, DPccp)",Execution Time,4,0.076,2
83aaa5e8dd69c9faf4d8680a9c73c0ef9f4cbc5d,2026-04-26,1,plan-enumerators,cardinality-agnostic,cycle,"mutable (single core, DPccp)",Execution Time,5,0.102,0
83aaa5e8dd69c9faf4d8680a9c73c0ef9f4cbc5d,2026-04-26,1,plan-enumerators,cardinality-agnostic,cycle,"mutable (single core, DPccp)",Execution Time,5,0.084,1
83aaa5e8dd69c9faf4d8680a9c73c0ef9f4cbc5d,2026-04-26,1,plan-enumerators,cardinality-agnostic,cycle,"mutable (single core, DPccp)",Execution Time,5,0.106,2
83aaa5e8dd69c9faf4d8680a9c73c0ef9f4cbc5d,2026-04-26,1,plan-enumerators,cardinality-agnostic,cycle,"mutable (single core, DPccp)",Execution Time,8,0.23,0
83aaa5e8dd69c9faf4d8680a9c73c0ef9f4cbc5d,2026-04-26,1,plan-enumerators,cardinality-agnostic,cycle,"mutable (single core, DPccp)",Execution Time,8,0.193,1
83aaa5e8dd69c9faf4d8680a9c73c0ef9f4cbc5d,2026-04-26,1,plan-enumerators,cardinality-agnostic,cycle,"mutable (single core, DPccp)",Execution Time,8,0.218,2
83aaa5e8dd69c9faf4d8680a9c73c0ef9f4cbc5d,2026-04-26,1,plan-enumerators,cardinality-agnostic,cycle,"mutable (single core, DPccp)",Execution Time,10,0.307,0
83aaa5e8dd69c9faf4d8680a9c73c0ef9f4cbc5d,2026-04-26,1,plan-enumerators,cardinality-agnostic,cycle,"mutable (single core, DPccp)",Execution Time,10,0.309,1
83aaa5e8dd69c9faf4d8680a9c73c0ef9f4cbc5d,2026-04-26,1,plan-enumerators,cardinality-agnostic,cycle,"mutable (single core, DPccp)",Execution Time,10,0.321,2
83aaa5e8dd69c9faf4d8680a9c73c0ef9f4cbc5d,2026-04-26,1,plan-enumerators,cardinality-agnostic,cycle,"mutable (single core, DPccp)",Execution Time,12,0.457,0
83aaa5e8dd69c9faf4d8680a9c73c0ef9f4cbc5d,2026-04-26,1,plan-enumerators,cardinality-agnostic,cycle,"mutable (single core, DPccp)",Execution Time,12,0.454,1
83aaa5e8dd69c9faf4d8680a9c73c0ef9f4cbc5d,2026-04-26,1,plan-enumerators,cardinality-agnostic,cycle,"mutable (single core, DPccp)",Execution Time,12,0.499,2
83aaa5e8dd69c9faf4d8680a9c73c0ef9f4cbc5d,2026-04-26,1,plan-enumerators,cardinality-agnostic,cycle,"mutable (single core, DPccp)",Execution Time,15,1.056,0
83aaa5e8dd69c9faf4d8680a9c73c0ef9f4cbc5d,2026-04-26,1,plan-enumerators,cardinality-agnostic,cycle,"mutable (single core, DPccp)",Execution Time,15,1.013,1
83aaa5e8dd69c9faf4d8680a9c73c0ef9f4cbc5d,2026-04-26,1,plan-enumerators,cardinality-agnostic,cycle,"mutable (single core, DPccp)",Execution Time,15,1.112,2
83aaa5e8dd69c9faf4d8680a9c73c0ef9f4cbc5d,2026-04-26,1,plan-enumerators,cardinality-agnostic,cycle,"mutable (single core, DPccp)",Execution Time,18,1.782,0
83aaa5e8dd69c9faf4d8680a9c73c0ef9f4cbc5d,2026-04-26,1,plan-enumerators,cardinality-agnostic,cycle,"mutable (single core, DPccp)",Execution Time,18,1.372,1
83aaa5e8dd69c9faf4d8680a9c73c0ef9f4cbc5d,2026-04-26,1,plan-enumerators,cardinality-agnostic,cycle,"mutable (single core, DPccp)",Execution Time,18,1.457,2
83aaa5e8dd69c9faf4d8680a9c73c0ef9f4cbc5d,2026-04-26,1,plan-enumerators,cardinality-agnostic,cycle,"mutable (single core, DPccp)",Execution Time,20,2.04,0
83aaa5e8dd69c9faf4d8680a9c73c0ef9f4cbc5d,2026-04-26,1,plan-enumerators,cardinality-agnostic,cycle,"mutable (single core, DPccp)",Execution Time,20,1.787,1
83aaa5e8dd69c9faf4d8680a9c73c0ef9f4cbc5d,2026-04-26,1,plan-enumerators,cardinality-agnostic,cycle,"mutable (single core, DPccp)",Execution Time,20,1.872,2
83aaa5e8dd69c9faf4d8680a9c73c0ef9f4cbc5d,2026-04-26,1,plan-enumerators,cardinality-agnostic,cycle,"mutable (single core, DPccp)",Execution Time,21,2.002,0
83aaa5e8dd69c9faf4d8680a9c73c0ef9f4cbc5d,2026-04-26,1,plan-enumerators,cardinality-agnostic,cycle,"mutable (single core, DPccp)",Execution Time,21,2.047,1
83aaa5e8dd69c9faf4d8680a9c73c0ef9f4cbc5d,2026-04-26,1,plan-enumerators,cardinality-agnostic,cycle,"mutable (single core, DPccp)",Execution Time,21,2.079,2
83aaa5e8dd69c9faf4d8680a9c73c0ef9f4cbc5d,2026-04-26,1,plan-enumerators,cardinality-agnostic,cycle,"mutable (single core, DPccp)",Execution Time,22,2.284,0
83aaa5e8dd69c9faf4d8680a9c73c0ef9f4cbc5d,2026-04-26,1,plan-enumerators,cardinality-agnostic,cycle,"mutable (single core, DPccp)",Execution Time,22,2.579,1
83aaa5e8dd69c9faf4d8680a9c73c0ef9f4cbc5d,2026-04-26,1,plan-enumerators,cardinality-agnostic,cycle,"mutable (single core, DPccp)",Execution Time,22,2.355,2
83aaa5e8dd69c9faf4d8680a9c73c0ef9f4cbc5d,2026-04-26,1,plan-enumerators,cardinality-agnostic,cycle,"mutable (single core, DPccp)",Execution Time,23,2.548,0
83aaa5e8dd69c9faf4d8680a9c73c0ef9f4cbc5d,2026-04-26,1,plan-enumerators,cardinality-agnostic,cycle,"mutable (single core, DPccp)",Execution Time,23,2.531,1
83aaa5e8dd69c9faf4d8680a9c73c0ef9f4cbc5d,2026-04-26,1,plan-enumerators,cardinality-agnostic,cycle,"mutable (single core, DPccp)",Execution Time,23,3.047,2
83aaa5e8dd69c9faf4d8680a9c73c0ef9f4cbc5d,2026-04-26,1,plan-enumerators,cardinality-agnostic,cycle,"mutable (single core, DPccp)",Execution Time,24,3.089,0
83aaa5e8dd69c9faf4d8680a9c73c0ef9f4cbc5d,2026-04-26,1,plan-enumerators,cardinality-agnostic,cycle,"mutable (single core, DPccp)",Execution Time,24,2.82,1
83aaa5e8dd69c9faf4d8680a9c73c0ef9f4cbc5d,2026-04-26,1,plan-enumerators,cardinality-agnostic,cycle,"mutable (single core, DPccp)",Execution Time,24,3.014,2
83aaa5e8dd69c9faf4d8680a9c73c0ef9f4cbc5d,2026-04-26,1,plan-enumerators,cardinality-agnostic,cycle,"mutable (single core, DPccp)",Execution Time,25,3.194,0
83aaa5e8dd69c9faf4d8680a9c73c0ef9f4cbc5d,2026-04-26,1,plan-enumerators,cardinality-agnostic,cycle,"mutable (single core, DPccp)",Execution Time,25,3.424,1
83aaa5e8dd69c9faf4d8680a9c73c0ef9f4cbc5d,2026-04-26,1,plan-enumerators,cardinality-agnostic,cycle,"mutable (single core, DPccp)",Execution Time,25,3.262,2
83aaa5e8dd69c9faf4d8680a9c73c0ef9f4cbc5d,2026-04-26,1,plan-enumerators,cardinality-agnostic,cycle,"mutable (single core, DPccp)",Execution Time,26,3.534,0
83aaa5e8dd69c9faf4d8680a9c73c0ef9f4cbc5d,2026-04-26,1,plan-enumerators,cardinality-agnostic,cycle,"mutable (single core, DPccp)",Execution Time,26,3.737,1
83aaa5e8dd69c9faf4d8680a9c73c0ef9f4cbc5d,2026-04-26,1,plan-enumerators,cardinality-agnostic,cycle,"mutable (single core, DPccp)",Execution Time,26,3.782,2
83aaa5e8dd69c9faf4d8680a9c73c0ef9f4cbc5d,2026-04-26,1,plan-enumerators,cardinality-agnostic,cycle,"mutable (single core, DPccp)",Execution Time,27,3.812,0
83aaa5e8dd69c9faf4d8680a9c73c0ef9f4cbc5d,2026-04-26,1,plan-enumerators,cardinality-agnostic,cycle,"mutable (single core, DPccp)",Execution Time,27,4.019,1
83aaa5e8dd69c9faf4d8680a9c73c0ef9f4cbc5d,2026-04-26,1,plan-enumerators,cardinality-agnostic,cycle,"mutable (single core, DPccp)",Execution Time,27,4.128,2
83aaa5e8dd69c9faf4d8680a9c73c0ef9f4cbc5d,2026-04-26,1,plan-enumerators,cardinality-agnostic,cycle,"mutable (single core, DPccp)",Execution Time,28,4.481,0
83aaa5e8dd69c9faf4d8680a9c73c0ef9f4cbc5d,2026-04-26,1,plan-enumerators,cardinality-agnostic,cycle,"mutable (single core, DPccp)",Execution Time,28,4.526,1
83aaa5e8dd69c9faf4d8680a9c73c0ef9f4cbc5d,2026-04-26,1,plan-enumerators,cardinality-agnostic,cycle,"mutable (single core, DPccp)",Execution Time,28,4.484,2
83aaa5e8dd69c9faf4d8680a9c73c0ef9f4cbc5d,2026-04-26,1,plan-enumerators,cardinality-agnostic,cycle,"mutable (single core, DPccp)",Execution Time,29,4.628,0
83aaa5e8dd69c9faf4d8680a9c73c0ef9f4cbc5d,2026-04-26,1,plan-enumerators,cardinality-agnostic,cycle,"mutable (single core, DPccp)",Execution Time,29,5.075,1
83aaa5e8dd69c9faf4d8680a9c73c0ef9f4cbc5d,2026-04-26,1,plan-enumerators,cardinality-agnostic,cycle,"mutable (single core, DPccp)",Execution Time,29,5.648,2
83aaa5e8dd69c9faf4d8680a9c73c0ef9f4cbc5d,2026-04-26,1,plan-enumerators,cardinality-agnostic,cycle,"mutable (single core, DPccp)",Execution Time,30,5.307,0
83aaa5e8dd69c9faf4d8680a9c73c0ef9f4cbc5d,2026-04-26,1,plan-enumerators,cardinality-agnostic,cycle,"mutable (single core, DPccp)",Execution Time,30,5.333,1
83aaa5e8dd69c9faf4d8680a9c73c0ef9f4cbc5d,2026-04-26,1,plan-enumerators,cardinality-agnostic,cycle,"mutable (single core, DPccp)",Execution Time,30,5.751,2
83aaa5e8dd69c9faf4d8680a9c73c0ef9f4cbc5d,2026-04-26,1,plan-enumerators,cardinality-agnostic,cycle,"mutable (single core, DPsizeOpt)",Execution Time,2,10000.0,0
83aaa5e8dd69c9faf4d8680a9c73c0ef9f4cbc5d,2026-04-26,1,plan-enumerators,cardinality-agnostic,cycle,"mutable (single core, DPsizeOpt)",Execution Time,2,10000.0,1
83aaa5e8dd69c9faf4d8680a9c73c0ef9f4cbc5d,2026-04-26,1,plan-enumerators,cardinality-agnostic,cycle,"mutable (single core, DPsizeOpt)",Execution Time,2,10000.0,2
83aaa5e8dd69c9faf4d8680a9c73c0ef9f4cbc5d,2026-04-26,1,plan-enumerators,cardinality-agnostic,cycle,"mutable (single core, DPsizeOpt)",Execution Time,3,10000.0,0
83aaa5e8dd69c9faf4d8680a9c73c0ef9f4cbc5d,2026-04-26,1,plan-enumerators,cardinality-agnostic,cycle,"mutable (single core, DPsizeOpt)",Execution Time,3,10000.0,1
83aaa5e8dd69c9faf4d8680a9c73c0ef9f4cbc5d,2026-04-26,1,plan-enumerators,cardinality-agnostic,cycle,"mutable (single core, DPsizeOpt)",Execution Time,3,10000.0,2
83aaa5e8dd69c9faf4d8680a9c73c0ef9f4cbc5d,2026-04-26,1,plan-enumerators,cardinality-agnostic,cycle,"mutable (single core, DPsizeOpt)",Execution Time,4,10000.0,0
83aaa5e8dd69c9faf4d8680a9c73c0ef9f4cbc5d,2026-04-26,1,plan-enumerators,cardinality-agnostic,cycle,"mutable (single core, DPsizeOpt)",Execution Time,4,10000.0,1
83aaa5e8dd69c9faf4d8680a9c73c0ef9f4cbc5d,2026-04-26,1,plan-enumerators,cardinality-agnostic,cycle,"mutable (single core, DPsizeOpt)",Execution Time,4,10000.0,2
83aaa5e8dd69c9faf4d8680a9c73c0ef9f4cbc5d,2026-04-26,1,plan-enumerators,cardinality-agnostic,cycle,"mutable (single core, DPsizeOpt)",Execution Time,5,10000.0,0
83aaa5e8dd69c9faf4d8680a9c73c0ef9f4cbc5d,2026-04-26,1,plan-enumerators,cardinality-agnostic,cycle,"mutable (single core, DPsizeOpt)",Execution Time,5,10000.0,1
83aaa5e8dd69c9faf4d8680a9c73c0ef9f4cbc5d,2026-04-26,1,plan-enumerators,cardinality-agnostic,cycle,"mutable (single core, DPsizeOpt)",Execution Time,5,10000.0,2
83aaa5e8dd69c9faf4d8680a9c73c0ef9f4cbc5d,2026-04-26,1,plan-enumerators,cardinality-agnostic,cycle,"mutable (single core, DPsizeOpt)",Execution Time,8,10000.0,0
83aaa5e8dd69c9faf4d8680a9c73c0ef9f4cbc5d,2026-04-26,1,plan-enumerators,cardinality-agnostic,cycle,"mutable (single core, DPsizeOpt)",Execution Time,8,10000.0,1
83aaa5e8dd69c9faf4d8680a9c73c0ef9f4cbc5d,2026-04-26,1,plan-enumerators,cardinality-agnostic,cycle,"mutable (single core, DPsizeOpt)",Execution Time,8,10000.0,2
83aaa5e8dd69c9faf4d8680a9c73c0ef9f4cbc5d,2026-04-26,1,plan-enumerators,cardinality-agnostic,cycle,"mutable (single core, DPsizeOpt)",Execution Time,10,10000.0,0
83aaa5e8dd69c9faf4d8680a9c73c0ef9f4cbc5d,2026-04-26,1,plan-enumerators,cardinality-agnostic,cycle,"mutable (single core, DPsizeOpt)",Execution Time,10,10000.0,1
83aaa5e8dd69c9faf4d8680a9c73c0ef9f4cbc5d,2026-04-26,1,plan-enumerators,cardinality-agnostic,cycle,"mutable (single core, DPsizeOpt)",Execution Time,10,10000.0,2
83aaa5e8dd69c9faf4d8680a9c73c0ef9f4cbc5d,2026-04-26,1,plan-enumerators,cardinality-agnostic,cycle,"mutable (single core, DPsizeOpt)",Execution Time,12,10000.0,0
83aaa5e8dd69c9faf4d8680a9c73c0ef9f4cbc5d,2026-04-26,1,plan-enumerators,cardinality-agnostic,cycle,"mutable (single core, DPsizeOpt)",Execution Time,12,10000.0,1
83aaa5e8dd69c9faf4d8680a9c73c0ef9f4cbc5d,2026-04-26,1,plan-enumerators,cardinality-agnostic,cycle,"mutable (single core, DPsizeOpt)",Execution Time,12,10000.0,2
83aaa5e8dd69c9faf4d8680a9c73c0ef9f4cbc5d,2026-04-26,1,plan-enumerators,cardinality-agnostic,cycle,"mutable (single core, DPsizeOpt)",Execution Time,15,10000.0,0
83aaa5e8dd69c9faf4d8680a9c73c0ef9f4cbc5d,2026-04-26,1,plan-enumerators,cardinality-agnostic,cycle,"mutable (single core, DPsizeOpt)",Execution Time,15,10000.0,1
83aaa5e8dd69c9faf4d8680a9c73c0ef9f4cbc5d,2026-04-26,1,plan-enumerators,cardinality-agnostic,cycle,"mutable (single core, DPsizeOpt)",Execution Time,15,10000.0,2
83aaa5e8dd69c9faf4d8680a9c73c0ef9f4cbc5d,2026-04-26,1,plan-enumerators,cardinality-agnostic,cycle,"mutable (single core, DPsizeOpt)",Execution Time,18,10000.0,0
83aaa5e8dd69c9faf4d8680a9c73c0ef9f4cbc5d,2026-04-26,1,plan-enumerators,cardinality-agnostic,cycle,"mutable (single core, DPsizeOpt)",Execution Time,18,10000.0,1
83aaa5e8dd69c9faf4d8680a9c73c0ef9f4cbc5d,2026-04-26,1,plan-enumerators,cardinality-agnostic,cycle,"mutable (single core, DPsizeOpt)",Execution Time,18,10000.0,2
83aaa5e8dd69c9faf4d8680a9c73c0ef9f4cbc5d,2026-04-26,1,plan-enumerators,cardinality-agnostic,cycle,"mutable (single core, DPsizeOpt)",Execution Time,20,10000.0,0
83aaa5e8dd69c9faf4d8680a9c73c0ef9f4cbc5d,2026-04-26,1,plan-enumerators,cardinality-agnostic,cycle,"mutable (single core, DPsizeOpt)",Execution Time,20,10000.0,1
83aaa5e8dd69c9faf4d8680a9c73c0ef9f4cbc5d,2026-04-26,1,plan-enumerators,cardinality-agnostic,cycle,"mutable (single core, DPsizeOpt)",Execution Time,20,10000.0,2
83aaa5e8dd69c9faf4d8680a9c73c0ef9f4cbc5d,2026-04-26,1,plan-enumerators,cardinality-agnostic,cycle,"mutable (single core, DPsizeOpt)",Execution Time,21,10000.0,0
83aaa5e8dd69c9faf4d8680a9c73c0ef9f4cbc5d,2026-04-26,1,plan-enumerators,cardinality-agnostic,cycle,"mutable (single core, DPsizeOpt)",Execution Time,21,10000.0,1
83aaa5e8dd69c9faf4d8680a9c73c0ef9f4cbc5d,2026-04-26,1,plan-enumerators,cardinality-agnostic,cycle,"mutable (single core, DPsizeOpt)",Execution Time,21,10000.0,2
83aaa5e8dd69c9faf4d8680a9c73c0ef9f4cbc5d,2026-04-26,1,plan-enumerators,cardinality-agnostic,cycle,"mutable (single core, DPsizeOpt)",Execution Time,22,10000.0,0
83aaa5e8dd69c9faf4d8680a9c73c0ef9f4cbc5d,2026-04-26,1,plan-enumerators,cardinality-agnostic,cycle,"mutable (single core, DPsizeOpt)",Execution Time,22,10000.0,1
83aaa5e8dd69c9faf4d8680a9c73c0ef9f4cbc5d,2026-04-26,1,plan-enumerators,cardinality-agnostic,cycle,"mutable (single core, DPsizeOpt)",Execution Time,22,10000.0,2
83aaa5e8dd69c9faf4d8680a9c73c0ef9f4cbc5d,2026-04-26,1,plan-enumerators,cardinality-agnostic,cycle,"mutable (single core, DPsizeOpt)",Execution Time,23,10000.0,0
83aaa5e8dd69c9faf4d8680a9c73c0ef9f4cbc5d,2026-04-26,1,plan-enumerators,cardinality-agnostic,cycle,"mutable (single core, DPsizeOpt)",Execution Time,23,10000.0,1
83aaa5e8dd69c9faf4d8680a9c73c0ef9f4cbc5d,2026-04-26,1,plan-enumerators,cardinality-agnostic,cycle,"mutable (single core, DPsizeOpt)",Execution Time,23,10000.0,2
83aaa5e8dd69c9faf4d8680a9c73c0ef9f4cbc5d,2026-04-26,1,plan-enumerators,cardinality-agnostic,cycle,"mutable (single core, DPsizeOpt)",Execution Time,24,10000.0,0
83aaa5e8dd69c9faf4d8680a9c73c0ef9f4cbc5d,2026-04-26,1,plan-enumerators,cardinality-agnostic,cycle,"mutable (single core, DPsizeOpt)",Execution Time,24,10000.0,1
83aaa5e8dd69c9faf4d8680a9c73c0ef9f4cbc5d,2026-04-26,1,plan-enumerators,cardinality-agnostic,cycle,"mutable (single core, DPsizeOpt)",Execution Time,24,10000.0,2
83aaa5e8dd69c9faf4d8680a9c73c0ef9f4cbc5d,2026-04-26,1,plan-enumerators,cardinality-agnostic,cycle,"mutable (single core, DPsizeOpt)",Execution Time,25,10000.0,0
83aaa5e8dd69c9faf4d8680a9c73c0ef9f4cbc5d,2026-04-26,1,plan-enumerators,cardinality-agnostic,cycle,"mutable (single core, DPsizeOpt)",Execution Time,25,10000.0,1
83aaa5e8dd69c9faf4d8680a9c73c0ef9f4cbc5d,2026-04-26,1,plan-enumerators,cardinality-agnostic,cycle,"mutable (single core, DPsizeOpt)",Execution Time,25,10000.0,2
83aaa5e8dd69c9faf4d8680a9c73c0ef9f4cbc5d,2026-04-26,1,plan-enumerators,cardinality-agnostic,cycle,"mutable (single core, DPsizeOpt)",Execution Time,26,10000.0,0
83aaa5e8dd69c9faf4d8680a9c73c0ef9f4cbc5d,2026-04-26,1,plan-enumerators,cardinality-agnostic,cycle,"mutable (single core, DPsizeOpt)",Execution Time,26,10000.0,1
83aaa5e8dd69c9faf4d8680a9c73c0ef9f4cbc5d,2026-04-26,1,plan-enumerators,cardinality-agnostic,cycle,"mutable (single core, DPsizeOpt)",Execution Time,26,10000.0,2
83aaa5e8dd69c9faf4d8680a9c73c0ef9f4cbc5d,2026-04-26,1,plan-enumerators,cardinality-agnostic,cycle,"mutable (single core, DPsizeOpt)",Execution Time,27,10000.0,0
83aaa5e8dd69c9faf4d8680a9c73c0ef9f4cbc5d,2026-04-26,1,plan-enumerators,cardinality-agnostic,cycle,"mutable (single core, DPsizeOpt)",Execution Time,27,10000.0,1
83aaa5e8dd69c9faf4d8680a9c73c0ef9f4cbc5d,2026-04-26,1,plan-enumerators,cardinality-agnostic,cycle,"mutable (single core, DPsizeOpt)",Execution Time,27,10000.0,2
83aaa5e8dd69c9faf4d8680a9c73c0ef9f4cbc5d,2026-04-26,1,plan-enumerators,cardinality-agnostic,cycle,"mutable (single core, DPsizeOpt)",Execution Time,28,10000.0,0
83aaa5e8dd69c9faf4d8680a9c73c0ef9f4cbc5d,2026-04-26,1,plan-enumerators,cardinality-agnostic,cycle,"mutable (single core, DPsizeOpt)",Execution Time,28,10000.0,1
83aaa5e8dd69c9faf4d8680a9c73c0ef9f4cbc5d,2026-04-26,1,plan-enumerators,cardinality-agnostic,cycle,"mutable (single core, DPsizeOpt)",Execution Time,28,10000.0,2
83aaa5e8dd69c9faf4d8680a9c73c0ef9f4cbc5d,2026-04-26,1,plan-enumerators,cardinality-agnostic,cycle,"mutable (single core, DPsizeOpt)",Execution Time,29,10000.0,0
83aaa5e8dd69c9faf4d8680a9c73c0ef9f4cbc5d,2026-04-26,1,plan-enumerators,cardinality-agnostic,cycle,"mutable (single core, DPsizeOpt)",Execution Time,29,10000.0,1
83aaa5e8dd69c9faf4d8680a9c73c0ef9f4cbc5d,2026-04-26,1,plan-enumerators,cardinality-agnostic,cycle,"mutable (single core, DPsizeOpt)",Execution Time,29,10000.0,2
83aaa5e8dd69c9faf4d8680a9c73c0ef9f4cbc5d,2026-04-26,1,plan-enumerators,cardinality-agnostic,cycle,"mutable (single core, DPsizeOpt)",Execution Time,30,10000.0,0
83aaa5e8dd69c9faf4d8680a9c73c0ef9f4cbc5d,2026-04-26,1,plan-enumerators,cardinality-agnostic,cycle,"mutable (single core, DPsizeOpt)",Execution Time,30,10000.0,1
83aaa5e8dd69c9faf4d8680a9c73c0ef9f4cbc5d,2026-04-26,1,plan-enumerators,cardinality-agnostic,cycle,"mutable (single core, DPsizeOpt)",Execution Time,30,10000.0,2
83aaa5e8dd69c9faf4d8680a9c73c0ef9f4cbc5d,2026-04-26,1,plan-enumerators,cardinality-agnostic,cycle,"mutable (single core, DPsub)",Execution Time,2,10000.0,0
83aaa5e8dd69c9faf4d8680a9c73c0ef9f4cbc5d,2026-04-26,1,plan-enumerators,cardinality-agnostic,cycle,"mutable (single core, DPsub)",Execution Time,2,10000.0,1
83aaa5e8dd69c9faf4d8680a9c73c0ef9f4cbc5d,2026-04-26,1,plan-enumerators,cardinality-agnostic,cycle,"mutable (single core, DPsub)",Execution Time,2,10000.0,2
83aaa5e8dd69c9faf4d8680a9c73c0ef9f4cbc5d,2026-04-26,1,plan-enumerators,cardinality-agnostic,cycle,"mutable (single core, DPsub)",Execution Time,3,10000.0,0
83aaa5e8dd69c9faf4d8680a9c73c0ef9f4cbc5d,2026-04-26,1,plan-enumerators,cardinality-agnostic,cycle,"mutable (single core, DPsub)",Execution Time,3,10000.0,1
83aaa5e8dd69c9faf4d8680a9c73c0ef9f4cbc5d,2026-04-26,1,plan-enumerators,cardinality-agnostic,cycle,"mutable (single core, DPsub)",Execution Time,3,10000.0,2
83aaa5e8dd69c9faf4d8680a9c73c0ef9f4cbc5d,2026-04-26,1,plan-enumerators,cardinality-agnostic,cycle,"mutable (single core, DPsub)",Execution Time,4,10000.0,0
83aaa5e8dd69c9faf4d8680a9c73c0ef9f4cbc5d,2026-04-26,1,plan-enumerators,cardinality-agnostic,cycle,"mutable (single core, DPsub)",Execution Time,4,10000.0,1
83aaa5e8dd69c9faf4d8680a9c73c0ef9f4cbc5d,2026-04-26,1,plan-enumerators,cardinality-agnostic,cycle,"mutable (single core, DPsub)",Execution Time,4,10000.0,2
83aaa5e8dd69c9faf4d8680a9c73c0ef9f4cbc5d,2026-04-26,1,plan-enumerators,cardinality-agnostic,cycle,"mutable (single core, DPsub)",Execution Time,5,10000.0,0
83aaa5e8dd69c9faf4d8680a9c73c0ef9f4cbc5d,2026-04-26,1,plan-enumerators,cardinality-agnostic,cycle,"mutable (single core, DPsub)",Execution Time,5,10000.0,1
83aaa5e8dd69c9faf4d8680a9c73c0ef9f4cbc5d,2026-04-26,1,plan-enumerators,cardinality-agnostic,cycle,"mutable (single core, DPsub)",Execution Time,5,10000.0,2
83aaa5e8dd69c9faf4d8680a9c73c0ef9f4cbc5d,2026-04-26,1,plan-enumerators,cardinality-agnostic,cycle,"mutable (single core, DPsub)",Execution Time,8,10000.0,0
83aaa5e8dd69c9faf4d8680a9c73c0ef9f4cbc5d,2026-04-26,1,plan-enumerators,cardinality-agnostic,cycle,"mutable (single core, DPsub)",Execution Time,8,10000.0,1
83aaa5e8dd69c9faf4d8680a9c73c0ef9f4cbc5d,2026-04-26,1,plan-enumerators,cardinality-agnostic,cycle,"mutable (single core, DPsub)",Execution Time,8,10000.0,2
83aaa5e8dd69c9faf4d8680a9c73c0ef9f4cbc5d,2026-04-26,1,plan-enumerators,cardinality-agnostic,cycle,"mutable (single core, DPsub)",Execution Time,10,10000.0,0
83aaa5e8dd69c9faf4d8680a9c73c0ef9f4cbc5d,2026-04-26,1,plan-enumerators,cardinality-agnostic,cycle,"mutable (single core, DPsub)",Execution Time,10,10000.0,1
83aaa5e8dd69c9faf4d8680a9c73c0ef9f4cbc5d,2026-04-26,1,plan-enumerators,cardinality-agnostic,cycle,"mutable (single core, DPsub)",Execution Time,10,10000.0,2
83aaa5e8dd69c9faf4d8680a9c73c0ef9f4cbc5d,2026-04-26,1,plan-enumerators,cardinality-agnostic,cycle,"mutable (single core, DPsub)",Execution Time,12,10000.0,0
83aaa5e8dd69c9faf4d8680a9c73c0ef9f4cbc5d,2026-04-26,1,plan-enumerators,cardinality-agnostic,cycle,"mutable (single core, DPsub)",Execution Time,12,10000.0,1
83aaa5e8dd69c9faf4d8680a9c73c0ef9f4cbc5d,2026-04-26,1,plan-enumerators,cardinality-agnostic,cycle,"mutable (single core, DPsub)",Execution Time,12,10000.0,2
83aaa5e8dd69c9faf4d8680a9c73c0ef9f4cbc5d,2026-04-26,1,plan-enumerators,cardinality-agnostic,cycle,"mutable (single core, DPsub)",Execution Time,15,10000.0,0
83aaa5e8dd69c9faf4d8680a9c73c0ef9f4cbc5d,2026-04-26,1,plan-enumerators,cardinality-agnostic,cycle,"mutable (single core, DPsub)",Execution Time,15,10000.0,1
83aaa5e8dd69c9faf4d8680a9c73c0ef9f4cbc5d,2026-04-26,1,plan-enumerators,cardinality-agnostic,cycle,"mutable (single core, DPsub)",Execution Time,15,10000.0,2
83aaa5e8dd69c9faf4d8680a9c73c0ef9f4cbc5d,2026-04-26,1,plan-enumerators,cardinality-agnostic,cycle,"mutable (single core, DPsub)",Execution Time,18,10000.0,0
83aaa5e8dd69c9faf4d8680a9c73c0ef9f4cbc5d,2026-04-26,1,plan-enumerators,cardinality-agnostic,cycle,"mutable (single core, DPsub)",Execution Time,18,10000.0,1
83aaa5e8dd69c9faf4d8680a9c73c0ef9f4cbc5d,2026-04-26,1,plan-enumerators,cardinality-agnostic,cycle,"mutable (single core, DPsub)",Execution Time,18,10000.0,2
83aaa5e8dd69c9faf4d8680a9c73c0ef9f4cbc5d,2026-04-26,1,plan-enumerators,cardinality-agnostic,cycle,"mutable (single core, DPsub)",Execution Time,20,10000.0,0
83aaa5e8dd69c9faf4d8680a9c73c0ef9f4cbc5d,2026-04-26,1,plan-enumerators,cardinality-agnostic,cycle,"mutable (single core, DPsub)",Execution Time,20,10000.0,1
83aaa5e8dd69c9faf4d8680a9c73c0ef9f4cbc5d,2026-04-26,1,plan-enumerators,cardinality-agnostic,cycle,"mutable (single core, DPsub)",Execution Time,20,10000.0,2
83aaa5e8dd69c9faf4d8680a9c73c0ef9f4cbc5d,2026-04-26,1,plan-enumerators,cardinality-agnostic,cycle,"mutable (single core, DPsub)",Execution Time,21,10000.0,0
83aaa5e8dd69c9faf4d8680a9c73c0ef9f4cbc5d,2026-04-26,1,plan-enumerators,cardinality-agnostic,cycle,"mutable (single core, DPsub)",Execution Time,21,10000.0,1
83aaa5e8dd69c9faf4d8680a9c73c0ef9f4cbc5d,2026-04-26,1,plan-enumerators,cardinality-agnostic,cycle,"mutable (single core, DPsub)",Execution Time,21,10000.0,2
83aaa5e8dd69c9faf4d8680a9c73c0ef9f4cbc5d,2026-04-26,1,plan-enumerators,cardinality-agnostic,cycle,"mutable (single core, DPsub)",Execution Time,22,10000.0,0
83aaa5e8dd69c9faf4d8680a9c73c0ef9f4cbc5d,2026-04-26,1,plan-enumerators,cardinality-agnostic,cycle,"mutable (single core, DPsub)",Execution Time,22,10000.0,1
83aaa5e8dd69c9faf4d8680a9c73c0ef9f4cbc5d,2026-04-26,1,plan-enumerators,cardinality-agnostic,cycle,"mutable (single core, DPsub)",Execution Time,22,10000.0,2
83aaa5e8dd69c9faf4d8680a9c73c0ef9f4cbc5d,2026-04-26,1,plan-enumerators,cardinality-agnostic,cycle,"mutable (single core, DPsub)",Execution Time,23,10000.0,0
83aaa5e8dd69c9faf4d8680a9c73c0ef9f4cbc5d,2026-04-26,1,plan-enumerators,cardinality-agnostic,cycle,"mutable (single core, DPsub)",Execution Time,23,10000.0,1
83aaa5e8dd69c9faf4d8680a9c73c0ef9f4cbc5d,2026-04-26,1,plan-enumerators,cardinality-agnostic,cycle,"mutable (single core, DPsub)",Execution Time,23,10000.0,2
83aaa5e8dd69c9faf4d8680a9c73c0ef9f4cbc5d,2026-04-26,1,plan-enumerators,cardinality-agnostic,cycle,"mutable (single core, DPsub)",Execution Time,24,10000.0,0
83aaa5e8dd69c9faf4d8680a9c73c0ef9f4cbc5d,2026-04-26,1,plan-enumerators,cardinality-agnostic,cycle,"mutable (single core, DPsub)",Execution Time,24,10000.0,1
83aaa5e8dd69c9faf4d8680a9c73c0ef9f4cbc5d,2026-04-26,1,plan-enumerators,cardinality-agnostic,cycle,"mutable (single core, DPsub)",Execution Time,24,10000.0,2
83aaa5e8dd69c9faf4d8680a9c73c0ef9f4cbc5d,2026-04-26,1,plan-enumerators,cardinality-agnostic,cycle,"mutable (single core, DPsub)",Execution Time,25,10000.0,0
83aaa5e8dd69c9faf4d8680a9c73c0ef9f4cbc5d,2026-04-26,1,plan-enumerators,cardinality-agnostic,cycle,"mutable (single core, DPsub)",Execution Time,25,10000.0,1
83aaa5e8dd69c9faf4d8680a9c73c0ef9f4cbc5d,2026-04-26,1,plan-enumerators,cardinality-agnostic,cycle,"mutable (single core, DPsub)",Execution Time,25,10000.0,2
83aaa5e8dd69c9faf4d8680a9c73c0ef9f4cbc5d,2026-04-26,1,plan-enumerators,cardinality-agnostic,cycle,"mutable (single core, DPsub)",Execution Time,26,10000.0,0
83aaa5e8dd69c9faf4d8680a9c73c0ef9f4cbc5d,2026-04-26,1,plan-enumerators,cardinality-agnostic,cycle,"mutable (single core, DPsub)",Execution Time,26,10000.0,1
83aaa5e8dd69c9faf4d8680a9c73c0ef9f4cbc5d,2026-04-26,1,plan-enumerators,cardinality-agnostic,cycle,"mutable (single core, DPsub)",Execution Time,26,10000.0,2
83aaa5e8dd69c9faf4d8680a9c73c0ef9f4cbc5d,2026-04-26,1,plan-enumerators,cardinality-agnostic,cycle,"mutable (single core, DPsub)",Execution Time,27,10000.0,0
83aaa5e8dd69c9faf4d8680a9c73c0ef9f4cbc5d,2026-04-26,1,plan-enumerators,cardinality-agnostic,cycle,"mutable (single core, DPsub)",Execution Time,27,10000.0,1
83aaa5e8dd69c9faf4d8680a9c73c0ef9f4cbc5d,2026-04-26,1,plan-enumerators,cardinality-agnostic,cycle,"mutable (single core, DPsub)",Execution Time,27,10000.0,2
83aaa5e8dd69c9faf4d8680a9c73c0ef9f4cbc5d,2026-04-26,1,plan-enumerators,cardinality-agnostic,cycle,"mutable (single core, DPsub)",Execution Time,28,10000.0,0
83aaa5e8dd69c9faf4d8680a9c73c0ef9f4cbc5d,2026-04-26,1,plan-enumerators,cardinality-agnostic,cycle,"mutable (single core, DPsub)",Execution Time,28,10000.0,1
83aaa5e8dd69c9faf4d8680a9c73c0ef9f4cbc5d,2026-04-26,1,plan-enumerators,cardinality-agnostic,cycle,"mutable (single core, DPsub)",Execution Time,28,10000.0,2
83aaa5e8dd69c9faf4d8680a9c73c0ef9f4cbc5d,2026-04-26,1,plan-enumerators,cardinality-agnostic,cycle,"mutable (single core, DPsub)",Execution Time,29,10000.0,0
83aaa5e8dd69c9faf4d8680a9c73c0ef9f4cbc5d,2026-04-26,1,plan-enumerators,cardinality-agnostic,cycle,"mutable (single core, DPsub)",Execution Time,29,10000.0,1
83aaa5e8dd69c9faf4d8680a9c73c0ef9f4cbc5d,2026-04-26,1,plan-enumerators,cardinality-agnostic,cycle,"mutable (single core, DPsub)",Execution Time,29,10000.0,2
83aaa5e8dd69c9faf4d8680a9c73c0ef9f4cbc5d,2026-04-26,1,plan-enumerators,cardinality-agnostic,cycle,"mutable (single core, DPsub)",Execution Time,30,10000.0,0
83aaa5e8dd69c9faf4d8680a9c73c0ef9f4cbc5d,2026-04-26,1,plan-enumerators,cardinality-agnostic,cycle,"mutable (single core, DPsub)",Execution Time,30,10000.0,1
83aaa5e8dd69c9faf4d8680a9c73c0ef9f4cbc5d,2026-04-26,1,plan-enumerators,cardinality-agnostic,cycle,"mutable (single core, DPsub)",Execution Time,30,10000.0,2
83aaa5e8dd69c9faf4d8680a9c73c0ef9f4cbc5d,2026-04-26,1,plan-enumerators,cardinality-agnostic,cycle,"mutable (single core, DPsubOpt)",Execution Time,2,10000.0,0
83aaa5e8dd69c9faf4d8680a9c73c0ef9f4cbc5d,2026-04-26,1,plan-enumerators,cardinality-agnostic,cycle,"mutable (single core, DPsubOpt)",Execution Time,2,10000.0,1
83aaa5e8dd69c9faf4d8680a9c73c0ef9f4cbc5d,2026-04-26,1,plan-enumerators,cardinality-agnostic,cycle,"mutable (single core, DPsubOpt)",Execution Time,2,10000.0,2
83aaa5e8dd69c9faf4d8680a9c73c0ef9f4cbc5d,2026-04-26,1,plan-enumerators,cardinality-agnostic,cycle,"mutable (single core, DPsubOpt)",Execution Time,3,10000.0,0
83aaa5e8dd69c9faf4d8680a9c73c0ef9f4cbc5d,2026-04-26,1,plan-enumerators,cardinality-agnostic,cycle,"mutable (single core, DPsubOpt)",Execution Time,3,10000.0,1
83aaa5e8dd69c9faf4d8680a9c73c0ef9f4cbc5d,2026-04-26,1,plan-enumerators,cardinality-agnostic,cycle,"mutable (single core, DPsubOpt)",Execution Time,3,10000.0,2
83aaa5e8dd69c9faf4d8680a9c73c0ef9f4cbc5d,2026-04-26,1,plan-enumerators,cardinality-agnostic,cycle,"mutable (single core, DPsubOpt)",Execution Time,4,10000.0,0
83aaa5e8dd69c9faf4d8680a9c73c0ef9f4cbc5d,2026-04-26,1,plan-enumerators,cardinality-agnostic,cycle,"mutable (single core, DPsubOpt)",Execution Time,4,10000.0,1
83aaa5e8dd69c9faf4d8680a9c73c0ef9f4cbc5d,2026-04-26,1,plan-enumerators,cardinality-agnostic,cycle,"mutable (single core, DPsubOpt)",Execution Time,4,10000.0,2
83aaa5e8dd69c9faf4d8680a9c73c0ef9f4cbc5d,2026-04-26,1,plan-enumerators,cardinality-agnostic,cycle,"mutable (single core, DPsubOpt)",Execution Time,5,10000.0,0
83aaa5e8dd69c9faf4d8680a9c73c0ef9f4cbc5d,2026-04-26,1,plan-enumerators,cardinality-agnostic,cycle,"mutable (single core, DPsubOpt)",Execution Time,5,10000.0,1
83aaa5e8dd69c9faf4d8680a9c73c0ef9f4cbc5d,2026-04-26,1,plan-enumerators,cardinality-agnostic,cycle,"mutable (single core, DPsubOpt)",Execution Time,5,10000.0,2
83aaa5e8dd69c9faf4d8680a9c73c0ef9f4cbc5d,2026-04-26,1,plan-enumerators,cardinality-agnostic,cycle,"mutable (single core, DPsubOpt)",Execution Time,8,10000.0,0
83aaa5e8dd69c9faf4d8680a9c73c0ef9f4cbc5d,2026-04-26,1,plan-enumerators,cardinality-agnostic,cycle,"mutable (single core, DPsubOpt)",Execution Time,8,10000.0,1
83aaa5e8dd69c9faf4d8680a9c73c0ef9f4cbc5d,2026-04-26,1,plan-enumerators,cardinality-agnostic,cycle,"mutable (single core, DPsubOpt)",Execution Time,8,10000.0,2
83aaa5e8dd69c9faf4d8680a9c73c0ef9f4cbc5d,2026-04-26,1,plan-enumerators,cardinality-agnostic,cycle,"mutable (single core, DPsubOpt)",Execution Time,10,10000.0,0
83aaa5e8dd69c9faf4d8680a9c73c0ef9f4cbc5d,2026-04-26,1,plan-enumerators,cardinality-agnostic,cycle,"mutable (single core, DPsubOpt)",Execution Time,10,10000.0,1
83aaa5e8dd69c9faf4d8680a9c73c0ef9f4cbc5d,2026-04-26,1,plan-enumerators,cardinality-agnostic,cycle,"mutable (single core, DPsubOpt)",Execution Time,10,10000.0,2
83aaa5e8dd69c9faf4d8680a9c73c0ef9f4cbc5d,2026-04-26,1,plan-enumerators,cardinality-agnostic,cycle,"mutable (single core, DPsubOpt)",Execution Time,12,10000.0,0
83aaa5e8dd69c9faf4d8680a9c73c0ef9f4cbc5d,2026-04-26,1,plan-enumerators,cardinality-agnostic,cycle,"mutable (single core, DPsubOpt)",Execution Time,12,10000.0,1
83aaa5e8dd69c9faf4d8680a9c73c0ef9f4cbc5d,2026-04-26,1,plan-enumerators,cardinality-agnostic,cycle,"mutable (single core, DPsubOpt)",Execution Time,12,10000.0,2
83aaa5e8dd69c9faf4d8680a9c73c0ef9f4cbc5d,2026-04-26,1,plan-enumerators,cardinality-agnostic,cycle,"mutable (single core, DPsubOpt)",Execution Time,15,10000.0,0
83aaa5e8dd69c9faf4d8680a9c73c0ef9f4cbc5d,2026-04-26,1,plan-enumerators,cardinality-agnostic,cycle,"mutable (single core, DPsubOpt)",Execution Time,15,10000.0,1
83aaa5e8dd69c9faf4d8680a9c73c0ef9f4cbc5d,2026-04-26,1,plan-enumerators,cardinality-agnostic,cycle,"mutable (single core, DPsubOpt)",Execution Time,15,10000.0,2
83aaa5e8dd69c9faf4d8680a9c73c0ef9f4cbc5d,2026-04-26,1,plan-enumerators,cardinality-agnostic,cycle,"mutable (single core, DPsubOpt)",Execution Time,18,10000.0,0
83aaa5e8dd69c9faf4d8680a9c73c0ef9f4cbc5d,2026-04-26,1,plan-enumerators,cardinality-agnostic,cycle,"mutable (single core, DPsubOpt)",Execution Time,18,10000.0,1
83aaa5e8dd69c9faf4d8680a9c73c0ef9f4cbc5d,2026-04-26,1,plan-enumerators,cardinality-agnostic,cycle,"mutable (single core, DPsubOpt)",Execution Time,18,10000.0,2
83aaa5e8dd69c9faf4d8680a9c73c0ef9f4cbc5d,2026-04-26,1,plan-enumerators,cardinality-agnostic,cycle,"mutable (single core, DPsubOpt)",Execution Time,20,10000.0,0
83aaa5e8dd69c9faf4d8680a9c73c0ef9f4cbc5d,2026-04-26,1,plan-enumerators,cardinality-agnostic,cycle,"mutable (single core, DPsubOpt)",Execution Time,20,10000.0,1
83aaa5e8dd69c9faf4d8680a9c73c0ef9f4cbc5d,2026-04-26,1,plan-enumerators,cardinality-agnostic,cycle,"mutable (single core, DPsubOpt)",Execution Time,20,10000.0,2
83aaa5e8dd69c9faf4d8680a9c73c0ef9f4cbc5d,2026-04-26,1,plan-enumerators,cardinality-agnostic,cycle,"mutable (single core, DPsubOpt)",Execution Time,21,10000.0,0
83aaa5e8dd69c9faf4d8680a9c73c0ef9f4cbc5d,2026-04-26,1,plan-enumerators,cardinality-agnostic,cycle,"mutable (single core, DPsubOpt)",Execution Time,21,10000.0,1
83aaa5e8dd69c9faf4d8680a9c73c0ef9f4cbc5d,2026-04-26,1,plan-enumerators,cardinality-agnostic,cycle,"mutable (single core, DPsubOpt)",Execution Time,21,10000.0,2
83aaa5e8dd69c9faf4d8680a9c73c0ef9f4cbc5d,2026-04-26,1,plan-enumerators,cardinality-agnostic,cycle,"mutable (single core, DPsubOpt)",Execution Time,22,10000.0,0
83aaa5e8dd69c9faf4d8680a9c73c0ef9f4cbc5d,2026-04-26,1,plan-enumerators,cardinality-agnostic,cycle,"mutable (single core, DPsubOpt)",Execution Time,22,10000.0,1
83aaa5e8dd69c9faf4d8680a9c73c0ef9f4cbc5d,2026-04-26,1,plan-enumerators,cardinality-agnostic,cycle,"mutable (single core, DPsubOpt)",Execution Time,22,10000.0,2
83aaa5e8dd69c9faf4d8680a9c73c0ef9f4cbc5d,2026-04-26,1,plan-enumerators,cardinality-agnostic,cycle,"mutable (single core, DPsubOpt)",Execution Time,23,10000.0,0
83aaa5e8dd69c9faf4d8680a9c73c0ef9f4cbc5d,2026-04-26,1,plan-enumerators,cardinality-agnostic,cycle,"mutable (single core, DPsubOpt)",Execution Time,23,10000.0,1
83aaa5e8dd69c9faf4d8680a9c73c0ef9f4cbc5d,2026-04-26,1,plan-enumerators,cardinality-agnostic,cycle,"mutable (single core, DPsubOpt)",Execution Time,23,10000.0,2
83aaa5e8dd69c9faf4d8680a9c73c0ef9f4cbc5d,2026-04-26,1,plan-enumerators,cardinality-agnostic,cycle,"mutable (single core, DPsubOpt)",Execution Time,24,10000.0,0
83aaa5e8dd69c9faf4d8680a9c73c0ef9f4cbc5d,2026-04-26,1,plan-enumerators,cardinality-agnostic,cycle,"mutable (single core, DPsubOpt)",Execution Time,24,10000.0,1
83aaa5e8dd69c9faf4d8680a9c73c0ef9f4cbc5d,2026-04-26,1,plan-enumerators,cardinality-agnostic,cycle,"mutable (single core, DPsubOpt)",Execution Time,24,10000.0,2
83aaa5e8dd69c9faf4d8680a9c73c0ef9f4cbc5d,2026-04-26,1,plan-enumerators,cardinality-agnostic,cycle,"mutable (single core, DPsubOpt)",Execution Time,25,10000.0,0
83aaa5e8dd69c9faf4d8680a9c73c0ef9f4cbc5d,2026-04-26,1,plan-enumerators,cardinality-agnostic,cycle,"mutable (single core, DPsubOpt)",Execution Time,25,10000.0,1
83aaa5e8dd69c9faf4d8680a9c73c0ef9f4cbc5d,2026-04-26,1,plan-enumerators,cardinality-agnostic,cycle,"mutable (single core, DPsubOpt)",Execution Time,25,10000.0,2
83aaa5e8dd69c9faf4d8680a9c73c0ef9f4cbc5d,2026-04-26,1,plan-enumerators,cardinality-agnostic,cycle,"mutable (single core, DPsubOpt)",Execution Time,26,10000.0,0
83aaa5e8dd69c9faf4d8680a9c73c0ef9f4cbc5d,2026-04-26,1,plan-enumerators,cardinality-agnostic,cycle,"mutable (single core, DPsubOpt)",Execution Time,26,10000.0,1
83aaa5e8dd69c9faf4d8680a9c73c0ef9f4cbc5d,2026-04-26,1,plan-enumerators,cardinality-agnostic,cycle,"mutable (single core, DPsubOpt)",Execution Time,26,10000.0,2
83aaa5e8dd69c9faf4d8680a9c73c0ef9f4cbc5d,2026-04-26,1,plan-enumerators,cardinality-agnostic,cycle,"mutable (single core, DPsubOpt)",Execution Time,27,10000.0,0
83aaa5e8dd69c9faf4d8680a9c73c0ef9f4cbc5d,2026-04-26,1,plan-enumerators,cardinality-agnostic,cycle,"mutable (single core, DPsubOpt)",Execution Time,27,10000.0,1
83aaa5e8dd69c9faf4d8680a9c73c0ef9f4cbc5d,2026-04-26,1,plan-enumerators,cardinality-agnostic,cycle,"mutable (single core, DPsubOpt)",Execution Time,27,10000.0,2
83aaa5e8dd69c9faf4d8680a9c73c0ef9f4cbc5d,2026-04-26,1,plan-enumerators,cardinality-agnostic,cycle,"mutable (single core, DPsubOpt)",Execution Time,28,10000.0,0
83aaa5e8dd69c9faf4d8680a9c73c0ef9f4cbc5d,2026-04-26,1,plan-enumerators,cardinality-agnostic,cycle,"mutable (single core, DPsubOpt)",Execution Time,28,10000.0,1
83aaa5e8dd69c9faf4d8680a9c73c0ef9f4cbc5d,2026-04-26,1,plan-enumerators,cardinality-agnostic,cycle,"mutable (single core, DPsubOpt)",Execution Time,28,10000.0,2
83aaa5e8dd69c9faf4d8680a9c73c0ef9f4cbc5d,2026-04-26,1,plan-enumerators,cardinality-agnostic,cycle,"mutable (single core, DPsubOpt)",Execution Time,29,10000.0,0
83aaa5e8dd69c9faf4d8680a9c73c0ef9f4cbc5d,2026-04-26,1,plan-enumerators,cardinality-agnostic,cycle,"mutable (single core, DPsubOpt)",Execution Time,29,10000.0,1
83aaa5e8dd69c9faf4d8680a9c73c0ef9f4cbc5d,2026-04-26,1,plan-enumerators,cardinality-agnostic,cycle,"mutable (single core, DPsubOpt)",Execution Time,29,10000.0,2
83aaa5e8dd69c9faf4d8680a9c73c0ef9f4cbc5d,2026-04-26,1,plan-enumerators,cardinality-agnostic,cycle,"mutable (single core, DPsubOpt)",Execution Time,30,10000.0,0
83aaa5e8dd69c9faf4d8680a9c73c0ef9f4cbc5d,2026-04-26,1,plan-enumerators,cardinality-agnostic,cycle,"mutable (single core, DPsubOpt)",Execution Time,30,10000.0,1
83aaa5e8dd69c9faf4d8680a9c73c0ef9f4cbc5d,2026-04-26,1,plan-enumerators,cardinality-agnostic,cycle,"mutable (single core, DPsubOpt)",Execution Time,30,10000.0,2
83aaa5e8dd69c9faf4d8680a9c73c0ef9f4cbc5d,2026-04-26,1,plan-enumerators,cardinality-agnostic,cycle,"mutable (single core, DPsizeSub)",Execution Time,2,10000.0,0
83aaa5e8dd69c9faf4d8680a9c73c0ef9f4cbc5d,2026-04-26,1,plan-enumerators,cardinality-agnostic,cycle,"mutable (single core, DPsizeSub)",Execution Time,2,10000.0,1
83aaa5e8dd69c9faf4d8680a9c73c0ef9f4cbc5d,2026-04-26,1,plan-enumerators,cardinality-agnostic,cycle,"mutable (single core, DPsizeSub)",Execution Time,2,10000.0,2
83aaa5e8dd69c9faf4d8680a9c73c0ef9f4cbc5d,2026-04-26,1,plan-enumerators,cardinality-agnostic,cycle,"mutable (single core, DPsizeSub)",Execution Time,3,10000.0,0
83aaa5e8dd69c9faf4d8680a9c73c0ef9f4cbc5d,2026-04-26,1,plan-enumerators,cardinality-agnostic,cycle,"mutable (single core, DPsizeSub)",Execution Time,3,10000.0,1
83aaa5e8dd69c9faf4d8680a9c73c0ef9f4cbc5d,2026-04-26,1,plan-enumerators,cardinality-agnostic,cycle,"mutable (single core, DPsizeSub)",Execution Time,3,10000.0,2
83aaa5e8dd69c9faf4d8680a9c73c0ef9f4cbc5d,2026-04-26,1,plan-enumerators,cardinality-agnostic,cycle,"mutable (single core, DPsizeSub)",Execution Time,4,10000.0,0
83aaa5e8dd69c9faf4d8680a9c73c0ef9f4cbc5d,2026-04-26,1,plan-enumerators,cardinality-agnostic,cycle,"mutable (single core, DPsizeSub)",Execution Time,4,10000.0,1
83aaa5e8dd69c9faf4d8680a9c73c0ef9f4cbc5d,2026-04-26,1,plan-enumerators,cardinality-agnostic,cycle,"mutable (single core, DPsizeSub)",Execution Time,4,10000.0,2
83aaa5e8dd69c9faf4d8680a9c73c0ef9f4cbc5d,2026-04-26,1,plan-enumerators,cardinality-agnostic,cycle,"mutable (single core, DPsizeSub)",Execution Time,5,10000.0,0
83aaa5e8dd69c9faf4d8680a9c73c0ef9f4cbc5d,2026-04-26,1,plan-enumerators,cardinality-agnostic,cycle,"mutable (single core, DPsizeSub)",Execution Time,5,10000.0,1
83aaa5e8dd69c9faf4d8680a9c73c0ef9f4cbc5d,2026-04-26,1,plan-enumerators,cardinality-agnostic,cycle,"mutable (single core, DPsizeSub)",Execution Time,5,10000.0,2
83aaa5e8dd69c9faf4d8680a9c73c0ef9f4cbc5d,2026-04-26,1,plan-enumerators,cardinality-agnostic,cycle,"mutable (single core, DPsizeSub)",Execution Time,8,10000.0,0
83aaa5e8dd69c9faf4d8680a9c73c0ef9f4cbc5d,2026-04-26,1,plan-enumerators,cardinality-agnostic,cycle,"mutable (single core, DPsizeSub)",Execution Time,8,10000.0,1
83aaa5e8dd69c9faf4d8680a9c73c0ef9f4cbc5d,2026-04-26,1,plan-enumerators,cardinality-agnostic,cycle,"mutable (single core, DPsizeSub)",Execution Time,8,10000.0,2
83aaa5e8dd69c9faf4d8680a9c73c0ef9f4cbc5d,2026-04-26,1,plan-enumerators,cardinality-agnostic,cycle,"mutable (single core, DPsizeSub)",Execution Time,10,10000.0,0
83aaa5e8dd69c9faf4d8680a9c73c0ef9f4cbc5d,2026-04-26,1,plan-enumerators,cardinality-agnostic,cycle,"mutable (single core, DPsizeSub)",Execution Time,10,10000.0,1
83aaa5e8dd69c9faf4d8680a9c73c0ef9f4cbc5d,2026-04-26,1,plan-enumerators,cardinality-agnostic,cycle,"mutable (single core, DPsizeSub)",Execution Time,10,10000.0,2
83aaa5e8dd69c9faf4d8680a9c73c0ef9f4cbc5d,2026-04-26,1,plan-enumerators,cardinality-agnostic,cycle,"mutable (single core, DPsizeSub)",Execution Time,12,10000.0,0
83aaa5e8dd69c9faf4d8680a9c73c0ef9f4cbc5d,2026-04-26,1,plan-enumerators,cardinality-agnostic,cycle,"mutable (single core, DPsizeSub)",Execution Time,12,10000.0,1
83aaa5e8dd69c9faf4d8680a9c73c0ef9f4cbc5d,2026-04-26,1,plan-enumerators,cardinality-agnostic,cycle,"mutable (single core, DPsizeSub)",Execution Time,12,10000.0,2
83aaa5e8dd69c9faf4d8680a9c73c0ef9f4cbc5d,2026-04-26,1,plan-enumerators,cardinality-agnostic,cycle,"mutable (single core, DPsizeSub)",Execution Time,15,10000.0,0
83aaa5e8dd69c9faf4d8680a9c73c0ef9f4cbc5d,2026-04-26,1,plan-enumerators,cardinality-agnostic,cycle,"mutable (single core, DPsizeSub)",Execution Time,15,10000.0,1
83aaa5e8dd69c9faf4d8680a9c73c0ef9f4cbc5d,2026-04-26,1,plan-enumerators,cardinality-agnostic,cycle,"mutable (single core, DPsizeSub)",Execution Time,15,10000.0,2
83aaa5e8dd69c9faf4d8680a9c73c0ef9f4cbc5d,2026-04-26,1,plan-enumerators,cardinality-agnostic,cycle,"mutable (single core, DPsizeSub)",Execution Time,18,10000.0,0
83aaa5e8dd69c9faf4d8680a9c73c0ef9f4cbc5d,2026-04-26,1,plan-enumerators,cardinality-agnostic,cycle,"mutable (single core, DPsizeSub)",Execution Time,18,10000.0,1
83aaa5e8dd69c9faf4d8680a9c73c0ef9f4cbc5d,2026-04-26,1,plan-enumerators,cardinality-agnostic,cycle,"mutable (single core, DPsizeSub)",Execution Time,18,10000.0,2
83aaa5e8dd69c9faf4d8680a9c73c0ef9f4cbc5d,2026-04-26,1,plan-enumerators,cardinality-agnostic,cycle,"mutable (single core, DPsizeSub)",Execution Time,20,10000.0,0
83aaa5e8dd69c9faf4d8680a9c73c0ef9f4cbc5d,2026-04-26,1,plan-enumerators,cardinality-agnostic,cycle,"mutable (single core, DPsizeSub)",Execution Time,20,10000.0,1
83aaa5e8dd69c9faf4d8680a9c73c0ef9f4cbc5d,2026-04-26,1,plan-enumerators,cardinality-agnostic,cycle,"mutable (single core, DPsizeSub)",Execution Time,20,10000.0,2
83aaa5e8dd69c9faf4d8680a9c73c0ef9f4cbc5d,2026-04-26,1,plan-enumerators,cardinality-agnostic,cycle,"mutable (single core, DPsizeSub)",Execution Time,21,10000.0,0
83aaa5e8dd69c9faf4d8680a9c73c0ef9f4cbc5d,2026-04-26,1,plan-enumerators,cardinality-agnostic,cycle,"mutable (single core, DPsizeSub)",Execution Time,21,10000.0,1
83aaa5e8dd69c9faf4d8680a9c73c0ef9f4cbc5d,2026-04-26,1,plan-enumerators,cardinality-agnostic,cycle,"mutable (single core, DPsizeSub)",Execution Time,21,10000.0,2
83aaa5e8dd69c9faf4d8680a9c73c0ef9f4cbc5d,2026-04-26,1,plan-enumerators,cardinality-agnostic,cycle,"mutable (single core, DPsizeSub)",Execution Time,22,10000.0,0
83aaa5e8dd69c9faf4d8680a9c73c0ef9f4cbc5d,2026-04-26,1,plan-enumerators,cardinality-agnostic,cycle,"mutable (single core, DPsizeSub)",Execution Time,22,10000.0,1
83aaa5e8dd69c9faf4d8680a9c73c0ef9f4cbc5d,2026-04-26,1,plan-enumerators,cardinality-agnostic,cycle,"mutable (single core, DPsizeSub)",Execution Time,22,10000.0,2
83aaa5e8dd69c9faf4d8680a9c73c0ef9f4cbc5d,2026-04-26,1,plan-enumerators,cardinality-agnostic,cycle,"mutable (single core, DPsizeSub)",Execution Time,23,10000.0,0
83aaa5e8dd69c9faf4d8680a9c73c0ef9f4cbc5d,2026-04-26,1,plan-enumerators,cardinality-agnostic,cycle,"mutable (single core, DPsizeSub)",Execution Time,23,10000.0,1
83aaa5e8dd69c9faf4d8680a9c73c0ef9f4cbc5d,2026-04-26,1,plan-enumerators,cardinality-agnostic,cycle,"mutable (single core, DPsizeSub)",Execution Time,23,10000.0,2
83aaa5e8dd69c9faf4d8680a9c73c0ef9f4cbc5d,2026-04-26,1,plan-enumerators,cardinality-agnostic,cycle,"mutable (single core, DPsizeSub)",Execution Time,24,10000.0,0
83aaa5e8dd69c9faf4d8680a9c73c0ef9f4cbc5d,2026-04-26,1,plan-enumerators,cardinality-agnostic,cycle,"mutable (single core, DPsizeSub)",Execution Time,24,10000.0,1
83aaa5e8dd69c9faf4d8680a9c73c0ef9f4cbc5d,2026-04-26,1,plan-enumerators,cardinality-agnostic,cycle,"mutable (single core, DPsizeSub)",Execution Time,24,10000.0,2
83aaa5e8dd69c9faf4d8680a9c73c0ef9f4cbc5d,2026-04-26,1,plan-enumerators,cardinality-agnostic,cycle,"mutable (single core, DPsizeSub)",Execution Time,25,10000.0,0
83aaa5e8dd69c9faf4d8680a9c73c0ef9f4cbc5d,2026-04-26,1,plan-enumerators,cardinality-agnostic,cycle,"mutable (single core, DPsizeSub)",Execution Time,25,10000.0,1
83aaa5e8dd69c9faf4d8680a9c73c0ef9f4cbc5d,2026-04-26,1,plan-enumerators,cardinality-agnostic,cycle,"mutable (single core, DPsizeSub)",Execution Time,25,10000.0,2
83aaa5e8dd69c9faf4d8680a9c73c0ef9f4cbc5d,2026-04-26,1,plan-enumerators,cardinality-agnostic,cycle,"mutable (single core, DPsizeSub)",Execution Time,26,10000.0,0
83aaa5e8dd69c9faf4d8680a9c73c0ef9f4cbc5d,2026-04-26,1,plan-enumerators,cardinality-agnostic,cycle,"mutable (single core, DPsizeSub)",Execution Time,26,10000.0,1
83aaa5e8dd69c9faf4d8680a9c73c0ef9f4cbc5d,2026-04-26,1,plan-enumerators,cardinality-agnostic,cycle,"mutable (single core, DPsizeSub)",Execution Time,26,10000.0,2
83aaa5e8dd69c9faf4d8680a9c73c0ef9f4cbc5d,2026-04-26,1,plan-enumerators,cardinality-agnostic,cycle,"mutable (single core, DPsizeSub)",Execution Time,27,10000.0,0
83aaa5e8dd69c9faf4d8680a9c73c0ef9f4cbc5d,2026-04-26,1,plan-enumerators,cardinality-agnostic,cycle,"mutable (single core, DPsizeSub)",Execution Time,27,10000.0,1
83aaa5e8dd69c9faf4d8680a9c73c0ef9f4cbc5d,2026-04-26,1,plan-enumerators,cardinality-agnostic,cycle,"mutable (single core, DPsizeSub)",Execution Time,27,10000.0,2
83aaa5e8dd69c9faf4d8680a9c73c0ef9f4cbc5d,2026-04-26,1,plan-enumerators,cardinality-agnostic,cycle,"mutable (single core, DPsizeSub)",Execution Time,28,10000.0,0
83aaa5e8dd69c9faf4d8680a9c73c0ef9f4cbc5d,2026-04-26,1,plan-enumerators,cardinality-agnostic,cycle,"mutable (single core, DPsizeSub)",Execution Time,28,10000.0,1
83aaa5e8dd69c9faf4d8680a9c73c0ef9f4cbc5d,2026-04-26,1,plan-enumerators,cardinality-agnostic,cycle,"mutable (single core, DPsizeSub)",Execution Time,28,10000.0,2
83aaa5e8dd69c9faf4d8680a9c73c0ef9f4cbc5d,2026-04-26,1,plan-enumerators,cardinality-agnostic,cycle,"mutable (single core, DPsizeSub)",Execution Time,29,10000.0,0
83aaa5e8dd69c9faf4d8680a9c73c0ef9f4cbc5d,2026-04-26,1,plan-enumerators,cardinality-agnostic,cycle,"mutable (single core, DPsizeSub)",Execution Time,29,10000.0,1
83aaa5e8dd69c9faf4d8680a9c73c0ef9f4cbc5d,2026-04-26,1,plan-enumerators,cardinality-agnostic,cycle,"mutable (single core, DPsizeSub)",Execution Time,29,10000.0,2
83aaa5e8dd69c9faf4d8680a9c73c0ef9f4cbc5d,2026-04-26,1,plan-enumerators,cardinality-agnostic,cycle,"mutable (single core, DPsizeSub)",Execution Time,30,10000.0,0
83aaa5e8dd69c9faf4d8680a9c73c0ef9f4cbc5d,2026-04-26,1,plan-enumerators,cardinality-agnostic,cycle,"mutable (single core, DPsizeSub)",Execution Time,30,10000.0,1
83aaa5e8dd69c9faf4d8680a9c73c0ef9f4cbc5d,2026-04-26,1,plan-enumerators,cardinality-agnostic,cycle,"mutable (single core, DPsizeSub)",Execution Time,30,10000.0,2
83aaa5e8dd69c9faf4d8680a9c73c0ef9f4cbc5d,2026-04-26,1,plan-enumerators,cardinality-agnostic,cycle,"mutable (single core, TDbasic)",Execution Time,2,0.078,0
83aaa5e8dd69c9faf4d8680a9c73c0ef9f4cbc5d,2026-04-26,1,plan-enumerators,cardinality-agnostic,cycle,"mutable (single core, TDbasic)",Execution Time,2,0.034,1
83aaa5e8dd69c9faf4d8680a9c73c0ef9f4cbc5d,2026-04-26,1,plan-enumerators,cardinality-agnostic,cycle,"mutable (single core, TDbasic)",Execution Time,2,0.03,2
83aaa5e8dd69c9faf4d8680a9c73c0ef9f4cbc5d,2026-04-26,1,plan-enumerators,cardinality-agnostic,cycle,"mutable (single core, TDbasic)",Execution Time,3,0.062,0
83aaa5e8dd69c9faf4d8680a9c73c0ef9f4cbc5d,2026-04-26,1,plan-enumerators,cardinality-agnostic,cycle,"mutable (single core, TDbasic)",Execution Time,3,0.048,1
83aaa5e8dd69c9faf4d8680a9c73c0ef9f4cbc5d,2026-04-26,1,plan-enumerators,cardinality-agnostic,cycle,"mutable (single core, TDbasic)",Execution Time,3,0.048,2
83aaa5e8dd69c9faf4d8680a9c73c0ef9f4cbc5d,2026-04-26,1,plan-enumerators,cardinality-agnostic,cycle,"mutable (single core, TDbasic)",Execution Time,4,0.134,0
83aaa5e8dd69c9faf4d8680a9c73c0ef9f4cbc5d,2026-04-26,1,plan-enumerators,cardinality-agnostic,cycle,"mutable (single core, TDbasic)",Execution Time,4,0.062,1
83aaa5e8dd69c9faf4d8680a9c73c0ef9f4cbc5d,2026-04-26,1,plan-enumerators,cardinality-agnostic,cycle,"mutable (single core, TDbasic)",Execution Time,4,0.052,2
83aaa5e8dd69c9faf4d8680a9c73c0ef9f4cbc5d,2026-04-26,1,plan-enumerators,cardinality-agnostic,cycle,"mutable (single core, TDbasic)",Execution Time,5,0.096,0
83aaa5e8dd69c9faf4d8680a9c73c0ef9f4cbc5d,2026-04-26,1,plan-enumerators,cardinality-agnostic,cycle,"mutable (single core, TDbasic)",Execution Time,5,0.146,1
83aaa5e8dd69c9faf4d8680a9c73c0ef9f4cbc5d,2026-04-26,1,plan-enumerators,cardinality-agnostic,cycle,"mutable (single core, TDbasic)",Execution Time,5,0.08,2
83aaa5e8dd69c9faf4d8680a9c73c0ef9f4cbc5d,2026-04-26,1,plan-enumerators,cardinality-agnostic,cycle,"mutable (single core, TDbasic)",Execution Time,8,0.202,0
83aaa5e8dd69c9faf4d8680a9c73c0ef9f4cbc5d,2026-04-26,1,plan-enumerators,cardinality-agnostic,cycle,"mutable (single core, TDbasic)",Execution Time,8,0.204,1
83aaa5e8dd69c9faf4d8680a9c73c0ef9f4cbc5d,2026-04-26,1,plan-enumerators,cardinality-agnostic,cycle,"mutable (single core, TDbasic)",Execution Time,8,0.158,2
83aaa5e8dd69c9faf4d8680a9c73c0ef9f4cbc5d,2026-04-26,1,plan-enumerators,cardinality-agnostic,cycle,"mutable (single core, TDbasic)",Execution Time,10,0.278,0
83aaa5e8dd69c9faf4d8680a9c73c0ef9f4cbc5d,2026-04-26,1,plan-enumerators,cardinality-agnostic,cycle,"mutable (single core, TDbasic)",Execution Time,10,0.26,1
83aaa5e8dd69c9faf4d8680a9c73c0ef9f4cbc5d,2026-04-26,1,plan-enumerators,cardinality-agnostic,cycle,"mutable (single core, TDbasic)",Execution Time,10,0.257,2
83aaa5e8dd69c9faf4d8680a9c73c0ef9f4cbc5d,2026-04-26,1,plan-enumerators,cardinality-agnostic,cycle,"mutable (single core, TDbasic)",Execution Time,12,0.491,0
83aaa5e8dd69c9faf4d8680a9c73c0ef9f4cbc5d,2026-04-26,1,plan-enumerators,cardinality-agnostic,cycle,"mutable (single core, TDbasic)",Execution Time,12,0.544,1
83aaa5e8dd69c9faf4d8680a9c73c0ef9f4cbc5d,2026-04-26,1,plan-enumerators,cardinality-agnostic,cycle,"mutable (single core, TDbasic)",Execution Time,12,0.521,2
83aaa5e8dd69c9faf4d8680a9c73c0ef9f4cbc5d,2026-04-26,1,plan-enumerators,cardinality-agnostic,cycle,"mutable (single core, TDbasic)",Execution Time,15,2.446,0
83aaa5e8dd69c9faf4d8680a9c73c0ef9f4cbc5d,2026-04-26,1,plan-enumerators,cardinality-agnostic,cycle,"mutable (single core, TDbasic)",Execution Time,15,2.613,1
83aaa5e8dd69c9faf4d8680a9c73c0ef9f4cbc5d,2026-04-26,1,plan-enumerators,cardinality-agnostic,cycle,"mutable (single core, TDbasic)",Execution Time,15,2.274,2
83aaa5e8dd69c9faf4d8680a9c73c0ef9f4cbc5d,2026-04-26,1,plan-enumerators,cardinality-agnostic,cycle,"mutable (single core, TDbasic)",Execution Time,18,14.955,0
83aaa5e8dd69c9faf4d8680a9c73c0ef9f4cbc5d,2026-04-26,1,plan-enumerators,cardinality-agnostic,cycle,"mutable (single core, TDbasic)",Execution Time,18,15.651,1
83aaa5e8dd69c9faf4d8680a9c73c0ef9f4cbc5d,2026-04-26,1,plan-enumerators,cardinality-agnostic,cycle,"mutable (single core, TDbasic)",Execution Time,18,14.812,2
83aaa5e8dd69c9faf4d8680a9c73c0ef9f4cbc5d,2026-04-26,1,plan-enumerators,cardinality-agnostic,cycle,"mutable (single core, TDbasic)",Execution Time,20,62.626,0
83aaa5e8dd69c9faf4d8680a9c73c0ef9f4cbc5d,2026-04-26,1,plan-enumerators,cardinality-agnostic,cycle,"mutable (single core, TDbasic)",Execution Time,20,65.665,1
83aaa5e8dd69c9faf4d8680a9c73c0ef9f4cbc5d,2026-04-26,1,plan-enumerators,cardinality-agnostic,cycle,"mutable (single core, TDbasic)",Execution Time,20,61.584,2
83aaa5e8dd69c9faf4d8680a9c73c0ef9f4cbc5d,2026-04-26,1,plan-enumerators,cardinality-agnostic,cycle,"mutable (single core, TDbasic)",Execution Time,21,130.051,0
83aaa5e8dd69c9faf4d8680a9c73c0ef9f4cbc5d,2026-04-26,1,plan-enumerators,cardinality-agnostic,cycle,"mutable (single core, TDbasic)",Execution Time,21,136.72,1
83aaa5e8dd69c9faf4d8680a9c73c0ef9f4cbc5d,2026-04-26,1,plan-enumerators,cardinality-agnostic,cycle,"mutable (single core, TDbasic)",Execution Time,21,128.758,2
83aaa5e8dd69c9faf4d8680a9c73c0ef9f4cbc5d,2026-04-26,1,plan-enumerators,cardinality-agnostic,cycle,"mutable (single core, TDbasic)",Execution Time,22,272.703,0
83aaa5e8dd69c9faf4d8680a9c73c0ef9f4cbc5d,2026-04-26,1,plan-enumerators,cardinality-agnostic,cycle,"mutable (single core, TDbasic)",Execution Time,22,284.503,1
83aaa5e8dd69c9faf4d8680a9c73c0ef9f4cbc5d,2026-04-26,1,plan-enumerators,cardinality-agnostic,cycle,"mutable (single core, TDbasic)",Execution Time,22,268.253,2
83aaa5e8dd69c9faf4d8680a9c73c0ef9f4cbc5d,2026-04-26,1,plan-enumerators,cardinality-agnostic,cycle,"mutable (single core, TDbasic)",Execution Time,23,565.211,0
83aaa5e8dd69c9faf4d8680a9c73c0ef9f4cbc5d,2026-04-26,1,plan-enumerators,cardinality-agnostic,cycle,"mutable (single core, TDbasic)",Execution Time,23,583.682,1
83aaa5e8dd69c9faf4d8680a9c73c0ef9f4cbc5d,2026-04-26,1,plan-enumerators,cardinality-agnostic,cycle,"mutable (single core, TDbasic)",Execution Time,23,562.059,2
83aaa5e8dd69c9faf4d8680a9c73c0ef9f4cbc5d,2026-04-26,1,plan-enumerators,cardinality-agnostic,cycle,"mutable (single core, TDbasic)",Execution Time,24,1217.19,0
83aaa5e8dd69c9faf4d8680a9c73c0ef9f4cbc5d,2026-04-26,1,plan-enumerators,cardinality-agnostic,cycle,"mutable (single core, TDbasic)",Execution Time,24,1203.92,1
83aaa5e8dd69c9faf4d8680a9c73c0ef9f4cbc5d,2026-04-26,1,plan-enumerators,cardinality-agnostic,cycle,"mutable (single core, TDbasic)",Execution Time,24,1160.9,2
83aaa5e8dd69c9faf4d8680a9c73c0ef9f4cbc5d,2026-04-26,1,plan-enumerators,cardinality-agnostic,cycle,"mutable (single core, TDbasic)",Execution Time,25,2472.99,0
83aaa5e8dd69c9faf4d8680a9c73c0ef9f4cbc5d,2026-04-26,1,plan-enumerators,cardinality-agnostic,cycle,"mutable (single core, TDbasic)",Execution Time,25,2569.6,1
83aaa5e8dd69c9faf4d8680a9c73c0ef9f4cbc5d,2026-04-26,1,plan-enumerators,cardinality-agnostic,cycle,"mutable (single core, TDbasic)",Execution Time,25,2474.76,2
83aaa5e8dd69c9faf4d8680a9c73c0ef9f4cbc5d,2026-04-26,1,plan-enumerators,cardinality-agnostic,cycle,"mutable (single core, TDbasic)",Execution Time,26,5101.81,0
83aaa5e8dd69c9faf4d8680a9c73c0ef9f4cbc5d,2026-04-26,1,plan-enumerators,cardinality-agnostic,cycle,"mutable (single core, TDbasic)",Execution Time,26,5267.1,1
83aaa5e8dd69c9faf4d8680a9c73c0ef9f4cbc5d,2026-04-26,1,plan-enumerators,cardinality-agnostic,cycle,"mutable (single core, TDbasic)",Execution Time,26,5163.09,2
83aaa5e8dd69c9faf4d8680a9c73c0ef9f4cbc5d,2026-04-26,1,plan-enumerators,cardinality-agnostic,cycle,"mutable (single core, TDbasic)",Execution Time,27,10838.8,0
83aaa5e8dd69c9faf4d8680a9c73c0ef9f4cbc5d,2026-04-26,1,plan-enumerators,cardinality-agnostic,cycle,"mutable (single core, TDbasic)",Execution Time,27,10855.7,1
83aaa5e8dd69c9faf4d8680a9c73c0ef9f4cbc5d,2026-04-26,1,plan-enumerators,cardinality-agnostic,cycle,"mutable (single core, TDbasic)",Execution Time,27,10557.9,2
83aaa5e8dd69c9faf4d8680a9c73c0ef9f4cbc5d,2026-04-26,1,plan-enumerators,cardinality-agnostic,cycle,"mutable (single core, TDbasic)",Execution Time,28,21920.6,0
83aaa5e8dd69c9faf4d8680a9c73c0ef9f4cbc5d,2026-04-26,1,plan-enumerators,cardinality-agnostic,cycle,"mutable (single core, TDbasic)",Execution Time,28,22252.5,1
83aaa5e8dd69c9faf4d8680a9c73c0ef9f4cbc5d,2026-04-26,1,plan-enumerators,cardinality-agnostic,cycle,"mutable (single core, TDbasic)",Execution Time,28,22059.2,2
83aaa5e8dd69c9faf4d8680a9c73c0ef9f4cbc5d,2026-04-26,1,plan-enumerators,cardinality-agnostic,cycle,"mutable (single core, TDbasic)",Execution Time,29,45508.2,0
83aaa5e8dd69c9faf4d8680a9c73c0ef9f4cbc5d,2026-04-26,1,plan-enumerators,cardinality-agnostic,cycle,"mutable (single core, TDbasic)",Execution Time,29,45288.7,1
83aaa5e8dd69c9faf4d8680a9c73c0ef9f4cbc5d,2026-04-26,1,plan-enumerators,cardinality-agnostic,cycle,"mutable (single core, TDbasic)",Execution Time,29,44942.4,2
83aaa5e8dd69c9faf4d8680a9c73c0ef9f4cbc5d,2026-04-26,1,plan-enumerators,cardinality-agnostic,cycle,"mutable (single core, TDbasic)",Execution Time,30,95660.8,0
83aaa5e8dd69c9faf4d8680a9c73c0ef9f4cbc5d,2026-04-26,1,plan-enumerators,cardinality-agnostic,cycle,"mutable (single core, TDbasic)",Execution Time,30,95161.6,1
83aaa5e8dd69c9faf4d8680a9c73c0ef9f4cbc5d,2026-04-26,1,plan-enumerators,cardinality-agnostic,cycle,"mutable (single core, TDbasic)",Execution Time,30,93980.9,2
83aaa5e8dd69c9faf4d8680a9c73c0ef9f4cbc5d,2026-04-26,1,plan-enumerators,cardinality-agnostic,cycle,"mutable (single core, TDMinCutAGaT)",Execution Time,2,0.084,0
83aaa5e8dd69c9faf4d8680a9c73c0ef9f4cbc5d,2026-04-26,1,plan-enumerators,cardinality-agnostic,cycle,"mutable (single core, TDMinCutAGaT)",Execution Time,2,0.03,1
83aaa5e8dd69c9faf4d8680a9c73c0ef9f4cbc5d,2026-04-26,1,plan-enumerators,cardinality-agnostic,cycle,"mutable (single core, TDMinCutAGaT)",Execution Time,2,0.027,2
83aaa5e8dd69c9faf4d8680a9c73c0ef9f4cbc5d,2026-04-26,1,plan-enumerators,cardinality-agnostic,cycle,"mutable (single core, TDMinCutAGaT)",Execution Time,3,0.055,0
83aaa5e8dd69c9faf4d8680a9c73c0ef9f4cbc5d,2026-04-26,1,plan-enumerators,cardinality-agnostic,cycle,"mutable (single core, TDMinCutAGaT)",Execution Time,3,0.038,1
83aaa5e8dd69c9faf4d8680a9c73c0ef9f4cbc5d,2026-04-26,1,plan-enumerators,cardinality-agnostic,cycle,"mutable (single core, TDMinCutAGaT)",Execution Time,3,0.044,2
83aaa5e8dd69c9faf4d8680a9c73c0ef9f4cbc5d,2026-04-26,1,plan-enumerators,cardinality-agnostic,cycle,"mutable (single core, TDMinCutAGaT)",Execution Time,4,0.062,0
83aaa5e8dd69c9faf4d8680a9c73c0ef9f4cbc5d,2026-04-26,1,plan-enumerators,cardinality-agnostic,cycle,"mutable (single core, TDMinCutAGaT)",Execution Time,4,0.057,1
83aaa5e8dd69c9faf4d8680a9c73c0ef9f4cbc5d,2026-04-26,1,plan-enumerators,cardinality-agnostic,cycle,"mutable (single core, TDMinCutAGaT)",Execution Time,4,0.055,2
83aaa5e8dd69c9faf4d8680a9c73c0ef9f4cbc5d,2026-04-26,1,plan-enumerators,cardinality-agnostic,cycle,"mutable (single core, TDMinCutAGaT)",Execution Time,5,0.092,0
83aaa5e8dd69c9faf4d8680a9c73c0ef9f4cbc5d,2026-04-26,1,plan-enumerators,cardinality-agnostic,cycle,"mutable (single core, TDMinCutAGaT)",Execution Time,5,0.077,1
83aaa5e8dd69c9faf4d8680a9c73c0ef9f4cbc5d,2026-04-26,1,plan-enumerators,cardinality-agnostic,cycle,"mutable (single core, TDMinCutAGaT)",Execution Time,5,0.084,2
83aaa5e8dd69c9faf4d8680a9c73c0ef9f4cbc5d,2026-04-26,1,plan-enumerators,cardinality-agnostic,cycle,"mutable (single core, TDMinCutAGaT)",Execution Time,8,0.215,0
83aaa5e8dd69c9faf4d8680a9c73c0ef9f4cbc5d,2026-04-26,1,plan-enumerators,cardinality-agnostic,cycle,"mutable (single core, TDMinCutAGaT)",Execution Time,8,0.164,1
83aaa5e8dd69c9faf4d8680a9c73c0ef9f4cbc5d,2026-04-26,1,plan-enumerators,cardinality-agnostic,cycle,"mutable (single core, TDMinCutAGaT)",Execution Time,8,0.174,2
83aaa5e8dd69c9faf4d8680a9c73c0ef9f4cbc5d,2026-04-26,1,plan-enumerators,cardinality-agnostic,cycle,"mutable (single core, TDMinCutAGaT)",Execution Time,10,0.316,0
83aaa5e8dd69c9faf4d8680a9c73c0ef9f4cbc5d,2026-04-26,1,plan-enumerators,cardinality-agnostic,cycle,"mutable (single core, TDMinCutAGaT)",Execution Time,10,0.261,1
83aaa5e8dd69c9faf4d8680a9c73c0ef9f4cbc5d,2026-04-26,1,plan-enumerators,cardinality-agnostic,cycle,"mutable (single core, TDMinCutAGaT)",Execution Time,10,0.268,2
83aaa5e8dd69c9faf4d8680a9c73c0ef9f4cbc5d,2026-04-26,1,plan-enumerators,cardinality-agnostic,cycle,"mutable (single core, TDMinCutAGaT)",Execution Time,12,0.424,0
83aaa5e8dd69c9faf4d8680a9c73c0ef9f4cbc5d,2026-04-26,1,plan-enumerators,cardinality-agnostic,cycle,"mutable (single core, TDMinCutAGaT)",Execution Time,12,0.413,1
83aaa5e8dd69c9faf4d8680a9c73c0ef9f4cbc5d,2026-04-26,1,plan-enumerators,cardinality-agnostic,cycle,"mutable (single core, TDMinCutAGaT)",Execution Time,12,0.436,2
83aaa5e8dd69c9faf4d8680a9c73c0ef9f4cbc5d,2026-04-26,1,plan-enumerators,cardinality-agnostic,cycle,"mutable (single core, TDMinCutAGaT)",Execution Time,15,1.034,0
83aaa5e8dd69c9faf4d8680a9c73c0ef9f4cbc5d,2026-04-26,1,plan-enumerators,cardinality-agnostic,cycle,"mutable (single core, TDMinCutAGaT)",Execution Time,15,1.016,1
83aaa5e8dd69c9faf4d8680a9c73c0ef9f4cbc5d,2026-04-26,1,plan-enumerators,cardinality-agnostic,cycle,"mutable (single core, TDMinCutAGaT)",Execution Time,15,1.094,2
83aaa5e8dd69c9faf4d8680a9c73c0ef9f4cbc5d,2026-04-26,1,plan-enumerators,cardinality-agnostic,cycle,"mutable (single core, TDMinCutAGaT)",Execution Time,18,1.559,0
83aaa5e8dd69c9faf4d8680a9c73c0ef9f4cbc5d,2026-04-26,1,plan-enumerators,cardinality-agnostic,cycle,"mutable (single core, TDMinCutAGaT)",Execution Time,18,1.43,1
83aaa5e8dd69c9faf4d8680a9c73c0ef9f4cbc5d,2026-04-26,1,plan-enumerators,cardinality-agnostic,cycle,"mutable (single core, TDMinCutAGaT)",Execution Time,18,1.475,2
83aaa5e8dd69c9faf4d8680a9c73c0ef9f4cbc5d,2026-04-26,1,plan-enumerators,cardinality-agnostic,cycle,"mutable (single core, TDMinCutAGaT)",Execution Time,20,1.966,0
83aaa5e8dd69c9faf4d8680a9c73c0ef9f4cbc5d,2026-04-26,1,plan-enumerators,cardinality-agnostic,cycle,"mutable (single core, TDMinCutAGaT)",Execution Time,20,1.921,1
83aaa5e8dd69c9faf4d8680a9c73c0ef9f4cbc5d,2026-04-26,1,plan-enumerators,cardinality-agnostic,cycle,"mutable (single core, TDMinCutAGaT)",Execution Time,20,2.03,2
83aaa5e8dd69c9faf4d8680a9c73c0ef9f4cbc5d,2026-04-26,1,plan-enumerators,cardinality-agnostic,cycle,"mutable (single core, TDMinCutAGaT)",Execution Time,21,2.282,0
83aaa5e8dd69c9faf4d8680a9c73c0ef9f4cbc5d,2026-04-26,1,plan-enumerators,cardinality-agnostic,cycle,"mutable (single core, TDMinCutAGaT)",Execution Time,21,2.594,1
83aaa5e8dd69c9faf4d8680a9c73c0ef9f4cbc5d,2026-04-26,1,plan-enumerators,cardinality-agnostic,cycle,"mutable (single core, TDMinCutAGaT)",Execution Time,21,2.306,2
83aaa5e8dd69c9faf4d8680a9c73c0ef9f4cbc5d,2026-04-26,1,plan-enumerators,cardinality-agnostic,cycle,"mutable (single core, TDMinCutAGaT)",Execution Time,22,2.682,0
83aaa5e8dd69c9faf4d8680a9c73c0ef9f4cbc5d,2026-04-26,1,plan-enumerators,cardinality-agnostic,cycle,"mutable (single core, TDMinCutAGaT)",Execution Time,22,2.627,1
83aaa5e8dd69c9faf4d8680a9c73c0ef9f4cbc5d,2026-04-26,1,plan-enumerators,cardinality-agnostic,cycle,"mutable (single core, TDMinCutAGaT)",Execution Time,22,2.536,2
83aaa5e8dd69c9faf4d8680a9c73c0ef9f4cbc5d,2026-04-26,1,plan-enumerators,cardinality-agnostic,cycle,"mutable (single core, TDMinCutAGaT)",Execution Time,23,3.029,0
83aaa5e8dd69c9faf4d8680a9c73c0ef9f4cbc5d,2026-04-26,1,plan-enumerators,cardinality-agnostic,cycle,"mutable (single core, TDMinCutAGaT)",Execution Time,23,2.949,1
83aaa5e8dd69c9faf4d8680a9c73c0ef9f4cbc5d,2026-04-26,1,plan-enumerators,cardinality-agnostic,cycle,"mutable (single core, TDMinCutAGaT)",Execution Time,23,2.981,2
83aaa5e8dd69c9faf4d8680a9c73c0ef9f4cbc5d,2026-04-26,1,plan-enumerators,cardinality-agnostic,cycle,"mutable (single core, TDMinCutAGaT)",Execution Time,24,3.333,0
83aaa5e8dd69c9faf4d8680a9c73c0ef9f4cbc5d,2026-04-26,1,plan-enumerators,cardinality-agnostic,cycle,"mutable (single core, TDMinCutAGaT)",Execution Time,24,3.318,1
83aaa5e8dd69c9faf4d8680a9c73c0ef9f4cbc5d,2026-04-26,1,plan-enumerators,cardinality-agnostic,cycle,"mutable (single core, TDMinCutAGaT)",Execution Time,24,3.769,2
83aaa5e8dd69c9faf4d8680a9c73c0ef9f4cbc5d,2026-04-26,1,plan-enumerators,cardinality-agnostic,cycle,"mutable (single core, TDMinCutAGaT)",Execution Time,25,4.076,0
83aaa5e8dd69c9faf4d8680a9c73c0ef9f4cbc5d,2026-04-26,1,plan-enumerators,cardinality-agnostic,cycle,"mutable (single core, TDMinCutAGaT)",Execution Time,25,4.081,1
83aaa5e8dd69c9faf4d8680a9c73c0ef9f4cbc5d,2026-04-26,1,plan-enumerators,cardinality-agnostic,cycle,"mutable (single core, TDMinCutAGaT)",Execution Time,25,3.957,2
83aaa5e8dd69c9faf4d8680a9c73c0ef9f4cbc5d,2026-04-26,1,plan-enumerators,cardinality-agnostic,cycle,"mutable (single core, TDMinCutAGaT)",Execution Time,26,4.349,0
83aaa5e8dd69c9faf4d8680a9c73c0ef9f4cbc5d,2026-04-26,1,plan-enumerators,cardinality-agnostic,cycle,"mutable (single core, TDMinCutAGaT)",Execution Time,26,4.303,1
83aaa5e8dd69c9faf4d8680a9c73c0ef9f4cbc5d,2026-04-26,1,plan-enumerators,cardinality-agnostic,cycle,"mutable (single core, TDMinCutAGaT)",Execution Time,26,4.354,2
83aaa5e8dd69c9faf4d8680a9c73c0ef9f4cbc5d,2026-04-26,1,plan-enumerators,cardinality-agnostic,cycle,"mutable (single core, TDMinCutAGaT)",Execution Time,27,4.938,0
83aaa5e8dd69c9faf4d8680a9c73c0ef9f4cbc5d,2026-04-26,1,plan-enumerators,cardinality-agnostic,cycle,"mutable (single core, TDMinCutAGaT)",Execution Time,27,4.889,1
83aaa5e8dd69c9faf4d8680a9c73c0ef9f4cbc5d,2026-04-26,1,plan-enumerators,cardinality-agnostic,cycle,"mutable (single core, TDMinCutAGaT)",Execution Time,27,5.201,2
83aaa5e8dd69c9faf4d8680a9c73c0ef9f4cbc5d,2026-04-26,1,plan-enumerators,cardinality-agnostic,cycle,"mutable (single core, TDMinCutAGaT)",Execution Time,28,5.904,0
83aaa5e8dd69c9faf4d8680a9c73c0ef9f4cbc5d,2026-04-26,1,plan-enumerators,cardinality-agnostic,cycle,"mutable (single core, TDMinCutAGaT)",Execution Time,28,5.671,1
83aaa5e8dd69c9faf4d8680a9c73c0ef9f4cbc5d,2026-04-26,1,plan-enumerators,cardinality-agnostic,cycle,"mutable (single core, TDMinCutAGaT)",Execution Time,28,5.869,2
83aaa5e8dd69c9faf4d8680a9c73c0ef9f4cbc5d,2026-04-26,1,plan-enumerators,cardinality-agnostic,cycle,"mutable (single core, TDMinCutAGaT)",Execution Time,29,6.168,0
83aaa5e8dd69c9faf4d8680a9c73c0ef9f4cbc5d,2026-04-26,1,plan-enumerators,cardinality-agnostic,cycle,"mutable (single core, TDMinCutAGaT)",Execution Time,29,6.112,1
83aaa5e8dd69c9faf4d8680a9c73c0ef9f4cbc5d,2026-04-26,1,plan-enumerators,cardinality-agnostic,cycle,"mutable (single core, TDMinCutAGaT)",Execution Time,29,6.712,2
83aaa5e8dd69c9faf4d8680a9c73c0ef9f4cbc5d,2026-04-26,1,plan-enumerators,cardinality-agnostic,cycle,"mutable (single core, TDMinCutAGaT)",Execution Time,30,7.284,0
83aaa5e8dd69c9faf4d8680a9c73c0ef9f4cbc5d,2026-04-26,1,plan-enumerators,cardinality-agnostic,cycle,"mutable (single core, TDMinCutAGaT)",Execution Time,30,7.343,1
83aaa5e8dd69c9faf4d8680a9c73c0ef9f4cbc5d,2026-04-26,1,plan-enumerators,cardinality-agnostic,cycle,"mutable (single core, TDMinCutAGaT)",Execution Time,30,7.152,2
83aaa5e8dd69c9faf4d8680a9c73c0ef9f4cbc5d,2026-04-26,1,plan-enumerators,cardinality-agnostic,cycle,"mutable (single core, TwoPhaseOptimizer)",Execution Time,2,3.956,0
83aaa5e8dd69c9faf4d8680a9c73c0ef9f4cbc5d,2026-04-26,1,plan-enumerators,cardinality-agnostic,cycle,"mutable (single core, TwoPhaseOptimizer)",Execution Time,2,3.851,1
83aaa5e8dd69c9faf4d8680a9c73c0ef9f4cbc5d,2026-04-26,1,plan-enumerators,cardinality-agnostic,cycle,"mutable (single core, TwoPhaseOptimizer)",Execution Time,2,3.873,2
83aaa5e8dd69c9faf4d8680a9c73c0ef9f4cbc5d,2026-04-26,1,plan-enumerators,cardinality-agnostic,cycle,"mutable (single core, TwoPhaseOptimizer)",Execution Time,3,10.314,0
83aaa5e8dd69c9faf4d8680a9c73c0ef9f4cbc5d,2026-04-26,1,plan-enumerators,cardinality-agnostic,cycle,"mutable (single core, TwoPhaseOptimizer)",Execution Time,3,10.05,1
83aaa5e8dd69c9faf4d8680a9c73c0ef9f4cbc5d,2026-04-26,1,plan-enumerators,cardinality-agnostic,cycle,"mutable (single core, TwoPhaseOptimizer)",Execution Time,3,9.865,2
83aaa5e8dd69c9faf4d8680a9c73c0ef9f4cbc5d,2026-04-26,1,plan-enumerators,cardinality-agnostic,cycle,"mutable (single core, TwoPhaseOptimizer)",Execution Time,4,15.935,0
83aaa5e8dd69c9faf4d8680a9c73c0ef9f4cbc5d,2026-04-26,1,plan-enumerators,cardinality-agnostic,cycle,"mutable (single core, TwoPhaseOptimizer)",Execution Time,4,15.734,1
83aaa5e8dd69c9faf4d8680a9c73c0ef9f4cbc5d,2026-04-26,1,plan-enumerators,cardinality-agnostic,cycle,"mutable (single core, TwoPhaseOptimizer)",Execution Time,4,17.381,2
83aaa5e8dd69c9faf4d8680a9c73c0ef9f4cbc5d,2026-04-26,1,plan-enumerators,cardinality-agnostic,cycle,"mutable (single core, TwoPhaseOptimizer)",Execution Time,5,20.545,0
83aaa5e8dd69c9faf4d8680a9c73c0ef9f4cbc5d,2026-04-26,1,plan-enumerators,cardinality-agnostic,cycle,"mutable (single core, TwoPhaseOptimizer)",Execution Time,5,19.86,1
83aaa5e8dd69c9faf4d8680a9c73c0ef9f4cbc5d,2026-04-26,1,plan-enumerators,cardinality-agnostic,cycle,"mutable (single core, TwoPhaseOptimizer)",Execution Time,5,20.967,2
83aaa5e8dd69c9faf4d8680a9c73c0ef9f4cbc5d,2026-04-26,1,plan-enumerators,cardinality-agnostic,cycle,"mutable (single core, TwoPhaseOptimizer)",Execution Time,8,41.097,0
83aaa5e8dd69c9faf4d8680a9c73c0ef9f4cbc5d,2026-04-26,1,plan-enumerators,cardinality-agnostic,cycle,"mutable (single core, TwoPhaseOptimizer)",Execution Time,8,41.961,1
83aaa5e8dd69c9faf4d8680a9c73c0ef9f4cbc5d,2026-04-26,1,plan-enumerators,cardinality-agnostic,cycle,"mutable (single core, TwoPhaseOptimizer)",Execution Time,8,40.351,2
83aaa5e8dd69c9faf4d8680a9c73c0ef9f4cbc5d,2026-04-26,1,plan-enumerators,cardinality-agnostic,cycle,"mutable (single core, TwoPhaseOptimizer)",Execution Time,10,54.492,0
83aaa5e8dd69c9faf4d8680a9c73c0ef9f4cbc5d,2026-04-26,1,plan-enumerators,cardinality-agnostic,cycle,"mutable (single core, TwoPhaseOptimizer)",Execution Time,10,55.082,1
83aaa5e8dd69c9faf4d8680a9c73c0ef9f4cbc5d,2026-04-26,1,plan-enumerators,cardinality-agnostic,cycle,"mutable (single core, TwoPhaseOptimizer)",Execution Time,10,52.911,2
83aaa5e8dd69c9faf4d8680a9c73c0ef9f4cbc5d,2026-04-26,1,plan-enumerators,cardinality-agnostic,cycle,"mutable (single core, TwoPhaseOptimizer)",Execution Time,12,70.32,0
83aaa5e8dd69c9faf4d8680a9c73c0ef9f4cbc5d,2026-04-26,1,plan-enumerators,cardinality-agnostic,cycle,"mutable (single core, TwoPhaseOptimizer)",Execution Time,12,71.786,1
83aaa5e8dd69c9faf4d8680a9c73c0ef9f4cbc5d,2026-04-26,1,plan-enumerators,cardinality-agnostic,cycle,"mutable (single core, TwoPhaseOptimizer)",Execution Time,12,67.374,2
83aaa5e8dd69c9faf4d8680a9c73c0ef9f4cbc5d,2026-04-26,1,plan-enumerators,cardinality-agnostic,cycle,"mutable (single core, TwoPhaseOptimizer)",Execution Time,15,94.135,0
83aaa5e8dd69c9faf4d8680a9c73c0ef9f4cbc5d,2026-04-26,1,plan-enumerators,cardinality-agnostic,cycle,"mutable (single core, TwoPhaseOptimizer)",Execution Time,15,98.523,1
83aaa5e8dd69c9faf4d8680a9c73c0ef9f4cbc5d,2026-04-26,1,plan-enumerators,cardinality-agnostic,cycle,"mutable (single core, TwoPhaseOptimizer)",Execution Time,15,97.068,2
83aaa5e8dd69c9faf4d8680a9c73c0ef9f4cbc5d,2026-04-26,1,plan-enumerators,cardinality-agnostic,cycle,"mutable (single core, TwoPhaseOptimizer)",Execution Time,18,135.101,0
83aaa5e8dd69c9faf4d8680a9c73c0ef9f4cbc5d,2026-04-26,1,plan-enumerators,cardinality-agnostic,cycle,"mutable (single core, TwoPhaseOptimizer)",Execution Time,18,124.285,1
83aaa5e8dd69c9faf4d8680a9c73c0ef9f4cbc5d,2026-04-26,1,plan-enumerators,cardinality-agnostic,cycle,"mutable (single core, TwoPhaseOptimizer)",Execution Time,18,134.611,2
83aaa5e8dd69c9faf4d8680a9c73c0ef9f4cbc5d,2026-04-26,1,plan-enumerators,cardinality-agnostic,cycle,"mutable (single core, TwoPhaseOptimizer)",Execution Time,20,165.724,0
83aaa5e8dd69c9faf4d8680a9c73c0ef9f4cbc5d,2026-04-26,1,plan-enumerators,cardinality-agnostic,cycle,"mutable (single core, TwoPhaseOptimizer)",Execution Time,20,144.579,1
83aaa5e8dd69c9faf4d8680a9c73c0ef9f4cbc5d,2026-04-26,1,plan-enumerators,cardinality-agnostic,cycle,"mutable (single core, TwoPhaseOptimizer)",Execution Time,20,154.655,2
83aaa5e8dd69c9faf4d8680a9c73c0ef9f4cbc5d,2026-04-26,1,plan-enumerators,cardinality-agnostic,cycle,"mutable (single core, TwoPhaseOptimizer)",Execution Time,21,159.946,0
83aaa5e8dd69c9faf4d8680a9c73c0ef9f4cbc5d,2026-04-26,1,plan-enumerators,cardinality-agnostic,cycle,"mutable (single core, TwoPhaseOptimizer)",Execution Time,21,144.085,1
83aaa5e8dd69c9faf4d8680a9c73c0ef9f4cbc5d,2026-04-26,1,plan-enumerators,cardinality-agnostic,cycle,"mutable (single core, TwoPhaseOptimizer)",Execution Time,21,148.47,2
83aaa5e8dd69c9faf4d8680a9c73c0ef9f4cbc5d,2026-04-26,1,plan-enumerators,cardinality-agnostic,cycle,"mutable (single core, TwoPhaseOptimizer)",Execution Time,22,177.548,0
83aaa5e8dd69c9faf4d8680a9c73c0ef9f4cbc5d,2026-04-26,1,plan-enumerators,cardinality-agnostic,cycle,"mutable (single core, TwoPhaseOptimizer)",Execution Time,22,158.881,1
83aaa5e8dd69c9faf4d8680a9c73c0ef9f4cbc5d,2026-04-26,1,plan-enumerators,cardinality-agnostic,cycle,"mutable (single core, TwoPhaseOptimizer)",Execution Time,22,174.163,2
83aaa5e8dd69c9faf4d8680a9c73c0ef9f4cbc5d,2026-04-26,1,plan-enumerators,cardinality-agnostic,cycle,"mutable (single core, TwoPhaseOptimizer)",Execution Time,23,176.521,0
83aaa5e8dd69c9faf4d8680a9c73c0ef9f4cbc5d,2026-04-26,1,plan-enumerators,cardinality-agnostic,cycle,"mutable (single core, TwoPhaseOptimizer)",Execution Time,23,168.147,1
83aaa5e8dd69c9faf4d8680a9c73c0ef9f4cbc5d,2026-04-26,1,plan-enumerators,cardinality-agnostic,cycle,"mutable (single core, TwoPhaseOptimizer)",Execution Time,23,182.73,2
83aaa5e8dd69c9faf4d8680a9c73c0ef9f4cbc5d,2026-04-26,1,plan-enumerators,cardinality-agnostic,cycle,"mutable (single core, TwoPhaseOptimizer)",Execution Time,24,184.239,0
83aaa5e8dd69c9faf4d8680a9c73c0ef9f4cbc5d,2026-04-26,1,plan-enumerators,cardinality-agnostic,cycle,"mutable (single core, TwoPhaseOptimizer)",Execution Time,24,188.611,1
83aaa5e8dd69c9faf4d8680a9c73c0ef9f4cbc5d,2026-04-26,1,plan-enumerators,cardinality-agnostic,cycle,"mutable (single core, TwoPhaseOptimizer)",Execution Time,24,182.859,2
83aaa5e8dd69c9faf4d8680a9c73c0ef9f4cbc5d,2026-04-26,1,plan-enumerators,cardinality-agnostic,cycle,"mutable (single core, TwoPhaseOptimizer)",Execution Time,25,182.623,0
83aaa5e8dd69c9faf4d8680a9c73c0ef9f4cbc5d,2026-04-26,1,plan-enumerators,cardinality-agnostic,cycle,"mutable (single core, TwoPhaseOptimizer)",Execution Time,25,199.372,1
83aaa5e8dd69c9faf4d8680a9c73c0ef9f4cbc5d,2026-04-26,1,plan-enumerators,cardinality-agnostic,cycle,"mutable (single core, TwoPhaseOptimizer)",Execution Time,25,185.661,2
83aaa5e8dd69c9faf4d8680a9c73c0ef9f4cbc5d,2026-04-26,1,plan-enumerators,cardinality-agnostic,cycle,"mutable (single core, TwoPhaseOptimizer)",Execution Time,26,211.145,0
83aaa5e8dd69c9faf4d8680a9c73c0ef9f4cbc5d,2026-04-26,1,plan-enumerators,cardinality-agnostic,cycle,"mutable (single core, TwoPhaseOptimizer)",Execution Time,26,205.148,1
83aaa5e8dd69c9faf4d8680a9c73c0ef9f4cbc5d,2026-04-26,1,plan-enumerators,cardinality-agnostic,cycle,"mutable (single core, TwoPhaseOptimizer)",Execution Time,26,197.107,2
83aaa5e8dd69c9faf4d8680a9c73c0ef9f4cbc5d,2026-04-26,1,plan-enumerators,cardinality-agnostic,cycle,"mutable (single core, TwoPhaseOptimizer)",Execution Time,27,219.959,0
83aaa5e8dd69c9faf4d8680a9c73c0ef9f4cbc5d,2026-04-26,1,plan-enumerators,cardinality-agnostic,cycle,"mutable (single core, TwoPhaseOptimizer)",Execution Time,27,212.233,1
83aaa5e8dd69c9faf4d8680a9c73c0ef9f4cbc5d,2026-04-26,1,plan-enumerators,cardinality-agnostic,cycle,"mutable (single core, TwoPhaseOptimizer)",Execution Time,27,212.255,2
83aaa5e8dd69c9faf4d8680a9c73c0ef9f4cbc5d,2026-04-26,1,plan-enumerators,cardinality-agnostic,cycle,"mutable (single core, TwoPhaseOptimizer)",Execution Time,28,226.701,0
83aaa5e8dd69c9faf4d8680a9c73c0ef9f4cbc5d,2026-04-26,1,plan-enumerators,cardinality-agnostic,cycle,"mutable (single core, TwoPhaseOptimizer)",Execution Time,28,225.335,1
83aaa5e8dd69c9faf4d8680a9c73c0ef9f4cbc5d,2026-04-26,1,plan-enumerators,cardinality-agnostic,cycle,"mutable (single core, TwoPhaseOptimizer)",Execution Time,28,223.707,2
83aaa5e8dd69c9faf4d8680a9c73c0ef9f4cbc5d,2026-04-26,1,plan-enumerators,cardinality-agnostic,cycle,"mutable (single core, TwoPhaseOptimizer)",Execution Time,29,224.681,0
83aaa5e8dd69c9faf4d8680a9c73c0ef9f4cbc5d,2026-04-26,1,plan-enumerators,cardinality-agnostic,cycle,"mutable (single core, TwoPhaseOptimizer)",Execution Time,29,250.87,1
83aaa5e8dd69c9faf4d8680a9c73c0ef9f4cbc5d,2026-04-26,1,plan-enumerators,cardinality-agnostic,cycle,"mutable (single core, TwoPhaseOptimizer)",Execution Time,29,225.787,2
83aaa5e8dd69c9faf4d8680a9c73c0ef9f4cbc5d,2026-04-26,1,plan-enumerators,cardinality-agnostic,cycle,"mutable (single core, TwoPhaseOptimizer)",Execution Time,30,263.336,0
83aaa5e8dd69c9faf4d8680a9c73c0ef9f4cbc5d,2026-04-26,1,plan-enumerators,cardinality-agnostic,cycle,"mutable (single core, TwoPhaseOptimizer)",Execution Time,30,260.839,1
83aaa5e8dd69c9faf4d8680a9c73c0ef9f4cbc5d,2026-04-26,1,plan-enumerators,cardinality-agnostic,cycle,"mutable (single core, TwoPhaseOptimizer)",Execution Time,30,241.988,2
83aaa5e8dd69c9faf4d8680a9c73c0ef9f4cbc5d,2026-04-26,1,plan-enumerators,cardinality-agnostic,star,"mutable (single core, DPccp)",Execution Time,2,10000.0,0
83aaa5e8dd69c9faf4d8680a9c73c0ef9f4cbc5d,2026-04-26,1,plan-enumerators,cardinality-agnostic,star,"mutable (single core, DPccp)",Execution Time,2,10000.0,1
83aaa5e8dd69c9faf4d8680a9c73c0ef9f4cbc5d,2026-04-26,1,plan-enumerators,cardinality-agnostic,star,"mutable (single core, DPccp)",Execution Time,2,10000.0,2
83aaa5e8dd69c9faf4d8680a9c73c0ef9f4cbc5d,2026-04-26,1,plan-enumerators,cardinality-agnostic,star,"mutable (single core, DPccp)",Execution Time,3,10000.0,0
83aaa5e8dd69c9faf4d8680a9c73c0ef9f4cbc5d,2026-04-26,1,plan-enumerators,cardinality-agnostic,star,"mutable (single core, DPccp)",Execution Time,3,10000.0,1
83aaa5e8dd69c9faf4d8680a9c73c0ef9f4cbc5d,2026-04-26,1,plan-enumerators,cardinality-agnostic,star,"mutable (single core, DPccp)",Execution Time,3,10000.0,2
83aaa5e8dd69c9faf4d8680a9c73c0ef9f4cbc5d,2026-04-26,1,plan-enumerators,cardinality-agnostic,star,"mutable (single core, DPccp)",Execution Time,4,10000.0,0
83aaa5e8dd69c9faf4d8680a9c73c0ef9f4cbc5d,2026-04-26,1,plan-enumerators,cardinality-agnostic,star,"mutable (single core, DPccp)",Execution Time,4,10000.0,1
83aaa5e8dd69c9faf4d8680a9c73c0ef9f4cbc5d,2026-04-26,1,plan-enumerators,cardinality-agnostic,star,"mutable (single core, DPccp)",Execution Time,4,10000.0,2
83aaa5e8dd69c9faf4d8680a9c73c0ef9f4cbc5d,2026-04-26,1,plan-enumerators,cardinality-agnostic,star,"mutable (single core, DPccp)",Execution Time,5,10000.0,0
83aaa5e8dd69c9faf4d8680a9c73c0ef9f4cbc5d,2026-04-26,1,plan-enumerators,cardinality-agnostic,star,"mutable (single core, DPccp)",Execution Time,5,10000.0,1
83aaa5e8dd69c9faf4d8680a9c73c0ef9f4cbc5d,2026-04-26,1,plan-enumerators,cardinality-agnostic,star,"mutable (single core, DPccp)",Execution Time,5,10000.0,2
83aaa5e8dd69c9faf4d8680a9c73c0ef9f4cbc5d,2026-04-26,1,plan-enumerators,cardinality-agnostic,star,"mutable (single core, DPccp)",Execution Time,8,10000.0,0
83aaa5e8dd69c9faf4d8680a9c73c0ef9f4cbc5d,2026-04-26,1,plan-enumerators,cardinality-agnostic,star,"mutable (single core, DPccp)",Execution Time,8,10000.0,1
83aaa5e8dd69c9faf4d8680a9c73c0ef9f4cbc5d,2026-04-26,1,plan-enumerators,cardinality-agnostic,star,"mutable (single core, DPccp)",Execution Time,8,10000.0,2
83aaa5e8dd69c9faf4d8680a9c73c0ef9f4cbc5d,2026-04-26,1,plan-enumerators,cardinality-agnostic,star,"mutable (single core, DPccp)",Execution Time,10,10000.0,0
83aaa5e8dd69c9faf4d8680a9c73c0ef9f4cbc5d,2026-04-26,1,plan-enumerators,cardinality-agnostic,star,"mutable (single core, DPccp)",Execution Time,10,10000.0,1
83aaa5e8dd69c9faf4d8680a9c73c0ef9f4cbc5d,2026-04-26,1,plan-enumerators,cardinality-agnostic,star,"mutable (single core, DPccp)",Execution Time,10,10000.0,2
83aaa5e8dd69c9faf4d8680a9c73c0ef9f4cbc5d,2026-04-26,1,plan-enumerators,cardinality-agnostic,star,"mutable (single core, DPccp)",Execution Time,12,10000.0,0
83aaa5e8dd69c9faf4d8680a9c73c0ef9f4cbc5d,2026-04-26,1,plan-enumerators,cardinality-agnostic,star,"mutable (single core, DPccp)",Execution Time,12,10000.0,1
83aaa5e8dd69c9faf4d8680a9c73c0ef9f4cbc5d,2026-04-26,1,plan-enumerators,cardinality-agnostic,star,"mutable (single core, DPccp)",Execution Time,12,10000.0,2
83aaa5e8dd69c9faf4d8680a9c73c0ef9f4cbc5d,2026-04-26,1,plan-enumerators,cardinality-agnostic,star,"mutable (single core, DPccp)",Execution Time,15,10000.0,0
83aaa5e8dd69c9faf4d8680a9c73c0ef9f4cbc5d,2026-04-26,1,plan-enumerators,cardinality-agnostic,star,"mutable (single core, DPccp)",Execution Time,15,10000.0,1
83aaa5e8dd69c9faf4d8680a9c73c0ef9f4cbc5d,2026-04-26,1,plan-enumerators,cardinality-agnostic,star,"mutable (single core, DPccp)",Execution Time,15,10000.0,2
83aaa5e8dd69c9faf4d8680a9c73c0ef9f4cbc5d,2026-04-26,1,plan-enumerators,cardinality-agnostic,star,"mutable (single core, DPccp)",Execution Time,18,10000.0,0
83aaa5e8dd69c9faf4d8680a9c73c0ef9f4cbc5d,2026-04-26,1,plan-enumerators,cardinality-agnostic,star,"mutable (single core, DPccp)",Execution Time,18,10000.0,1
83aaa5e8dd69c9faf4d8680a9c73c0ef9f4cbc5d,2026-04-26,1,plan-enumerators,cardinality-agnostic,star,"mutable (single core, DPccp)",Execution Time,18,10000.0,2
83aaa5e8dd69c9faf4d8680a9c73c0ef9f4cbc5d,2026-04-26,1,plan-enumerators,cardinality-agnostic,star,"mutable (single core, DPccp)",Execution Time,20,10000.0,0
83aaa5e8dd69c9faf4d8680a9c73c0ef9f4cbc5d,2026-04-26,1,plan-enumerators,cardinality-agnostic,star,"mutable (single core, DPccp)",Execution Time,20,10000.0,1
83aaa5e8dd69c9faf4d8680a9c73c0ef9f4cbc5d,2026-04-26,1,plan-enumerators,cardinality-agnostic,star,"mutable (single core, DPccp)",Execution Time,20,10000.0,2
83aaa5e8dd69c9faf4d8680a9c73c0ef9f4cbc5d,2026-04-26,1,plan-enumerators,cardinality-agnostic,star,"mutable (single core, DPccp)",Execution Time,21,10000.0,0
83aaa5e8dd69c9faf4d8680a9c73c0ef9f4cbc5d,2026-04-26,1,plan-enumerators,cardinality-agnostic,star,"mutable (single core, DPccp)",Execution Time,21,10000.0,1
83aaa5e8dd69c9faf4d8680a9c73c0ef9f4cbc5d,2026-04-26,1,plan-enumerators,cardinality-agnostic,star,"mutable (single core, DPccp)",Execution Time,21,10000.0,2
83aaa5e8dd69c9faf4d8680a9c73c0ef9f4cbc5d,2026-04-26,1,plan-enumerators,cardinality-agnostic,star,"mutable (single core, DPccp)",Execution Time,22,10000.0,0
83aaa5e8dd69c9faf4d8680a9c73c0ef9f4cbc5d,2026-04-26,1,plan-enumerators,cardinality-agnostic,star,"mutable (single core, DPccp)",Execution Time,22,10000.0,1
83aaa5e8dd69c9faf4d8680a9c73c0ef9f4cbc5d,2026-04-26,1,plan-enumerators,cardinality-agnostic,star,"mutable (single core, DPccp)",Execution Time,22,10000.0,2
83aaa5e8dd69c9faf4d8680a9c73c0ef9f4cbc5d,2026-04-26,1,plan-enumerators,cardinality-agnostic,star,"mutable (single core, DPccp)",Execution Time,23,10000.0,0
83aaa5e8dd69c9faf4d8680a9c73c0ef9f4cbc5d,2026-04-26,1,plan-enumerators,cardinality-agnostic,star,"mutable (single core, DPccp)",Execution Time,23,10000.0,1
83aaa5e8dd69c9faf4d8680a9c73c0ef9f4cbc5d,2026-04-26,1,plan-enumerators,cardinality-agnostic,star,"mutable (single core, DPccp)",Execution Time,23,10000.0,2
83aaa5e8dd69c9faf4d8680a9c73c0ef9f4cbc5d,2026-04-26,1,plan-enumerators,cardinality-agnostic,star,"mutable (single core, DPccp)",Execution Time,24,10000.0,0
83aaa5e8dd69c9faf4d8680a9c73c0ef9f4cbc5d,2026-04-26,1,plan-enumerators,cardinality-agnostic,star,"mutable (single core, DPccp)",Execution Time,24,10000.0,1
83aaa5e8dd69c9faf4d8680a9c73c0ef9f4cbc5d,2026-04-26,1,plan-enumerators,cardinality-agnostic,star,"mutable (single core, DPccp)",Execution Time,24,10000.0,2
83aaa5e8dd69c9faf4d8680a9c73c0ef9f4cbc5d,2026-04-26,1,plan-enumerators,cardinality-agnostic,star,"mutable (single core, DPccp)",Execution Time,25,10000.0,0
83aaa5e8dd69c9faf4d8680a9c73c0ef9f4cbc5d,2026-04-26,1,plan-enumerators,cardinality-agnostic,star,"mutable (single core, DPccp)",Execution Time,25,10000.0,1
83aaa5e8dd69c9faf4d8680a9c73c0ef9f4cbc5d,2026-04-26,1,plan-enumerators,cardinality-agnostic,star,"mutable (single core, DPccp)",Execution Time,25,10000.0,2
83aaa5e8dd69c9faf4d8680a9c73c0ef9f4cbc5d,2026-04-26,1,plan-enumerators,cardinality-agnostic,star,"mutable (single core, DPccp)",Execution Time,26,10000.0,0
83aaa5e8dd69c9faf4d8680a9c73c0ef9f4cbc5d,2026-04-26,1,plan-enumerators,cardinality-agnostic,star,"mutable (single core, DPccp)",Execution Time,26,10000.0,1
83aaa5e8dd69c9faf4d8680a9c73c0ef9f4cbc5d,2026-04-26,1,plan-enumerators,cardinality-agnostic,star,"mutable (single core, DPccp)",Execution Time,26,10000.0,2
83aaa5e8dd69c9faf4d8680a9c73c0ef9f4cbc5d,2026-04-26,1,plan-enumerators,cardinality-agnostic,star,"mutable (single core, DPccp)",Execution Time,27,10000.0,0
83aaa5e8dd69c9faf4d8680a9c73c0ef9f4cbc5d,2026-04-26,1,plan-enumerators,cardinality-agnostic,star,"mutable (single core, DPccp)",Execution Time,27,10000.0,1
83aaa5e8dd69c9faf4d8680a9c73c0ef9f4cbc5d,2026-04-26,1,plan-enumerators,cardinality-agnostic,star,"mutable (single core, DPccp)",Execution Time,27,10000.0,2
83aaa5e8dd69c9faf4d8680a9c73c0ef9f4cbc5d,2026-04-26,1,plan-enumerators,cardinality-agnostic,star,"mutable (single core, DPccp)",Execution Time,28,10000.0,0
83aaa5e8dd69c9faf4d8680a9c73c0ef9f4cbc5d,2026-04-26,1,plan-enumerators,cardinality-agnostic,star,"mutable (single core, DPccp)",Execution Time,28,10000.0,1
83aaa5e8dd69c9faf4d8680a9c73c0ef9f4cbc5d,2026-04-26,1,plan-enumerators,cardinality-agnostic,star,"mutable (single core, DPccp)",Execution Time,28,10000.0,2
83aaa5e8dd69c9faf4d8680a9c73c0ef9f4cbc5d,2026-04-26,1,plan-enumerators,cardinality-agnostic,star,"mutable (single core, DPccp)",Execution Time,29,10000.0,0
83aaa5e8dd69c9faf4d8680a9c73c0ef9f4cbc5d,2026-04-26,1,plan-enumerators,cardinality-agnostic,star,"mutable (single core, DPccp)",Execution Time,29,10000.0,1
83aaa5e8dd69c9faf4d8680a9c73c0ef9f4cbc5d,2026-04-26,1,plan-enumerators,cardinality-agnostic,star,"mutable (single core, DPccp)",Execution Time,29,10000.0,2
83aaa5e8dd69c9faf4d8680a9c73c0ef9f4cbc5d,2026-04-26,1,plan-enumerators,cardinality-agnostic,star,"mutable (single core, DPccp)",Execution Time,30,10000.0,0
83aaa5e8dd69c9faf4d8680a9c73c0ef9f4cbc5d,2026-04-26,1,plan-enumerators,cardinality-agnostic,star,"mutable (single core, DPccp)",Execution Time,30,10000.0,1
83aaa5e8dd69c9faf4d8680a9c73c0ef9f4cbc5d,2026-04-26,1,plan-enumerators,cardinality-agnostic,star,"mutable (single core, DPccp)",Execution Time,30,10000.0,2
83aaa5e8dd69c9faf4d8680a9c73c0ef9f4cbc5d,2026-04-26,1,plan-enumerators,cardinality-agnostic,star,"mutable (single core, DPsizeOpt)",Execution Time,2,10000.0,0
83aaa5e8dd69c9faf4d8680a9c73c0ef9f4cbc5d,2026-04-26,1,plan-enumerators,cardinality-agnostic,star,"mutable (single core, DPsizeOpt)",Execution Time,2,10000.0,1
83aaa5e8dd69c9faf4d8680a9c73c0ef9f4cbc5d,2026-04-26,1,plan-enumerators,cardinality-agnostic,star,"mutable (single core, DPsizeOpt)",Execution Time,2,10000.0,2
83aaa5e8dd69c9faf4d8680a9c73c0ef9f4cbc5d,2026-04-26,1,plan-enumerators,cardinality-agnostic,star,"mutable (single core, DPsizeOpt)",Execution Time,3,10000.0,0
83aaa5e8dd69c9faf4d8680a9c73c0ef9f4cbc5d,2026-04-26,1,plan-enumerators,cardinality-agnostic,star,"mutable (single core, DPsizeOpt)",Execution Time,3,10000.0,1
83aaa5e8dd69c9faf4d8680a9c73c0ef9f4cbc5d,2026-04-26,1,plan-enumerators,cardinality-agnostic,star,"mutable (single core, DPsizeOpt)",Execution Time,3,10000.0,2
83aaa5e8dd69c9faf4d8680a9c73c0ef9f4cbc5d,2026-04-26,1,plan-enumerators,cardinality-agnostic,star,"mutable (single core, DPsizeOpt)",Execution Time,4,10000.0,0
83aaa5e8dd69c9faf4d8680a9c73c0ef9f4cbc5d,2026-04-26,1,plan-enumerators,cardinality-agnostic,star,"mutable (single core, DPsizeOpt)",Execution Time,4,10000.0,1
83aaa5e8dd69c9faf4d8680a9c73c0ef9f4cbc5d,2026-04-26,1,plan-enumerators,cardinality-agnostic,star,"mutable (single core, DPsizeOpt)",Execution Time,4,10000.0,2
83aaa5e8dd69c9faf4d8680a9c73c0ef9f4cbc5d,2026-04-26,1,plan-enumerators,cardinality-agnostic,star,"mutable (single core, DPsizeOpt)",Execution Time,5,10000.0,0
83aaa5e8dd69c9faf4d8680a9c73c0ef9f4cbc5d,2026-04-26,1,plan-enumerators,cardinality-agnostic,star,"mutable (single core, DPsizeOpt)",Execution Time,5,10000.0,1
83aaa5e8dd69c9faf4d8680a9c73c0ef9f4cbc5d,2026-04-26,1,plan-enumerators,cardinality-agnostic,star,"mutable (single core, DPsizeOpt)",Execution Time,5,10000.0,2
83aaa5e8dd69c9faf4d8680a9c73c0ef9f4cbc5d,2026-04-26,1,plan-enumerators,cardinality-agnostic,star,"mutable (single core, DPsizeOpt)",Execution Time,8,10000.0,0
83aaa5e8dd69c9faf4d8680a9c73c0ef9f4cbc5d,2026-04-26,1,plan-enumerators,cardinality-agnostic,star,"mutable (single core, DPsizeOpt)",Execution Time,8,10000.0,1
83aaa5e8dd69c9faf4d8680a9c73c0ef9f4cbc5d,2026-04-26,1,plan-enumerators,cardinality-agnostic,star,"mutable (single core, DPsizeOpt)",Execution Time,8,10000.0,2
83aaa5e8dd69c9faf4d8680a9c73c0ef9f4cbc5d,2026-04-26,1,plan-enumerators,cardinality-agnostic,star,"mutable (single core, DPsizeOpt)",Execution Time,10,10000.0,0
83aaa5e8dd69c9faf4d8680a9c73c0ef9f4cbc5d,2026-04-26,1,plan-enumerators,cardinality-agnostic,star,"mutable (single core, DPsizeOpt)",Execution Time,10,10000.0,1
83aaa5e8dd69c9faf4d8680a9c73c0ef9f4cbc5d,2026-04-26,1,plan-enumerators,cardinality-agnostic,star,"mutable (single core, DPsizeOpt)",Execution Time,10,10000.0,2
83aaa5e8dd69c9faf4d8680a9c73c0ef9f4cbc5d,2026-04-26,1,plan-enumerators,cardinality-agnostic,star,"mutable (single core, DPsizeOpt)",Execution Time,12,10000.0,0
83aaa5e8dd69c9faf4d8680a9c73c0ef9f4cbc5d,2026-04-26,1,plan-enumerators,cardinality-agnostic,star,"mutable (single core, DPsizeOpt)",Execution Time,12,10000.0,1
83aaa5e8dd69c9faf4d8680a9c73c0ef9f4cbc5d,2026-04-26,1,plan-enumerators,cardinality-agnostic,star,"mutable (single core, DPsizeOpt)",Execution Time,12,10000.0,2
83aaa5e8dd69c9faf4d8680a9c73c0ef9f4cbc5d,2026-04-26,1,plan-enumerators,cardinality-agnostic,star,"mutable (single core, DPsizeOpt)",Execution Time,15,10000.0,0
83aaa5e8dd69c9faf4d8680a9c73c0ef9f4cbc5d,2026-04-26,1,plan-enumerators,cardinality-agnostic,star,"mutable (single core, DPsizeOpt)",Execution Time,15,10000.0,1
83aaa5e8dd69c9faf4d8680a9c73c0ef9f4cbc5d,2026-04-26,1,plan-enumerators,cardinality-agnostic,star,"mutable (single core, DPsizeOpt)",Execution Time,15,10000.0,2
83aaa5e8dd69c9faf4d8680a9c73c0ef9f4cbc5d,2026-04-26,1,plan-enumerators,cardinality-agnostic,star,"mutable (single core, DPsizeOpt)",Execution Time,18,10000.0,0
83aaa5e8dd69c9faf4d8680a9c73c0ef9f4cbc5d,2026-04-26,1,plan-enumerators,cardinality-agnostic,star,"mutable (single core, DPsizeOpt)",Execution Time,18,10000.0,1
83aaa5e8dd69c9faf4d8680a9c73c0ef9f4cbc5d,2026-04-26,1,plan-enumerators,cardinality-agnostic,star,"mutable (single core, DPsizeOpt)",Execution Time,18,10000.0,2
83aaa5e8dd69c9faf4d8680a9c73c0ef9f4cbc5d,2026-04-26,1,plan-enumerators,cardinality-agnostic,star,"mutable (single core, DPsizeOpt)",Execution Time,20,10000.0,0
83aaa5e8dd69c9faf4d8680a9c73c0ef9f4cbc5d,2026-04-26,1,plan-enumerators,cardinality-agnostic,star,"mutable (single core, DPsizeOpt)",Execution Time,20,10000.0,1
83aaa5e8dd69c9faf4d8680a9c73c0ef9f4cbc5d,2026-04-26,1,plan-enumerators,cardinality-agnostic,star,"mutable (single core, DPsizeOpt)",Execution Time,20,10000.0,2
83aaa5e8dd69c9faf4d8680a9c73c0ef9f4cbc5d,2026-04-26,1,plan-enumerators,cardinality-agnostic,star,"mutable (single core, DPsizeOpt)",Execution Time,21,10000.0,0
83aaa5e8dd69c9faf4d8680a9c73c0ef9f4cbc5d,2026-04-26,1,plan-enumerators,cardinality-agnostic,star,"mutable (single core, DPsizeOpt)",Execution Time,21,10000.0,1
83aaa5e8dd69c9faf4d8680a9c73c0ef9f4cbc5d,2026-04-26,1,plan-enumerators,cardinality-agnostic,star,"mutable (single core, DPsizeOpt)",Execution Time,21,10000.0,2
83aaa5e8dd69c9faf4d8680a9c73c0ef9f4cbc5d,2026-04-26,1,plan-enumerators,cardinality-agnostic,star,"mutable (single core, DPsizeOpt)",Execution Time,22,10000.0,0
83aaa5e8dd69c9faf4d8680a9c73c0ef9f4cbc5d,2026-04-26,1,plan-enumerators,cardinality-agnostic,star,"mutable (single core, DPsizeOpt)",Execution Time,22,10000.0,1
83aaa5e8dd69c9faf4d8680a9c73c0ef9f4cbc5d,2026-04-26,1,plan-enumerators,cardinality-agnostic,star,"mutable (single core, DPsizeOpt)",Execution Time,22,10000.0,2
83aaa5e8dd69c9faf4d8680a9c73c0ef9f4cbc5d,2026-04-26,1,plan-enumerators,cardinality-agnostic,star,"mutable (single core, DPsizeOpt)",Execution Time,23,10000.0,0
83aaa5e8dd69c9faf4d8680a9c73c0ef9f4cbc5d,2026-04-26,1,plan-enumerators,cardinality-agnostic,star,"mutable (single core, DPsizeOpt)",Execution Time,23,10000.0,1
83aaa5e8dd69c9faf4d8680a9c73c0ef9f4cbc5d,2026-04-26,1,plan-enumerators,cardinality-agnostic,star,"mutable (single core, DPsizeOpt)",Execution Time,23,10000.0,2
83aaa5e8dd69c9faf4d8680a9c73c0ef9f4cbc5d,2026-04-26,1,plan-enumerators,cardinality-agnostic,star,"mutable (single core, DPsizeOpt)",Execution Time,24,10000.0,0
83aaa5e8dd69c9faf4d8680a9c73c0ef9f4cbc5d,2026-04-26,1,plan-enumerators,cardinality-agnostic,star,"mutable (single core, DPsizeOpt)",Execution Time,24,10000.0,1
83aaa5e8dd69c9faf4d8680a9c73c0ef9f4cbc5d,2026-04-26,1,plan-enumerators,cardinality-agnostic,star,"mutable (single core, DPsizeOpt)",Execution Time,24,10000.0,2
83aaa5e8dd69c9faf4d8680a9c73c0ef9f4cbc5d,2026-04-26,1,plan-enumerators,cardinality-agnostic,star,"mutable (single core, DPsizeOpt)",Execution Time,25,10000.0,0
83aaa5e8dd69c9faf4d8680a9c73c0ef9f4cbc5d,2026-04-26,1,plan-enumerators,cardinality-agnostic,star,"mutable (single core, DPsizeOpt)",Execution Time,25,10000.0,1
83aaa5e8dd69c9faf4d8680a9c73c0ef9f4cbc5d,2026-04-26,1,plan-enumerators,cardinality-agnostic,star,"mutable (single core, DPsizeOpt)",Execution Time,25,10000.0,2
83aaa5e8dd69c9faf4d8680a9c73c0ef9f4cbc5d,2026-04-26,1,plan-enumerators,cardinality-agnostic,star,"mutable (single core, DPsizeOpt)",Execution Time,26,10000.0,0
83aaa5e8dd69c9faf4d8680a9c73c0ef9f4cbc5d,2026-04-26,1,plan-enumerators,cardinality-agnostic,star,"mutable (single core, DPsizeOpt)",Execution Time,26,10000.0,1
83aaa5e8dd69c9faf4d8680a9c73c0ef9f4cbc5d,2026-04-26,1,plan-enumerators,cardinality-agnostic,star,"mutable (single core, DPsizeOpt)",Execution Time,26,10000.0,2
83aaa5e8dd69c9faf4d8680a9c73c0ef9f4cbc5d,2026-04-26,1,plan-enumerators,cardinality-agnostic,star,"mutable (single core, DPsizeOpt)",Execution Time,27,10000.0,0
83aaa5e8dd69c9faf4d8680a9c73c0ef9f4cbc5d,2026-04-26,1,plan-enumerators,cardinality-agnostic,star,"mutable (single core, DPsizeOpt)",Execution Time,27,10000.0,1
83aaa5e8dd69c9faf4d8680a9c73c0ef9f4cbc5d,2026-04-26,1,plan-enumerators,cardinality-agnostic,star,"mutable (single core, DPsizeOpt)",Execution Time,27,10000.0,2
83aaa5e8dd69c9faf4d8680a9c73c0ef9f4cbc5d,2026-04-26,1,plan-enumerators,cardinality-agnostic,star,"mutable (single core, DPsizeOpt)",Execution Time,28,10000.0,0
83aaa5e8dd69c9faf4d8680a9c73c0ef9f4cbc5d,2026-04-26,1,plan-enumerators,cardinality-agnostic,star,"mutable (single core, DPsizeOpt)",Execution Time,28,10000.0,1
83aaa5e8dd69c9faf4d8680a9c73c0ef9f4cbc5d,2026-04-26,1,plan-enumerators,cardinality-agnostic,star,"mutable (single core, DPsizeOpt)",Execution Time,28,10000.0,2
83aaa5e8dd69c9faf4d8680a9c73c0ef9f4cbc5d,2026-04-26,1,plan-enumerators,cardinality-agnostic,star,"mutable (single core, DPsizeOpt)",Execution Time,29,10000.0,0
83aaa5e8dd69c9faf4d8680a9c73c0ef9f4cbc5d,2026-04-26,1,plan-enumerators,cardinality-agnostic,star,"mutable (single core, DPsizeOpt)",Execution Time,29,10000.0,1
83aaa5e8dd69c9faf4d8680a9c73c0ef9f4cbc5d,2026-04-26,1,plan-enumerators,cardinality-agnostic,star,"mutable (single core, DPsizeOpt)",Execution Time,29,10000.0,2
83aaa5e8dd69c9faf4d8680a9c73c0ef9f4cbc5d,2026-04-26,1,plan-enumerators,cardinality-agnostic,star,"mutable (single core, DPsizeOpt)",Execution Time,30,10000.0,0
83aaa5e8dd69c9faf4d8680a9c73c0ef9f4cbc5d,2026-04-26,1,plan-enumerators,cardinality-agnostic,star,"mutable (single core, DPsizeOpt)",Execution Time,30,10000.0,1
83aaa5e8dd69c9faf4d8680a9c73c0ef9f4cbc5d,2026-04-26,1,plan-enumerators,cardinality-agnostic,star,"mutable (single core, DPsizeOpt)",Execution Time,30,10000.0,2
83aaa5e8dd69c9faf4d8680a9c73c0ef9f4cbc5d,2026-04-26,1,plan-enumerators,cardinality-agnostic,star,"mutable (single core, DPsub)",Execution Time,2,10000.0,0
83aaa5e8dd69c9faf4d8680a9c73c0ef9f4cbc5d,2026-04-26,1,plan-enumerators,cardinality-agnostic,star,"mutable (single core, DPsub)",Execution Time,2,10000.0,1
83aaa5e8dd69c9faf4d8680a9c73c0ef9f4cbc5d,2026-04-26,1,plan-enumerators,cardinality-agnostic,star,"mutable (single core, DPsub)",Execution Time,2,10000.0,2
83aaa5e8dd69c9faf4d8680a9c73c0ef9f4cbc5d,2026-04-26,1,plan-enumerators,cardinality-agnostic,star,"mutable (single core, DPsub)",Execution Time,3,10000.0,0
83aaa5e8dd69c9faf4d8680a9c73c0ef9f4cbc5d,2026-04-26,1,plan-enumerators,cardinality-agnostic,star,"mutable (single core, DPsub)",Execution Time,3,10000.0,1
83aaa5e8dd69c9faf4d8680a9c73c0ef9f4cbc5d,2026-04-26,1,plan-enumerators,cardinality-agnostic,star,"mutable (single core, DPsub)",Execution Time,3,10000.0,2
83aaa5e8dd69c9faf4d8680a9c73c0ef9f4cbc5d,2026-04-26,1,plan-enumerators,cardinality-agnostic,star,"mutable (single core, DPsub)",Execution Time,4,10000.0,0
83aaa5e8dd69c9faf4d8680a9c73c0ef9f4cbc5d,2026-04-26,1,plan-enumerators,cardinality-agnostic,star,"mutable (single core, DPsub)",Execution Time,4,10000.0,1
83aaa5e8dd69c9faf4d8680a9c73c0ef9f4cbc5d,2026-04-26,1,plan-enumerators,cardinality-agnostic,star,"mutable (single core, DPsub)",Execution Time,4,10000.0,2
83aaa5e8dd69c9faf4d8680a9c73c0ef9f4cbc5d,2026-04-26,1,plan-enumerators,cardinality-agnostic,star,"mutable (single core, DPsub)",Execution Time,5,10000.0,0
83aaa5e8dd69c9faf4d8680a9c73c0ef9f4cbc5d,2026-04-26,1,plan-enumerators,cardinality-agnostic,star,"mutable (single core, DPsub)",Execution Time,5,10000.0,1
83aaa5e8dd69c9faf4d8680a9c73c0ef9f4cbc5d,2026-04-26,1,plan-enumerators,cardinality-agnostic,star,"mutable (single core, DPsub)",Execution Time,5,10000.0,2
83aaa5e8dd69c9faf4d8680a9c73c0ef9f4cbc5d,2026-04-26,1,plan-enumerators,cardinality-agnostic,star,"mutable (single core, DPsub)",Execution Time,8,10000.0,0
83aaa5e8dd69c9faf4d8680a9c73c0ef9f4cbc5d,2026-04-26,1,plan-enumerators,cardinality-agnostic,star,"mutable (single core, DPsub)",Execution Time,8,10000.0,1
83aaa5e8dd69c9faf4d8680a9c73c0ef9f4cbc5d,2026-04-26,1,plan-enumerators,cardinality-agnostic,star,"mutable (single core, DPsub)",Execution Time,8,10000.0,2
83aaa5e8dd69c9faf4d8680a9c73c0ef9f4cbc5d,2026-04-26,1,plan-enumerators,cardinality-agnostic,star,"mutable (single core, DPsub)",Execution Time,10,10000.0,0
83aaa5e8dd69c9faf4d8680a9c73c0ef9f4cbc5d,2026-04-26,1,plan-enumerators,cardinality-agnostic,star,"mutable (single core, DPsub)",Execution Time,10,10000.0,1
83aaa5e8dd69c9faf4d8680a9c73c0ef9f4cbc5d,2026-04-26,1,plan-enumerators,cardinality-agnostic,star,"mutable (single core, DPsub)",Execution Time,10,10000.0,2
83aaa5e8dd69c9faf4d8680a9c73c0ef9f4cbc5d,2026-04-26,1,plan-enumerators,cardinality-agnostic,star,"mutable (single core, DPsub)",Execution Time,12,10000.0,0
83aaa5e8dd69c9faf4d8680a9c73c0ef9f4cbc5d,2026-04-26,1,plan-enumerators,cardinality-agnostic,star,"mutable (single core, DPsub)",Execution Time,12,10000.0,1
83aaa5e8dd69c9faf4d8680a9c73c0ef9f4cbc5d,2026-04-26,1,plan-enumerators,cardinality-agnostic,star,"mutable (single core, DPsub)",Execution Time,12,10000.0,2
83aaa5e8dd69c9faf4d8680a9c73c0ef9f4cbc5d,2026-04-26,1,plan-enumerators,cardinality-agnostic,star,"mutable (single core, DPsub)",Execution Time,15,10000.0,0
83aaa5e8dd69c9faf4d8680a9c73c0ef9f4cbc5d,2026-04-26,1,plan-enumerators,cardinality-agnostic,star,"mutable (single core, DPsub)",Execution Time,15,10000.0,1
83aaa5e8dd69c9faf4d8680a9c73c0ef9f4cbc5d,2026-04-26,1,plan-enumerators,cardinality-agnostic,star,"mutable (single core, DPsub)",Execution Time,15,10000.0,2
83aaa5e8dd69c9faf4d8680a9c73c0ef9f4cbc5d,2026-04-26,1,plan-enumerators,cardinality-agnostic,star,"mutable (single core, DPsub)",Execution Time,18,10000.0,0
83aaa5e8dd69c9faf4d8680a9c73c0ef9f4cbc5d,2026-04-26,1,plan-enumerators,cardinality-agnostic,star,"mutable (single core, DPsub)",Execution Time,18,10000.0,1
83aaa5e8dd69c9faf4d8680a9c73c0ef9f4cbc5d,2026-04-26,1,plan-enumerators,cardinality-agnostic,star,"mutable (single core, DPsub)",Execution Time,18,10000.0,2
83aaa5e8dd69c9faf4d8680a9c73c0ef9f4cbc5d,2026-04-26,1,plan-enumerators,cardinality-agnostic,star,"mutable (single core, DPsub)",Execution Time,20,10000.0,0
83aaa5e8dd69c9faf4d8680a9c73c0ef9f4cbc5d,2026-04-26,1,plan-enumerators,cardinality-agnostic,star,"mutable (single core, DPsub)",Execution Time,20,10000.0,1
83aaa5e8dd69c9faf4d8680a9c73c0ef9f4cbc5d,2026-04-26,1,plan-enumerators,cardinality-agnostic,star,"mutable (single core, DPsub)",Execution Time,20,10000.0,2
83aaa5e8dd69c9faf4d8680a9c73c0ef9f4cbc5d,2026-04-26,1,plan-enumerators,cardinality-agnostic,star,"mutable (single core, DPsub)",Execution Time,21,10000.0,0
83aaa5e8dd69c9faf4d8680a9c73c0ef9f4cbc5d,2026-04-26,1,plan-enumerators,cardinality-agnostic,star,"mutable (single core, DPsub)",Execution Time,21,10000.0,1
83aaa5e8dd69c9faf4d8680a9c73c0ef9f4cbc5d,2026-04-26,1,plan-enumerators,cardinality-agnostic,star,"mutable (single core, DPsub)",Execution Time,21,10000.0,2
83aaa5e8dd69c9faf4d8680a9c73c0ef9f4cbc5d,2026-04-26,1,plan-enumerators,cardinality-agnostic,star,"mutable (single core, DPsub)",Execution Time,22,10000.0,0
83aaa5e8dd69c9faf4d8680a9c73c0ef9f4cbc5d,2026-04-26,1,plan-enumerators,cardinality-agnostic,star,"mutable (single core, DPsub)",Execution Time,22,10000.0,1
83aaa5e8dd69c9faf4d8680a9c73c0ef9f4cbc5d,2026-04-26,1,plan-enumerators,cardinality-agnostic,star,"mutable (single core, DPsub)",Execution Time,22,10000.0,2
83aaa5e8dd69c9faf4d8680a9c73c0ef9f4cbc5d,2026-04-26,1,plan-enumerators,cardinality-agnostic,star,"mutable (single core, DPsub)",Execution Time,23,10000.0,0
83aaa5e8dd69c9faf4d8680a9c73c0ef9f4cbc5d,2026-04-26,1,plan-enumerators,cardinality-agnostic,star,"mutable (single core, DPsub)",Execution Time,23,10000.0,1
83aaa5e8dd69c9faf4d8680a9c73c0ef9f4cbc5d,2026-04-26,1,plan-enumerators,cardinality-agnostic,star,"mutable (single core, DPsub)",Execution Time,23,10000.0,2
83aaa5e8dd69c9faf4d8680a9c73c0ef9f4cbc5d,2026-04-26,1,plan-enumerators,cardinality-agnostic,star,"mutable (single core, DPsub)",Execution Time,24,10000.0,0
83aaa5e8dd69c9faf4d8680a9c73c0ef9f4cbc5d,2026-04-26,1,plan-enumerators,cardinality-agnostic,star,"mutable (single core, DPsub)",Execution Time,24,10000.0,1
83aaa5e8dd69c9faf4d8680a9c73c0ef9f4cbc5d,2026-04-26,1,plan-enumerators,cardinality-agnostic,star,"mutable (single core, DPsub)",Execution Time,24,10000.0,2
83aaa5e8dd69c9faf4d8680a9c73c0ef9f4cbc5d,2026-04-26,1,plan-enumerators,cardinality-agnostic,star,"mutable (single core, DPsub)",Execution Time,25,10000.0,0
83aaa5e8dd69c9faf4d8680a9c73c0ef9f4cbc5d,2026-04-26,1,plan-enumerators,cardinality-agnostic,star,"mutable (single core, DPsub)",Execution Time,25,10000.0,1
83aaa5e8dd69c9faf4d8680a9c73c0ef9f4cbc5d,2026-04-26,1,plan-enumerators,cardinality-agnostic,star,"mutable (single core, DPsub)",Execution Time,25,10000.0,2
83aaa5e8dd69c9faf4d8680a9c73c0ef9f4cbc5d,2026-04-26,1,plan-enumerators,cardinality-agnostic,star,"mutable (single core, DPsub)",Execution Time,26,10000.0,0
83aaa5e8dd69c9faf4d8680a9c73c0ef9f4cbc5d,2026-04-26,1,plan-enumerators,cardinality-agnostic,star,"mutable (single core, DPsub)",Execution Time,26,10000.0,1
83aaa5e8dd69c9faf4d8680a9c73c0ef9f4cbc5d,2026-04-26,1,plan-enumerators,cardinality-agnostic,star,"mutable (single core, DPsub)",Execution Time,26,10000.0,2
83aaa5e8dd69c9faf4d8680a9c73c0ef9f4cbc5d,2026-04-26,1,plan-enumerators,cardinality-agnostic,star,"mutable (single core, DPsub)",Execution Time,27,10000.0,0
83aaa5e8dd69c9faf4d8680a9c73c0ef9f4cbc5d,2026-04-26,1,plan-enumerators,cardinality-agnostic,star,"mutable (single core, DPsub)",Execution Time,27,10000.0,1
83aaa5e8dd69c9faf4d8680a9c73c0ef9f4cbc5d,2026-04-26,1,plan-enumerators,cardinality-agnostic,star,"mutable (single core, DPsub)",Execution Time,27,10000.0,2
83aaa5e8dd69c9faf4d8680a9c73c0ef9f4cbc5d,2026-04-26,1,plan-enumerators,cardinality-agnostic,star,"mutable (single core, DPsub)",Execution Time,28,10000.0,0
83aaa5e8dd69c9faf4d8680a9c73c0ef9f4cbc5d,2026-04-26,1,plan-enumerators,cardinality-agnostic,star,"mutable (single core, DPsub)",Execution Time,28,10000.0,1
83aaa5e8dd69c9faf4d8680a9c73c0ef9f4cbc5d,2026-04-26,1,plan-enumerators,cardinality-agnostic,star,"mutable (single core, DPsub)",Execution Time,28,10000.0,2
83aaa5e8dd69c9faf4d8680a9c73c0ef9f4cbc5d,2026-04-26,1,plan-enumerators,cardinality-agnostic,star,"mutable (single core, DPsub)",Execution Time,29,10000.0,0
83aaa5e8dd69c9faf4d8680a9c73c0ef9f4cbc5d,2026-04-26,1,plan-enumerators,cardinality-agnostic,star,"mutable (single core, DPsub)",Execution Time,29,10000.0,1
83aaa5e8dd69c9faf4d8680a9c73c0ef9f4cbc5d,2026-04-26,1,plan-enumerators,cardinality-agnostic,star,"mutable (single core, DPsub)",Execution Time,29,10000.0,2
83aaa5e8dd69c9faf4d8680a9c73c0ef9f4cbc5d,2026-04-26,1,plan-enumerators,cardinality-agnostic,star,"mutable (single core, DPsub)",Execution Time,30,10000.0,0
83aaa5e8dd69c9faf4d8680a9c73c0ef9f4cbc5d,2026-04-26,1,plan-enumerators,cardinality-agnostic,star,"mutable (single core, DPsub)",Execution Time,30,10000.0,1
83aaa5e8dd69c9faf4d8680a9c73c0ef9f4cbc5d,2026-04-26,1,plan-enumerators,cardinality-agnostic,star,"mutable (single core, DPsub)",Execution Time,30,10000.0,2
83aaa5e8dd69c9faf4d8680a9c73c0ef9f4cbc5d,2026-04-26,1,plan-enumerators,cardinality-agnostic,star,"mutable (single core, DPsubOpt)",Execution Time,2,10000.0,0
83aaa5e8dd69c9faf4d8680a9c73c0ef9f4cbc5d,2026-04-26,1,plan-enumerators,cardinality-agnostic,star,"mutable (single core, DPsubOpt)",Execution Time,2,10000.0,1
83aaa5e8dd69c9faf4d8680a9c73c0ef9f4cbc5d,2026-04-26,1,plan-enumerators,cardinality-agnostic,star,"mutable (single core, DPsubOpt)",Execution Time,2,10000.0,2
83aaa5e8dd69c9faf4d8680a9c73c0ef9f4cbc5d,2026-04-26,1,plan-enumerators,cardinality-agnostic,star,"mutable (single core, DPsubOpt)",Execution Time,3,10000.0,0
83aaa5e8dd69c9faf4d8680a9c73c0ef9f4cbc5d,2026-04-26,1,plan-enumerators,cardinality-agnostic,star,"mutable (single core, DPsubOpt)",Execution Time,3,10000.0,1
83aaa5e8dd69c9faf4d8680a9c73c0ef9f4cbc5d,2026-04-26,1,plan-enumerators,cardinality-agnostic,star,"mutable (single core, DPsubOpt)",Execution Time,3,10000.0,2
83aaa5e8dd69c9faf4d8680a9c73c0ef9f4cbc5d,2026-04-26,1,plan-enumerators,cardinality-agnostic,star,"mutable (single core, DPsubOpt)",Execution Time,4,10000.0,0
83aaa5e8dd69c9faf4d8680a9c73c0ef9f4cbc5d,2026-04-26,1,plan-enumerators,cardinality-agnostic,star,"mutable (single core, DPsubOpt)",Execution Time,4,10000.0,1
83aaa5e8dd69c9faf4d8680a9c73c0ef9f4cbc5d,2026-04-26,1,plan-enumerators,cardinality-agnostic,star,"mutable (single core, DPsubOpt)",Execution Time,4,10000.0,2
83aaa5e8dd69c9faf4d8680a9c73c0ef9f4cbc5d,2026-04-26,1,plan-enumerators,cardinality-agnostic,star,"mutable (single core, DPsubOpt)",Execution Time,5,10000.0,0
83aaa5e8dd69c9faf4d8680a9c73c0ef9f4cbc5d,2026-04-26,1,plan-enumerators,cardinality-agnostic,star,"mutable (single core, DPsubOpt)",Execution Time,5,10000.0,1
83aaa5e8dd69c9faf4d8680a9c73c0ef9f4cbc5d,2026-04-26,1,plan-enumerators,cardinality-agnostic,star,"mutable (single core, DPsubOpt)",Execution Time,5,10000.0,2
83aaa5e8dd69c9faf4d8680a9c73c0ef9f4cbc5d,2026-04-26,1,plan-enumerators,cardinality-agnostic,star,"mutable (single core, DPsubOpt)",Execution Time,8,10000.0,0
83aaa5e8dd69c9faf4d8680a9c73c0ef9f4cbc5d,2026-04-26,1,plan-enumerators,cardinality-agnostic,star,"mutable (single core, DPsubOpt)",Execution Time,8,10000.0,1
83aaa5e8dd69c9faf4d8680a9c73c0ef9f4cbc5d,2026-04-26,1,plan-enumerators,cardinality-agnostic,star,"mutable (single core, DPsubOpt)",Execution Time,8,10000.0,2
83aaa5e8dd69c9faf4d8680a9c73c0ef9f4cbc5d,2026-04-26,1,plan-enumerators,cardinality-agnostic,star,"mutable (single core, DPsubOpt)",Execution Time,10,10000.0,0
83aaa5e8dd69c9faf4d8680a9c73c0ef9f4cbc5d,2026-04-26,1,plan-enumerators,cardinality-agnostic,star,"mutable (single core, DPsubOpt)",Execution Time,10,10000.0,1
83aaa5e8dd69c9faf4d8680a9c73c0ef9f4cbc5d,2026-04-26,1,plan-enumerators,cardinality-agnostic,star,"mutable (single core, DPsubOpt)",Execution Time,10,10000.0,2
83aaa5e8dd69c9faf4d8680a9c73c0ef9f4cbc5d,2026-04-26,1,plan-enumerators,cardinality-agnostic,star,"mutable (single core, DPsubOpt)",Execution Time,12,10000.0,0
83aaa5e8dd69c9faf4d8680a9c73c0ef9f4cbc5d,2026-04-26,1,plan-enumerators,cardinality-agnostic,star,"mutable (single core, DPsubOpt)",Execution Time,12,10000.0,1
83aaa5e8dd69c9faf4d8680a9c73c0ef9f4cbc5d,2026-04-26,1,plan-enumerators,cardinality-agnostic,star,"mutable (single core, DPsubOpt)",Execution Time,12,10000.0,2
83aaa5e8dd69c9faf4d8680a9c73c0ef9f4cbc5d,2026-04-26,1,plan-enumerators,cardinality-agnostic,star,"mutable (single core, DPsubOpt)",Execution Time,15,10000.0,0
83aaa5e8dd69c9faf4d8680a9c73c0ef9f4cbc5d,2026-04-26,1,plan-enumerators,cardinality-agnostic,star,"mutable (single core, DPsubOpt)",Execution Time,15,10000.0,1
83aaa5e8dd69c9faf4d8680a9c73c0ef9f4cbc5d,2026-04-26,1,plan-enumerators,cardinality-agnostic,star,"mutable (single core, DPsubOpt)",Execution Time,15,10000.0,2
83aaa5e8dd69c9faf4d8680a9c73c0ef9f4cbc5d,2026-04-26,1,plan-enumerators,cardinality-agnostic,star,"mutable (single core, DPsubOpt)",Execution Time,18,10000.0,0
83aaa5e8dd69c9faf4d8680a9c73c0ef9f4cbc5d,2026-04-26,1,plan-enumerators,cardinality-agnostic,star,"mutable (single core, DPsubOpt)",Execution Time,18,10000.0,1
83aaa5e8dd69c9faf4d8680a9c73c0ef9f4cbc5d,2026-04-26,1,plan-enumerators,cardinality-agnostic,star,"mutable (single core, DPsubOpt)",Execution Time,18,10000.0,2
83aaa5e8dd69c9faf4d8680a9c73c0ef9f4cbc5d,2026-04-26,1,plan-enumerators,cardinality-agnostic,star,"mutable (single core, DPsubOpt)",Execution Time,20,10000.0,0
83aaa5e8dd69c9faf4d8680a9c73c0ef9f4cbc5d,2026-04-26,1,plan-enumerators,cardinality-agnostic,star,"mutable (single core, DPsubOpt)",Execution Time,20,10000.0,1
83aaa5e8dd69c9faf4d8680a9c73c0ef9f4cbc5d,2026-04-26,1,plan-enumerators,cardinality-agnostic,star,"mutable (single core, DPsubOpt)",Execution Time,20,10000.0,2
83aaa5e8dd69c9faf4d8680a9c73c0ef9f4cbc5d,2026-04-26,1,plan-enumerators,cardinality-agnostic,star,"mutable (single core, DPsubOpt)",Execution Time,21,10000.0,0
83aaa5e8dd69c9faf4d8680a9c73c0ef9f4cbc5d,2026-04-26,1,plan-enumerators,cardinality-agnostic,star,"mutable (single core, DPsubOpt)",Execution Time,21,10000.0,1
83aaa5e8dd69c9faf4d8680a9c73c0ef9f4cbc5d,2026-04-26,1,plan-enumerators,cardinality-agnostic,star,"mutable (single core, DPsubOpt)",Execution Time,21,10000.0,2
83aaa5e8dd69c9faf4d8680a9c73c0ef9f4cbc5d,2026-04-26,1,plan-enumerators,cardinality-agnostic,star,"mutable (single core, DPsubOpt)",Execution Time,22,10000.0,0
83aaa5e8dd69c9faf4d8680a9c73c0ef9f4cbc5d,2026-04-26,1,plan-enumerators,cardinality-agnostic,star,"mutable (single core, DPsubOpt)",Execution Time,22,10000.0,1
83aaa5e8dd69c9faf4d8680a9c73c0ef9f4cbc5d,2026-04-26,1,plan-enumerators,cardinality-agnostic,star,"mutable (single core, DPsubOpt)",Execution Time,22,10000.0,2
83aaa5e8dd69c9faf4d8680a9c73c0ef9f4cbc5d,2026-04-26,1,plan-enumerators,cardinality-agnostic,star,"mutable (single core, DPsubOpt)",Execution Time,23,10000.0,0
83aaa5e8dd69c9faf4d8680a9c73c0ef9f4cbc5d,2026-04-26,1,plan-enumerators,cardinality-agnostic,star,"mutable (single core, DPsubOpt)",Execution Time,23,10000.0,1
83aaa5e8dd69c9faf4d8680a9c73c0ef9f4cbc5d,2026-04-26,1,plan-enumerators,cardinality-agnostic,star,"mutable (single core, DPsubOpt)",Execution Time,23,10000.0,2
83aaa5e8dd69c9faf4d8680a9c73c0ef9f4cbc5d,2026-04-26,1,plan-enumerators,cardinality-agnostic,star,"mutable (single core, DPsubOpt)",Execution Time,24,10000.0,0
83aaa5e8dd69c9faf4d8680a9c73c0ef9f4cbc5d,2026-04-26,1,plan-enumerators,cardinality-agnostic,star,"mutable (single core, DPsubOpt)",Execution Time,24,10000.0,1
83aaa5e8dd69c9faf4d8680a9c73c0ef9f4cbc5d,2026-04-26,1,plan-enumerators,cardinality-agnostic,star,"mutable (single core, DPsubOpt)",Execution Time,24,10000.0,2
83aaa5e8dd69c9faf4d8680a9c73c0ef9f4cbc5d,2026-04-26,1,plan-enumerators,cardinality-agnostic,star,"mutable (single core, DPsubOpt)",Execution Time,25,10000.0,0
83aaa5e8dd69c9faf4d8680a9c73c0ef9f4cbc5d,2026-04-26,1,plan-enumerators,cardinality-agnostic,star,"mutable (single core, DPsubOpt)",Execution Time,25,10000.0,1
83aaa5e8dd69c9faf4d8680a9c73c0ef9f4cbc5d,2026-04-26,1,plan-enumerators,cardinality-agnostic,star,"mutable (single core, DPsubOpt)",Execution Time,25,10000.0,2
83aaa5e8dd69c9faf4d8680a9c73c0ef9f4cbc5d,2026-04-26,1,plan-enumerators,cardinality-agnostic,star,"mutable (single core, DPsubOpt)",Execution Time,26,10000.0,0
83aaa5e8dd69c9faf4d8680a9c73c0ef9f4cbc5d,2026-04-26,1,plan-enumerators,cardinality-agnostic,star,"mutable (single core, DPsubOpt)",Execution Time,26,10000.0,1
83aaa5e8dd69c9faf4d8680a9c73c0ef9f4cbc5d,2026-04-26,1,plan-enumerators,cardinality-agnostic,star,"mutable (single core, DPsubOpt)",Execution Time,26,10000.0,2
83aaa5e8dd69c9faf4d8680a9c73c0ef9f4cbc5d,2026-04-26,1,plan-enumerators,cardinality-agnostic,star,"mutable (single core, DPsubOpt)",Execution Time,27,10000.0,0
83aaa5e8dd69c9faf4d8680a9c73c0ef9f4cbc5d,2026-04-26,1,plan-enumerators,cardinality-agnostic,star,"mutable (single core, DPsubOpt)",Execution Time,27,10000.0,1
83aaa5e8dd69c9faf4d8680a9c73c0ef9f4cbc5d,2026-04-26,1,plan-enumerators,cardinality-agnostic,star,"mutable (single core, DPsubOpt)",Execution Time,27,10000.0,2
83aaa5e8dd69c9faf4d8680a9c73c0ef9f4cbc5d,2026-04-26,1,plan-enumerators,cardinality-agnostic,star,"mutable (single core, DPsubOpt)",Execution Time,28,10000.0,0
83aaa5e8dd69c9faf4d8680a9c73c0ef9f4cbc5d,2026-04-26,1,plan-enumerators,cardinality-agnostic,star,"mutable (single core, DPsubOpt)",Execution Time,28,10000.0,1
83aaa5e8dd69c9faf4d8680a9c73c0ef9f4cbc5d,2026-04-26,1,plan-enumerators,cardinality-agnostic,star,"mutable (single core, DPsubOpt)",Execution Time,28,10000.0,2
83aaa5e8dd69c9faf4d8680a9c73c0ef9f4cbc5d,2026-04-26,1,plan-enumerators,cardinality-agnostic,star,"mutable (single core, DPsubOpt)",Execution Time,29,10000.0,0
83aaa5e8dd69c9faf4d8680a9c73c0ef9f4cbc5d,2026-04-26,1,plan-enumerators,cardinality-agnostic,star,"mutable (single core, DPsubOpt)",Execution Time,29,10000.0,1
83aaa5e8dd69c9faf4d8680a9c73c0ef9f4cbc5d,2026-04-26,1,plan-enumerators,cardinality-agnostic,star,"mutable (single core, DPsubOpt)",Execution Time,29,10000.0,2
83aaa5e8dd69c9faf4d8680a9c73c0ef9f4cbc5d,2026-04-26,1,plan-enumerators,cardinality-agnostic,star,"mutable (single core, DPsubOpt)",Execution Time,30,10000.0,0
83aaa5e8dd69c9faf4d8680a9c73c0ef9f4cbc5d,2026-04-26,1,plan-enumerators,cardinality-agnostic,star,"mutable (single core, DPsubOpt)",Execution Time,30,10000.0,1
83aaa5e8dd69c9faf4d8680a9c73c0ef9f4cbc5d,2026-04-26,1,plan-enumerators,cardinality-agnostic,star,"mutable (single core, DPsubOpt)",Execution Time,30,10000.0,2
83aaa5e8dd69c9faf4d8680a9c73c0ef9f4cbc5d,2026-04-26,1,plan-enumerators,cardinality-agnostic,star,"mutable (single core, DPsizeSub)",Execution Time,2,10000.0,0
83aaa5e8dd69c9faf4d8680a9c73c0ef9f4cbc5d,2026-04-26,1,plan-enumerators,cardinality-agnostic,star,"mutable (single core, DPsizeSub)",Execution Time,2,10000.0,1
83aaa5e8dd69c9faf4d8680a9c73c0ef9f4cbc5d,2026-04-26,1,plan-enumerators,cardinality-agnostic,star,"mutable (single core, DPsizeSub)",Execution Time,2,10000.0,2
83aaa5e8dd69c9faf4d8680a9c73c0ef9f4cbc5d,2026-04-26,1,plan-enumerators,cardinality-agnostic,star,"mutable (single core, DPsizeSub)",Execution Time,3,10000.0,0
83aaa5e8dd69c9faf4d8680a9c73c0ef9f4cbc5d,2026-04-26,1,plan-enumerators,cardinality-agnostic,star,"mutable (single core, DPsizeSub)",Execution Time,3,10000.0,1
83aaa5e8dd69c9faf4d8680a9c73c0ef9f4cbc5d,2026-04-26,1,plan-enumerators,cardinality-agnostic,star,"mutable (single core, DPsizeSub)",Execution Time,3,10000.0,2
83aaa5e8dd69c9faf4d8680a9c73c0ef9f4cbc5d,2026-04-26,1,plan-enumerators,cardinality-agnostic,star,"mutable (single core, DPsizeSub)",Execution Time,4,10000.0,0
83aaa5e8dd69c9faf4d8680a9c73c0ef9f4cbc5d,2026-04-26,1,plan-enumerators,cardinality-agnostic,star,"mutable (single core, DPsizeSub)",Execution Time,4,10000.0,1
83aaa5e8dd69c9faf4d8680a9c73c0ef9f4cbc5d,2026-04-26,1,plan-enumerators,cardinality-agnostic,star,"mutable (single core, DPsizeSub)",Execution Time,4,10000.0,2
83aaa5e8dd69c9faf4d8680a9c73c0ef9f4cbc5d,2026-04-26,1,plan-enumerators,cardinality-agnostic,star,"mutable (single core, DPsizeSub)",Execution Time,5,10000.0,0
83aaa5e8dd69c9faf4d8680a9c73c0ef9f4cbc5d,2026-04-26,1,plan-enumerators,cardinality-agnostic,star,"mutable (single core, DPsizeSub)",Execution Time,5,10000.0,1
83aaa5e8dd69c9faf4d8680a9c73c0ef9f4cbc5d,2026-04-26,1,plan-enumerators,cardinality-agnostic,star,"mutable (single core, DPsizeSub)",Execution Time,5,10000.0,2
83aaa5e8dd69c9faf4d8680a9c73c0ef9f4cbc5d,2026-04-26,1,plan-enumerators,cardinality-agnostic,star,"mutable (single core, DPsizeSub)",Execution Time,8,10000.0,0
83aaa5e8dd69c9faf4d8680a9c73c0ef9f4cbc5d,2026-04-26,1,plan-enumerators,cardinality-agnostic,star,"mutable (single core, DPsizeSub)",Execution Time,8,10000.0,1
83aaa5e8dd69c9faf4d8680a9c73c0ef9f4cbc5d,2026-04-26,1,plan-enumerators,cardinality-agnostic,star,"mutable (single core, DPsizeSub)",Execution Time,8,10000.0,2
83aaa5e8dd69c9faf4d8680a9c73c0ef9f4cbc5d,2026-04-26,1,plan-enumerators,cardinality-agnostic,star,"mutable (single core, DPsizeSub)",Execution Time,10,10000.0,0
83aaa5e8dd69c9faf4d8680a9c73c0ef9f4cbc5d,2026-04-26,1,plan-enumerators,cardinality-agnostic,star,"mutable (single core, DPsizeSub)",Execution Time,10,10000.0,1
83aaa5e8dd69c9faf4d8680a9c73c0ef9f4cbc5d,2026-04-26,1,plan-enumerators,cardinality-agnostic,star,"mutable (single core, DPsizeSub)",Execution Time,10,10000.0,2
83aaa5e8dd69c9faf4d8680a9c73c0ef9f4cbc5d,2026-04-26,1,plan-enumerators,cardinality-agnostic,star,"mutable (single core, DPsizeSub)",Execution Time,12,10000.0,0
83aaa5e8dd69c9faf4d8680a9c73c0ef9f4cbc5d,2026-04-26,1,plan-enumerators,cardinality-agnostic,star,"mutable (single core, DPsizeSub)",Execution Time,12,10000.0,1
83aaa5e8dd69c9faf4d8680a9c73c0ef9f4cbc5d,2026-04-26,1,plan-enumerators,cardinality-agnostic,star,"mutable (single core, DPsizeSub)",Execution Time,12,10000.0,2
83aaa5e8dd69c9faf4d8680a9c73c0ef9f4cbc5d,2026-04-26,1,plan-enumerators,cardinality-agnostic,star,"mutable (single core, DPsizeSub)",Execution Time,15,10000.0,0
83aaa5e8dd69c9faf4d8680a9c73c0ef9f4cbc5d,2026-04-26,1,plan-enumerators,cardinality-agnostic,star,"mutable (single core, DPsizeSub)",Execution Time,15,10000.0,1
83aaa5e8dd69c9faf4d8680a9c73c0ef9f4cbc5d,2026-04-26,1,plan-enumerators,cardinality-agnostic,star,"mutable (single core, DPsizeSub)",Execution Time,15,10000.0,2
83aaa5e8dd69c9faf4d8680a9c73c0ef9f4cbc5d,2026-04-26,1,plan-enumerators,cardinality-agnostic,star,"mutable (single core, DPsizeSub)",Execution Time,18,10000.0,0
83aaa5e8dd69c9faf4d8680a9c73c0ef9f4cbc5d,2026-04-26,1,plan-enumerators,cardinality-agnostic,star,"mutable (single core, DPsizeSub)",Execution Time,18,10000.0,1
83aaa5e8dd69c9faf4d8680a9c73c0ef9f4cbc5d,2026-04-26,1,plan-enumerators,cardinality-agnostic,star,"mutable (single core, DPsizeSub)",Execution Time,18,10000.0,2
83aaa5e8dd69c9faf4d8680a9c73c0ef9f4cbc5d,2026-04-26,1,plan-enumerators,cardinality-agnostic,star,"mutable (single core, DPsizeSub)",Execution Time,20,10000.0,0
83aaa5e8dd69c9faf4d8680a9c73c0ef9f4cbc5d,2026-04-26,1,plan-enumerators,cardinality-agnostic,star,"mutable (single core, DPsizeSub)",Execution Time,20,10000.0,1
83aaa5e8dd69c9faf4d8680a9c73c0ef9f4cbc5d,2026-04-26,1,plan-enumerators,cardinality-agnostic,star,"mutable (single core, DPsizeSub)",Execution Time,20,10000.0,2
83aaa5e8dd69c9faf4d8680a9c73c0ef9f4cbc5d,2026-04-26,1,plan-enumerators,cardinality-agnostic,star,"mutable (single core, DPsizeSub)",Execution Time,21,10000.0,0
83aaa5e8dd69c9faf4d8680a9c73c0ef9f4cbc5d,2026-04-26,1,plan-enumerators,cardinality-agnostic,star,"mutable (single core, DPsizeSub)",Execution Time,21,10000.0,1
83aaa5e8dd69c9faf4d8680a9c73c0ef9f4cbc5d,2026-04-26,1,plan-enumerators,cardinality-agnostic,star,"mutable (single core, DPsizeSub)",Execution Time,21,10000.0,2
83aaa5e8dd69c9faf4d8680a9c73c0ef9f4cbc5d,2026-04-26,1,plan-enumerators,cardinality-agnostic,star,"mutable (single core, DPsizeSub)",Execution Time,22,10000.0,0
83aaa5e8dd69c9faf4d8680a9c73c0ef9f4cbc5d,2026-04-26,1,plan-enumerators,cardinality-agnostic,star,"mutable (single core, DPsizeSub)",Execution Time,22,10000.0,1
83aaa5e8dd69c9faf4d8680a9c73c0ef9f4cbc5d,2026-04-26,1,plan-enumerators,cardinality-agnostic,star,"mutable (single core, DPsizeSub)",Execution Time,22,10000.0,2
83aaa5e8dd69c9faf4d8680a9c73c0ef9f4cbc5d,2026-04-26,1,plan-enumerators,cardinality-agnostic,star,"mutable (single core, DPsizeSub)",Execution Time,23,10000.0,0
83aaa5e8dd69c9faf4d8680a9c73c0ef9f4cbc5d,2026-04-26,1,plan-enumerators,cardinality-agnostic,star,"mutable (single core, DPsizeSub)",Execution Time,23,10000.0,1
83aaa5e8dd69c9faf4d8680a9c73c0ef9f4cbc5d,2026-04-26,1,plan-enumerators,cardinality-agnostic,star,"mutable (single core, DPsizeSub)",Execution Time,23,10000.0,2
83aaa5e8dd69c9faf4d8680a9c73c0ef9f4cbc5d,2026-04-26,1,plan-enumerators,cardinality-agnostic,star,"mutable (single core, DPsizeSub)",Execution Time,24,10000.0,0
83aaa5e8dd69c9faf4d8680a9c73c0ef9f4cbc5d,2026-04-26,1,plan-enumerators,cardinality-agnostic,star,"mutable (single core, DPsizeSub)",Execution Time,24,10000.0,1
83aaa5e8dd69c9faf4d8680a9c73c0ef9f4cbc5d,2026-04-26,1,plan-enumerators,cardinality-agnostic,star,"mutable (single core, DPsizeSub)",Execution Time,24,10000.0,2
83aaa5e8dd69c9faf4d8680a9c73c0ef9f4cbc5d,2026-04-26,1,plan-enumerators,cardinality-agnostic,star,"mutable (single core, DPsizeSub)",Execution Time,25,10000.0,0
83aaa5e8dd69c9faf4d8680a9c73c0ef9f4cbc5d,2026-04-26,1,plan-enumerators,cardinality-agnostic,star,"mutable (single core, DPsizeSub)",Execution Time,25,10000.0,1
83aaa5e8dd69c9faf4d8680a9c73c0ef9f4cbc5d,2026-04-26,1,plan-enumerators,cardinality-agnostic,star,"mutable (single core, DPsizeSub)",Execution Time,25,10000.0,2
83aaa5e8dd69c9faf4d8680a9c73c0ef9f4cbc5d,2026-04-26,1,plan-enumerators,cardinality-agnostic,star,"mutable (single core, DPsizeSub)",Execution Time,26,10000.0,0
83aaa5e8dd69c9faf4d8680a9c73c0ef9f4cbc5d,2026-04-26,1,plan-enumerators,cardinality-agnostic,star,"mutable (single core, DPsizeSub)",Execution Time,26,10000.0,1
83aaa5e8dd69c9faf4d8680a9c73c0ef9f4cbc5d,2026-04-26,1,plan-enumerators,cardinality-agnostic,star,"mutable (single core, DPsizeSub)",Execution Time,26,10000.0,2
83aaa5e8dd69c9faf4d8680a9c73c0ef9f4cbc5d,2026-04-26,1,plan-enumerators,cardinality-agnostic,star,"mutable (single core, DPsizeSub)",Execution Time,27,10000.0,0
83aaa5e8dd69c9faf4d8680a9c73c0ef9f4cbc5d,2026-04-26,1,plan-enumerators,cardinality-agnostic,star,"mutable (single core, DPsizeSub)",Execution Time,27,10000.0,1
83aaa5e8dd69c9faf4d8680a9c73c0ef9f4cbc5d,2026-04-26,1,plan-enumerators,cardinality-agnostic,star,"mutable (single core, DPsizeSub)",Execution Time,27,10000.0,2
83aaa5e8dd69c9faf4d8680a9c73c0ef9f4cbc5d,2026-04-26,1,plan-enumerators,cardinality-agnostic,star,"mutable (single core, DPsizeSub)",Execution Time,28,10000.0,0
83aaa5e8dd69c9faf4d8680a9c73c0ef9f4cbc5d,2026-04-26,1,plan-enumerators,cardinality-agnostic,star,"mutable (single core, DPsizeSub)",Execution Time,28,10000.0,1
83aaa5e8dd69c9faf4d8680a9c73c0ef9f4cbc5d,2026-04-26,1,plan-enumerators,cardinality-agnostic,star,"mutable (single core, DPsizeSub)",Execution Time,28,10000.0,2
83aaa5e8dd69c9faf4d8680a9c73c0ef9f4cbc5d,2026-04-26,1,plan-enumerators,cardinality-agnostic,star,"mutable (single core, DPsizeSub)",Execution Time,29,10000.0,0
83aaa5e8dd69c9faf4d8680a9c73c0ef9f4cbc5d,2026-04-26,1,plan-enumerators,cardinality-agnostic,star,"mutable (single core, DPsizeSub)",Execution Time,29,10000.0,1
83aaa5e8dd69c9faf4d8680a9c73c0ef9f4cbc5d,2026-04-26,1,plan-enumerators,cardinality-agnostic,star,"mutable (single core, DPsizeSub)",Execution Time,29,10000.0,2
83aaa5e8dd69c9faf4d8680a9c73c0ef9f4cbc5d,2026-04-26,1,plan-enumerators,cardinality-agnostic,star,"mutable (single core, DPsizeSub)",Execution Time,30,10000.0,0
83aaa5e8dd69c9faf4d8680a9c73c0ef9f4cbc5d,2026-04-26,1,plan-enumerators,cardinality-agnostic,star,"mutable (single core, DPsizeSub)",Execution Time,30,10000.0,1
83aaa5e8dd69c9faf4d8680a9c73c0ef9f4cbc5d,2026-04-26,1,plan-enumerators,cardinality-agnostic,star,"mutable (single core, DPsizeSub)",Execution Time,30,10000.0,2
83aaa5e8dd69c9faf4d8680a9c73c0ef9f4cbc5d,2026-04-26,1,plan-enumerators,cardinality-agnostic,star,"mutable (single core, TDbasic)",Execution Time,2,10000.0,0
83aaa5e8dd69c9faf4d8680a9c73c0ef9f4cbc5d,2026-04-26,1,plan-enumerators,cardinality-agnostic,star,"mutable (single core, TDbasic)",Execution Time,2,10000.0,1
83aaa5e8dd69c9faf4d8680a9c73c0ef9f4cbc5d,2026-04-26,1,plan-enumerators,cardinality-agnostic,star,"mutable (single core, TDbasic)",Execution Time,2,10000.0,2
83aaa5e8dd69c9faf4d8680a9c73c0ef9f4cbc5d,2026-04-26,1,plan-enumerators,cardinality-agnostic,star,"mutable (single core, TDbasic)",Execution Time,3,10000.0,0
83aaa5e8dd69c9faf4d8680a9c73c0ef9f4cbc5d,2026-04-26,1,plan-enumerators,cardinality-agnostic,star,"mutable (single core, TDbasic)",Execution Time,3,10000.0,1
83aaa5e8dd69c9faf4d8680a9c73c0ef9f4cbc5d,2026-04-26,1,plan-enumerators,cardinality-agnostic,star,"mutable (single core, TDbasic)",Execution Time,3,10000.0,2
83aaa5e8dd69c9faf4d8680a9c73c0ef9f4cbc5d,2026-04-26,1,plan-enumerators,cardinality-agnostic,star,"mutable (single core, TDbasic)",Execution Time,4,10000.0,0
83aaa5e8dd69c9faf4d8680a9c73c0ef9f4cbc5d,2026-04-26,1,plan-enumerators,cardinality-agnostic,star,"mutable (single core, TDbasic)",Execution Time,4,10000.0,1
83aaa5e8dd69c9faf4d8680a9c73c0ef9f4cbc5d,2026-04-26,1,plan-enumerators,cardinality-agnostic,star,"mutable (single core, TDbasic)",Execution Time,4,10000.0,2
83aaa5e8dd69c9faf4d8680a9c73c0ef9f4cbc5d,2026-04-26,1,plan-enumerators,cardinality-agnostic,star,"mutable (single core, TDbasic)",Execution Time,5,10000.0,0
83aaa5e8dd69c9faf4d8680a9c73c0ef9f4cbc5d,2026-04-26,1,plan-enumerators,cardinality-agnostic,star,"mutable (single core, TDbasic)",Execution Time,5,10000.0,1
83aaa5e8dd69c9faf4d8680a9c73c0ef9f4cbc5d,2026-04-26,1,plan-enumerators,cardinality-agnostic,star,"mutable (single core, TDbasic)",Execution Time,5,10000.0,2
83aaa5e8dd69c9faf4d8680a9c73c0ef9f4cbc5d,2026-04-26,1,plan-enumerators,cardinality-agnostic,star,"mutable (single core, TDbasic)",Execution Time,8,10000.0,0
83aaa5e8dd69c9faf4d8680a9c73c0ef9f4cbc5d,2026-04-26,1,plan-enumerators,cardinality-agnostic,star,"mutable (single core, TDbasic)",Execution Time,8,10000.0,1
83aaa5e8dd69c9faf4d8680a9c73c0ef9f4cbc5d,2026-04-26,1,plan-enumerators,cardinality-agnostic,star,"mutable (single core, TDbasic)",Execution Time,8,10000.0,2
83aaa5e8dd69c9faf4d8680a9c73c0ef9f4cbc5d,2026-04-26,1,plan-enumerators,cardinality-agnostic,star,"mutable (single core, TDbasic)",Execution Time,10,10000.0,0
83aaa5e8dd69c9faf4d8680a9c73c0ef9f4cbc5d,2026-04-26,1,plan-enumerators,cardinality-agnostic,star,"mutable (single core, TDbasic)",Execution Time,10,10000.0,1
83aaa5e8dd69c9faf4d8680a9c73c0ef9f4cbc5d,2026-04-26,1,plan-enumerators,cardinality-agnostic,star,"mutable (single core, TDbasic)",Execution Time,10,10000.0,2
83aaa5e8dd69c9faf4d8680a9c73c0ef9f4cbc5d,2026-04-26,1,plan-enumerators,cardinality-agnostic,star,"mutable (single core, TDbasic)",Execution Time,12,10000.0,0
83aaa5e8dd69c9faf4d8680a9c73c0ef9f4cbc5d,2026-04-26,1,plan-enumerators,cardinality-agnostic,star,"mutable (single core, TDbasic)",Execution Time,12,10000.0,1
83aaa5e8dd69c9faf4d8680a9c73c0ef9f4cbc5d,2026-04-26,1,plan-enumerators,cardinality-agnostic,star,"mutable (single core, TDbasic)",Execution Time,12,10000.0,2
83aaa5e8dd69c9faf4d8680a9c73c0ef9f4cbc5d,2026-04-26,1,plan-enumerators,cardinality-agnostic,star,"mutable (single core, TDbasic)",Execution Time,15,10000.0,0
83aaa5e8dd69c9faf4d8680a9c73c0ef9f4cbc5d,2026-04-26,1,plan-enumerators,cardinality-agnostic,star,"mutable (single core, TDbasic)",Execution Time,15,10000.0,1
83aaa5e8dd69c9faf4d8680a9c73c0ef9f4cbc5d,2026-04-26,1,plan-enumerators,cardinality-agnostic,star,"mutable (single core, TDbasic)",Execution Time,15,10000.0,2
83aaa5e8dd69c9faf4d8680a9c73c0ef9f4cbc5d,2026-04-26,1,plan-enumerators,cardinality-agnostic,star,"mutable (single core, TDbasic)",Execution Time,18,10000.0,0
83aaa5e8dd69c9faf4d8680a9c73c0ef9f4cbc5d,2026-04-26,1,plan-enumerators,cardinality-agnostic,star,"mutable (single core, TDbasic)",Execution Time,18,10000.0,1
83aaa5e8dd69c9faf4d8680a9c73c0ef9f4cbc5d,2026-04-26,1,plan-enumerators,cardinality-agnostic,star,"mutable (single core, TDbasic)",Execution Time,18,10000.0,2
83aaa5e8dd69c9faf4d8680a9c73c0ef9f4cbc5d,2026-04-26,1,plan-enumerators,cardinality-agnostic,star,"mutable (single core, TDbasic)",Execution Time,20,10000.0,0
83aaa5e8dd69c9faf4d8680a9c73c0ef9f4cbc5d,2026-04-26,1,plan-enumerators,cardinality-agnostic,star,"mutable (single core, TDbasic)",Execution Time,20,10000.0,1
83aaa5e8dd69c9faf4d8680a9c73c0ef9f4cbc5d,2026-04-26,1,plan-enumerators,cardinality-agnostic,star,"mutable (single core, TDbasic)",Execution Time,20,10000.0,2
83aaa5e8dd69c9faf4d8680a9c73c0ef9f4cbc5d,2026-04-26,1,plan-enumerators,cardinality-agnostic,star,"mutable (single core, TDbasic)",Execution Time,21,10000.0,0
83aaa5e8dd69c9faf4d8680a9c73c0ef9f4cbc5d,2026-04-26,1,plan-enumerators,cardinality-agnostic,star,"mutable (single core, TDbasic)",Execution Time,21,10000.0,1
83aaa5e8dd69c9faf4d8680a9c73c0ef9f4cbc5d,2026-04-26,1,plan-enumerators,cardinality-agnostic,star,"mutable (single core, TDbasic)",Execution Time,21,10000.0,2
83aaa5e8dd69c9faf4d8680a9c73c0ef9f4cbc5d,2026-04-26,1,plan-enumerators,cardinality-agnostic,star,"mutable (single core, TDbasic)",Execution Time,22,10000.0,0
83aaa5e8dd69c9faf4d8680a9c73c0ef9f4cbc5d,2026-04-26,1,plan-enumerators,cardinality-agnostic,star,"mutable (single core, TDbasic)",Execution Time,22,10000.0,1
83aaa5e8dd69c9faf4d8680a9c73c0ef9f4cbc5d,2026-04-26,1,plan-enumerators,cardinality-agnostic,star,"mutable (single core, TDbasic)",Execution Time,22,10000.0,2
83aaa5e8dd69c9faf4d8680a9c73c0ef9f4cbc5d,2026-04-26,1,plan-enumerators,cardinality-agnostic,star,"mutable (single core, TDbasic)",Execution Time,23,10000.0,0
83aaa5e8dd69c9faf4d8680a9c73c0ef9f4cbc5d,2026-04-26,1,plan-enumerators,cardinality-agnostic,star,"mutable (single core, TDbasic)",Execution Time,23,10000.0,1
83aaa5e8dd69c9faf4d8680a9c73c0ef9f4cbc5d,2026-04-26,1,plan-enumerators,cardinality-agnostic,star,"mutable (single core, TDbasic)",Execution Time,23,10000.0,2
83aaa5e8dd69c9faf4d8680a9c73c0ef9f4cbc5d,2026-04-26,1,plan-enumerators,cardinality-agnostic,star,"mutable (single core, TDbasic)",Execution Time,24,10000.0,0
83aaa5e8dd69c9faf4d8680a9c73c0ef9f4cbc5d,2026-04-26,1,plan-enumerators,cardinality-agnostic,star,"mutable (single core, TDbasic)",Execution Time,24,10000.0,1
83aaa5e8dd69c9faf4d8680a9c73c0ef9f4cbc5d,2026-04-26,1,plan-enumerators,cardinality-agnostic,star,"mutable (single core, TDbasic)",Execution Time,24,10000.0,2
83aaa5e8dd69c9faf4d8680a9c73c0ef9f4cbc5d,2026-04-26,1,plan-enumerators,cardinality-agnostic,star,"mutable (single core, TDbasic)",Execution Time,25,10000.0,0
83aaa5e8dd69c9faf4d8680a9c73c0ef9f4cbc5d,2026-04-26,1,plan-enumerators,cardinality-agnostic,star,"mutable (single core, TDbasic)",Execution Time,25,10000.0,1
83aaa5e8dd69c9faf4d8680a9c73c0ef9f4cbc5d,2026-04-26,1,plan-enumerators,cardinality-agnostic,star,"mutable (single core, TDbasic)",Execution Time,25,10000.0,2
83aaa5e8dd69c9faf4d8680a9c73c0ef9f4cbc5d,2026-04-26,1,plan-enumerators,cardinality-agnostic,star,"mutable (single core, TDbasic)",Execution Time,26,10000.0,0
83aaa5e8dd69c9faf4d8680a9c73c0ef9f4cbc5d,2026-04-26,1,plan-enumerators,cardinality-agnostic,star,"mutable (single core, TDbasic)",Execution Time,26,10000.0,1
83aaa5e8dd69c9faf4d8680a9c73c0ef9f4cbc5d,2026-04-26,1,plan-enumerators,cardinality-agnostic,star,"mutable (single core, TDbasic)",Execution Time,26,10000.0,2
83aaa5e8dd69c9faf4d8680a9c73c0ef9f4cbc5d,2026-04-26,1,plan-enumerators,cardinality-agnostic,star,"mutable (single core, TDbasic)",Execution Time,27,10000.0,0
83aaa5e8dd69c9faf4d8680a9c73c0ef9f4cbc5d,2026-04-26,1,plan-enumerators,cardinality-agnostic,star,"mutable (single core, TDbasic)",Execution Time,27,10000.0,1
83aaa5e8dd69c9faf4d8680a9c73c0ef9f4cbc5d,2026-04-26,1,plan-enumerators,cardinality-agnostic,star,"mutable (single core, TDbasic)",Execution Time,27,10000.0,2
83aaa5e8dd69c9faf4d8680a9c73c0ef9f4cbc5d,2026-04-26,1,plan-enumerators,cardinality-agnostic,star,"mutable (single core, TDbasic)",Execution Time,28,10000.0,0
83aaa5e8dd69c9faf4d8680a9c73c0ef9f4cbc5d,2026-04-26,1,plan-enumerators,cardinality-agnostic,star,"mutable (single core, TDbasic)",Execution Time,28,10000.0,1
83aaa5e8dd69c9faf4d8680a9c73c0ef9f4cbc5d,2026-04-26,1,plan-enumerators,cardinality-agnostic,star,"mutable (single core, TDbasic)",Execution Time,28,10000.0,2
83aaa5e8dd69c9faf4d8680a9c73c0ef9f4cbc5d,2026-04-26,1,plan-enumerators,cardinality-agnostic,star,"mutable (single core, TDbasic)",Execution Time,29,10000.0,0
83aaa5e8dd69c9faf4d8680a9c73c0ef9f4cbc5d,2026-04-26,1,plan-enumerators,cardinality-agnostic,star,"mutable (single core, TDbasic)",Execution Time,29,10000.0,1
83aaa5e8dd69c9faf4d8680a9c73c0ef9f4cbc5d,2026-04-26,1,plan-enumerators,cardinality-agnostic,star,"mutable (single core, TDbasic)",Execution Time,29,10000.0,2
83aaa5e8dd69c9faf4d8680a9c73c0ef9f4cbc5d,2026-04-26,1,plan-enumerators,cardinality-agnostic,star,"mutable (single core, TDbasic)",Execution Time,30,10000.0,0
83aaa5e8dd69c9faf4d8680a9c73c0ef9f4cbc5d,2026-04-26,1,plan-enumerators,cardinality-agnostic,star,"mutable (single core, TDbasic)",Execution Time,30,10000.0,1
83aaa5e8dd69c9faf4d8680a9c73c0ef9f4cbc5d,2026-04-26,1,plan-enumerators,cardinality-agnostic,star,"mutable (single core, TDbasic)",Execution Time,30,10000.0,2
83aaa5e8dd69c9faf4d8680a9c73c0ef9f4cbc5d,2026-04-26,1,plan-enumerators,cardinality-agnostic,star,"mutable (single core, TDMinCutAGaT)",Execution Time,2,10000.0,0
83aaa5e8dd69c9faf4d8680a9c73c0ef9f4cbc5d,2026-04-26,1,plan-enumerators,cardinality-agnostic,star,"mutable (single core, TDMinCutAGaT)",Execution Time,2,10000.0,1
83aaa5e8dd69c9faf4d8680a9c73c0ef9f4cbc5d,2026-04-26,1,plan-enumerators,cardinality-agnostic,star,"mutable (single core, TDMinCutAGaT)",Execution Time,2,10000.0,2
83aaa5e8dd69c9faf4d8680a9c73c0ef9f4cbc5d,2026-04-26,1,plan-enumerators,cardinality-agnostic,star,"mutable (single core, TDMinCutAGaT)",Execution Time,3,10000.0,0
83aaa5e8dd69c9faf4d8680a9c73c0ef9f4cbc5d,2026-04-26,1,plan-enumerators,cardinality-agnostic,star,"mutable (single core, TDMinCutAGaT)",Execution Time,3,10000.0,1
83aaa5e8dd69c9faf4d8680a9c73c0ef9f4cbc5d,2026-04-26,1,plan-enumerators,cardinality-agnostic,star,"mutable (single core, TDMinCutAGaT)",Execution Time,3,10000.0,2
83aaa5e8dd69c9faf4d8680a9c73c0ef9f4cbc5d,2026-04-26,1,plan-enumerators,cardinality-agnostic,star,"mutable (single core, TDMinCutAGaT)",Execution Time,4,10000.0,0
83aaa5e8dd69c9faf4d8680a9c73c0ef9f4cbc5d,2026-04-26,1,plan-enumerators,cardinality-agnostic,star,"mutable (single core, TDMinCutAGaT)",Execution Time,4,10000.0,1
83aaa5e8dd69c9faf4d8680a9c73c0ef9f4cbc5d,2026-04-26,1,plan-enumerators,cardinality-agnostic,star,"mutable (single core, TDMinCutAGaT)",Execution Time,4,10000.0,2
83aaa5e8dd69c9faf4d8680a9c73c0ef9f4cbc5d,2026-04-26,1,plan-enumerators,cardinality-agnostic,star,"mutable (single core, TDMinCutAGaT)",Execution Time,5,10000.0,0
83aaa5e8dd69c9faf4d8680a9c73c0ef9f4cbc5d,2026-04-26,1,plan-enumerators,cardinality-agnostic,star,"mutable (single core, TDMinCutAGaT)",Execution Time,5,10000.0,1
83aaa5e8dd69c9faf4d8680a9c73c0ef9f4cbc5d,2026-04-26,1,plan-enumerators,cardinality-agnostic,star,"mutable (single core, TDMinCutAGaT)",Execution Time,5,10000.0,2
83aaa5e8dd69c9faf4d8680a9c73c0ef9f4cbc5d,2026-04-26,1,plan-enumerators,cardinality-agnostic,star,"mutable (single core, TDMinCutAGaT)",Execution Time,8,10000.0,0
83aaa5e8dd69c9faf4d8680a9c73c0ef9f4cbc5d,2026-04-26,1,plan-enumerators,cardinality-agnostic,star,"mutable (single core, TDMinCutAGaT)",Execution Time,8,10000.0,1
83aaa5e8dd69c9faf4d8680a9c73c0ef9f4cbc5d,2026-04-26,1,plan-enumerators,cardinality-agnostic,star,"mutable (single core, TDMinCutAGaT)",Execution Time,8,10000.0,2
83aaa5e8dd69c9faf4d8680a9c73c0ef9f4cbc5d,2026-04-26,1,plan-enumerators,cardinality-agnostic,star,"mutable (single core, TDMinCutAGaT)",Execution Time,10,10000.0,0
83aaa5e8dd69c9faf4d8680a9c73c0ef9f4cbc5d,2026-04-26,1,plan-enumerators,cardinality-agnostic,star,"mutable (single core, TDMinCutAGaT)",Execution Time,10,10000.0,1
83aaa5e8dd69c9faf4d8680a9c73c0ef9f4cbc5d,2026-04-26,1,plan-enumerators,cardinality-agnostic,star,"mutable (single core, TDMinCutAGaT)",Execution Time,10,10000.0,2
83aaa5e8dd69c9faf4d8680a9c73c0ef9f4cbc5d,2026-04-26,1,plan-enumerators,cardinality-agnostic,star,"mutable (single core, TDMinCutAGaT)",Execution Time,12,10000.0,0
83aaa5e8dd69c9faf4d8680a9c73c0ef9f4cbc5d,2026-04-26,1,plan-enumerators,cardinality-agnostic,star,"mutable (single core, TDMinCutAGaT)",Execution Time,12,10000.0,1
83aaa5e8dd69c9faf4d8680a9c73c0ef9f4cbc5d,2026-04-26,1,plan-enumerators,cardinality-agnostic,star,"mutable (single core, TDMinCutAGaT)",Execution Time,12,10000.0,2
83aaa5e8dd69c9faf4d8680a9c73c0ef9f4cbc5d,2026-04-26,1,plan-enumerators,cardinality-agnostic,star,"mutable (single core, TDMinCutAGaT)",Execution Time,15,10000.0,0
83aaa5e8dd69c9faf4d8680a9c73c0ef9f4cbc5d,2026-04-26,1,plan-enumerators,cardinality-agnostic,star,"mutable (single core, TDMinCutAGaT)",Execution Time,15,10000.0,1
83aaa5e8dd69c9faf4d8680a9c73c0ef9f4cbc5d,2026-04-26,1,plan-enumerators,cardinality-agnostic,star,"mutable (single core, TDMinCutAGaT)",Execution Time,15,10000.0,2
83aaa5e8dd69c9faf4d8680a9c73c0ef9f4cbc5d,2026-04-26,1,plan-enumerators,cardinality-agnostic,star,"mutable (single core, TDMinCutAGaT)",Execution Time,18,10000.0,0
83aaa5e8dd69c9faf4d8680a9c73c0ef9f4cbc5d,2026-04-26,1,plan-enumerators,cardinality-agnostic,star,"mutable (single core, TDMinCutAGaT)",Execution Time,18,10000.0,1
83aaa5e8dd69c9faf4d8680a9c73c0ef9f4cbc5d,2026-04-26,1,plan-enumerators,cardinality-agnostic,star,"mutable (single core, TDMinCutAGaT)",Execution Time,18,10000.0,2
83aaa5e8dd69c9faf4d8680a9c73c0ef9f4cbc5d,2026-04-26,1,plan-enumerators,cardinality-agnostic,star,"mutable (single core, TDMinCutAGaT)",Execution Time,20,10000.0,0
83aaa5e8dd69c9faf4d8680a9c73c0ef9f4cbc5d,2026-04-26,1,plan-enumerators,cardinality-agnostic,star,"mutable (single core, TDMinCutAGaT)",Execution Time,20,10000.0,1
83aaa5e8dd69c9faf4d8680a9c73c0ef9f4cbc5d,2026-04-26,1,plan-enumerators,cardinality-agnostic,star,"mutable (single core, TDMinCutAGaT)",Execution Time,20,10000.0,2
83aaa5e8dd69c9faf4d8680a9c73c0ef9f4cbc5d,2026-04-26,1,plan-enumerators,cardinality-agnostic,star,"mutable (single core, TDMinCutAGaT)",Execution Time,21,10000.0,0
83aaa5e8dd69c9faf4d8680a9c73c0ef9f4cbc5d,2026-04-26,1,plan-enumerators,cardinality-agnostic,star,"mutable (single core, TDMinCutAGaT)",Execution Time,21,10000.0,1
83aaa5e8dd69c9faf4d8680a9c73c0ef9f4cbc5d,2026-04-26,1,plan-enumerators,cardinality-agnostic,star,"mutable (single core, TDMinCutAGaT)",Execution Time,21,10000.0,2
83aaa5e8dd69c9faf4d8680a9c73c0ef9f4cbc5d,2026-04-26,1,plan-enumerators,cardinality-agnostic,star,"mutable (single core, TDMinCutAGaT)",Execution Time,22,10000.0,0
83aaa5e8dd69c9faf4d8680a9c73c0ef9f4cbc5d,2026-04-26,1,plan-enumerators,cardinality-agnostic,star,"mutable (single core, TDMinCutAGaT)",Execution Time,22,10000.0,1
83aaa5e8dd69c9faf4d8680a9c73c0ef9f4cbc5d,2026-04-26,1,plan-enumerators,cardinality-agnostic,star,"mutable (single core, TDMinCutAGaT)",Execution Time,22,10000.0,2
83aaa5e8dd69c9faf4d8680a9c73c0ef9f4cbc5d,2026-04-26,1,plan-enumerators,cardinality-agnostic,star,"mutable (single core, TDMinCutAGaT)",Execution Time,23,10000.0,0
83aaa5e8dd69c9faf4d8680a9c73c0ef9f4cbc5d,2026-04-26,1,plan-enumerators,cardinality-agnostic,star,"mutable (single core, TDMinCutAGaT)",Execution Time,23,10000.0,1
83aaa5e8dd69c9faf4d8680a9c73c0ef9f4cbc5d,2026-04-26,1,plan-enumerators,cardinality-agnostic,star,"mutable (single core, TDMinCutAGaT)",Execution Time,23,10000.0,2
83aaa5e8dd69c9faf4d8680a9c73c0ef9f4cbc5d,2026-04-26,1,plan-enumerators,cardinality-agnostic,star,"mutable (single core, TDMinCutAGaT)",Execution Time,24,10000.0,0
83aaa5e8dd69c9faf4d8680a9c73c0ef9f4cbc5d,2026-04-26,1,plan-enumerators,cardinality-agnostic,star,"mutable (single core, TDMinCutAGaT)",Execution Time,24,10000.0,1
83aaa5e8dd69c9faf4d8680a9c73c0ef9f4cbc5d,2026-04-26,1,plan-enumerators,cardinality-agnostic,star,"mutable (single core, TDMinCutAGaT)",Execution Time,24,10000.0,2
83aaa5e8dd69c9faf4d8680a9c73c0ef9f4cbc5d,2026-04-26,1,plan-enumerators,cardinality-agnostic,star,"mutable (single core, TDMinCutAGaT)",Execution Time,25,10000.0,0
83aaa5e8dd69c9faf4d8680a9c73c0ef9f4cbc5d,2026-04-26,1,plan-enumerators,cardinality-agnostic,star,"mutable (single core, TDMinCutAGaT)",Execution Time,25,10000.0,1
83aaa5e8dd69c9faf4d8680a9c73c0ef9f4cbc5d,2026-04-26,1,plan-enumerators,cardinality-agnostic,star,"mutable (single core, TDMinCutAGaT)",Execution Time,25,10000.0,2
83aaa5e8dd69c9faf4d8680a9c73c0ef9f4cbc5d,2026-04-26,1,plan-enumerators,cardinality-agnostic,star,"mutable (single core, TDMinCutAGaT)",Execution Time,26,10000.0,0
83aaa5e8dd69c9faf4d8680a9c73c0ef9f4cbc5d,2026-04-26,1,plan-enumerators,cardinality-agnostic,star,"mutable (single core, TDMinCutAGaT)",Execution Time,26,10000.0,1
83aaa5e8dd69c9faf4d8680a9c73c0ef9f4cbc5d,2026-04-26,1,plan-enumerators,cardinality-agnostic,star,"mutable (single core, TDMinCutAGaT)",Execution Time,26,10000.0,2
83aaa5e8dd69c9faf4d8680a9c73c0ef9f4cbc5d,2026-04-26,1,plan-enumerators,cardinality-agnostic,star,"mutable (single core, TDMinCutAGaT)",Execution Time,27,10000.0,0
83aaa5e8dd69c9faf4d8680a9c73c0ef9f4cbc5d,2026-04-26,1,plan-enumerators,cardinality-agnostic,star,"mutable (single core, TDMinCutAGaT)",Execution Time,27,10000.0,1
83aaa5e8dd69c9faf4d8680a9c73c0ef9f4cbc5d,2026-04-26,1,plan-enumerators,cardinality-agnostic,star,"mutable (single core, TDMinCutAGaT)",Execution Time,27,10000.0,2
83aaa5e8dd69c9faf4d8680a9c73c0ef9f4cbc5d,2026-04-26,1,plan-enumerators,cardinality-agnostic,star,"mutable (single core, TDMinCutAGaT)",Execution Time,28,10000.0,0
83aaa5e8dd69c9faf4d8680a9c73c0ef9f4cbc5d,2026-04-26,1,plan-enumerators,cardinality-agnostic,star,"mutable (single core, TDMinCutAGaT)",Execution Time,28,10000.0,1
83aaa5e8dd69c9faf4d8680a9c73c0ef9f4cbc5d,2026-04-26,1,plan-enumerators,cardinality-agnostic,star,"mutable (single core, TDMinCutAGaT)",Execution Time,28,10000.0,2
83aaa5e8dd69c9faf4d8680a9c73c0ef9f4cbc5d,2026-04-26,1,plan-enumerators,cardinality-agnostic,star,"mutable (single core, TDMinCutAGaT)",Execution Time,29,10000.0,0
83aaa5e8dd69c9faf4d8680a9c73c0ef9f4cbc5d,2026-04-26,1,plan-enumerators,cardinality-agnostic,star,"mutable (single core, TDMinCutAGaT)",Execution Time,29,10000.0,1
83aaa5e8dd69c9faf4d8680a9c73c0ef9f4cbc5d,2026-04-26,1,plan-enumerators,cardinality-agnostic,star,"mutable (single core, TDMinCutAGaT)",Execution Time,29,10000.0,2
83aaa5e8dd69c9faf4d8680a9c73c0ef9f4cbc5d,2026-04-26,1,plan-enumerators,cardinality-agnostic,star,"mutable (single core, TDMinCutAGaT)",Execution Time,30,10000.0,0
83aaa5e8dd69c9faf4d8680a9c73c0ef9f4cbc5d,2026-04-26,1,plan-enumerators,cardinality-agnostic,star,"mutable (single core, TDMinCutAGaT)",Execution Time,30,10000.0,1
83aaa5e8dd69c9faf4d8680a9c73c0ef9f4cbc5d,2026-04-26,1,plan-enumerators,cardinality-agnostic,star,"mutable (single core, TDMinCutAGaT)",Execution Time,30,10000.0,2
83aaa5e8dd69c9faf4d8680a9c73c0ef9f4cbc5d,2026-04-26,1,plan-enumerators,cardinality-agnostic,star,"mutable (single core, TwoPhaseOptimizer)",Execution Time,2,3.431,0
83aaa5e8dd69c9faf4d8680a9c73c0ef9f4cbc5d,2026-04-26,1,plan-enumerators,cardinality-agnostic,star,"mutable (single core, TwoPhaseOptimizer)",Execution Time,2,3.465,1
83aaa5e8dd69c9faf4d8680a9c73c0ef9f4cbc5d,2026-04-26,1,plan-enumerators,cardinality-agnostic,star,"mutable (single core, TwoPhaseOptimizer)",Execution Time,2,3.505,2
83aaa5e8dd69c9faf4d8680a9c73c0ef9f4cbc5d,2026-04-26,1,plan-enumerators,cardinality-agnostic,star,"mutable (single core, TwoPhaseOptimizer)",Execution Time,3,9.11,0
83aaa5e8dd69c9faf4d8680a9c73c0ef9f4cbc5d,2026-04-26,1,plan-enumerators,cardinality-agnostic,star,"mutable (single core, TwoPhaseOptimizer)",Execution Time,3,9.215,1
83aaa5e8dd69c9faf4d8680a9c73c0ef9f4cbc5d,2026-04-26,1,plan-enumerators,cardinality-agnostic,star,"mutable (single core, TwoPhaseOptimizer)",Execution Time,3,8.893,2
83aaa5e8dd69c9faf4d8680a9c73c0ef9f4cbc5d,2026-04-26,1,plan-enumerators,cardinality-agnostic,star,"mutable (single core, TwoPhaseOptimizer)",Execution Time,4,13.799,0
83aaa5e8dd69c9faf4d8680a9c73c0ef9f4cbc5d,2026-04-26,1,plan-enumerators,cardinality-agnostic,star,"mutable (single core, TwoPhaseOptimizer)",Execution Time,4,14.364,1
83aaa5e8dd69c9faf4d8680a9c73c0ef9f4cbc5d,2026-04-26,1,plan-enumerators,cardinality-agnostic,star,"mutable (single core, TwoPhaseOptimizer)",Execution Time,4,15.359,2
83aaa5e8dd69c9faf4d8680a9c73c0ef9f4cbc5d,2026-04-26,1,plan-enumerators,cardinality-agnostic,star,"mutable (single core, TwoPhaseOptimizer)",Execution Time,5,18.514,0
83aaa5e8dd69c9faf4d8680a9c73c0ef9f4cbc5d,2026-04-26,1,plan-enumerators,cardinality-agnostic,star,"mutable (single core, TwoPhaseOptimizer)",Execution Time,5,18.273,1
83aaa5e8dd69c9faf4d8680a9c73c0ef9f4cbc5d,2026-04-26,1,plan-enumerators,cardinality-agnostic,star,"mutable (single core, TwoPhaseOptimizer)",Execution Time,5,17.982,2
83aaa5e8dd69c9faf4d8680a9c73c0ef9f4cbc5d,2026-04-26,1,plan-enumerators,cardinality-agnostic,star,"mutable (single core, TwoPhaseOptimizer)",Execution Time,8,35.521,0
83aaa5e8dd69c9faf4d8680a9c73c0ef9f4cbc5d,2026-04-26,1,plan-enumerators,cardinality-agnostic,star,"mutable (single core, TwoPhaseOptimizer)",Execution Time,8,38.694,1
83aaa5e8dd69c9faf4d8680a9c73c0ef9f4cbc5d,2026-04-26,1,plan-enumerators,cardinality-agnostic,star,"mutable (single core, TwoPhaseOptimizer)",Execution Time,8,35.808,2
83aaa5e8dd69c9faf4d8680a9c73c0ef9f4cbc5d,2026-04-26,1,plan-enumerators,cardinality-agnostic,star,"mutable (single core, TwoPhaseOptimizer)",Execution Time,10,47.478,0
83aaa5e8dd69c9faf4d8680a9c73c0ef9f4cbc5d,2026-04-26,1,plan-enumerators,cardinality-agnostic,star,"mutable (single core, TwoPhaseOptimizer)",Execution Time,10,51.002,1
83aaa5e8dd69c9faf4d8680a9c73c0ef9f4cbc5d,2026-04-26,1,plan-enumerators,cardinality-agnostic,star,"mutable (single core, TwoPhaseOptimizer)",Execution Time,10,46.81,2
83aaa5e8dd69c9faf4d8680a9c73c0ef9f4cbc5d,2026-04-26,1,plan-enumerators,cardinality-agnostic,star,"mutable (single core, TwoPhaseOptimizer)",Execution Time,12,62.561,0
83aaa5e8dd69c9faf4d8680a9c73c0ef9f4cbc5d,2026-04-26,1,plan-enumerators,cardinality-agnostic,star,"mutable (single core, TwoPhaseOptimizer)",Execution Time,12,67.944,1
83aaa5e8dd69c9faf4d8680a9c73c0ef9f4cbc5d,2026-04-26,1,plan-enumerators,cardinality-agnostic,star,"mutable (single core, TwoPhaseOptimizer)",Execution Time,12,61.352,2
83aaa5e8dd69c9faf4d8680a9c73c0ef9f4cbc5d,2026-04-26,1,plan-enumerators,cardinality-agnostic,star,"mutable (single core, TwoPhaseOptimizer)",Execution Time,15,81.625,0
83aaa5e8dd69c9faf4d8680a9c73c0ef9f4cbc5d,2026-04-26,1,plan-enumerators,cardinality-agnostic,star,"mutable (single core, TwoPhaseOptimizer)",Execution Time,15,91.652,1
83aaa5e8dd69c9faf4d8680a9c73c0ef9f4cbc5d,2026-04-26,1,plan-enumerators,cardinality-agnostic,star,"mutable (single core, TwoPhaseOptimizer)",Execution Time,15,82.201,2
83aaa5e8dd69c9faf4d8680a9c73c0ef9f4cbc5d,2026-04-26,1,plan-enumerators,cardinality-agnostic,star,"mutable (single core, TwoPhaseOptimizer)",Execution Time,18,114.972,0
83aaa5e8dd69c9faf4d8680a9c73c0ef9f4cbc5d,2026-04-26,1,plan-enumerators,cardinality-agnostic,star,"mutable (single core, TwoPhaseOptimizer)",Execution Time,18,116.181,1
83aaa5e8dd69c9faf4d8680a9c73c0ef9f4cbc5d,2026-04-26,1,plan-enumerators,cardinality-agnostic,star,"mutable (single core, TwoPhaseOptimizer)",Execution Time,18,130.052,2
83aaa5e8dd69c9faf4d8680a9c73c0ef9f4cbc5d,2026-04-26,1,plan-enumerators,cardinality-agnostic,star,"mutable (single core, TwoPhaseOptimizer)",Execution Time,20,143.057,0
83aaa5e8dd69c9faf4d8680a9c73c0ef9f4cbc5d,2026-04-26,1,plan-enumerators,cardinality-agnostic,star,"mutable (single core, TwoPhaseOptimizer)",Execution Time,20,134.612,1
83aaa5e8dd69c9faf4d8680a9c73c0ef9f4cbc5d,2026-04-26,1,plan-enumerators,cardinality-agnostic,star,"mutable (single core, TwoPhaseOptimizer)",Execution Time,20,134.894,2
83aaa5e8dd69c9faf4d8680a9c73c0ef9f4cbc5d,2026-04-26,1,plan-enumerators,cardinality-agnostic,star,"mutable (single core, TwoPhaseOptimizer)",Execution Time,21,135.899,0
83aaa5e8dd69c9faf4d8680a9c73c0ef9f4cbc5d,2026-04-26,1,plan-enumerators,cardinality-agnostic,star,"mutable (single core, TwoPhaseOptimizer)",Execution Time,21,131.51,1
83aaa5e8dd69c9faf4d8680a9c73c0ef9f4cbc5d,2026-04-26,1,plan-enumerators,cardinality-agnostic,star,"mutable (single core, TwoPhaseOptimizer)",Execution Time,21,139.351,2
83aaa5e8dd69c9faf4d8680a9c73c0ef9f4cbc5d,2026-04-26,1,plan-enumerators,cardinality-agnostic,star,"mutable (single core, TwoPhaseOptimizer)",Execution Time,22,154.104,0
83aaa5e8dd69c9faf4d8680a9c73c0ef9f4cbc5d,2026-04-26,1,plan-enumerators,cardinality-agnostic,star,"mutable (single core, TwoPhaseOptimizer)",Execution Time,22,149.221,1
83aaa5e8dd69c9faf4d8680a9c73c0ef9f4cbc5d,2026-04-26,1,plan-enumerators,cardinality-agnostic,star,"mutable (single core, TwoPhaseOptimizer)",Execution Time,22,166.279,2
83aaa5e8dd69c9faf4d8680a9c73c0ef9f4cbc5d,2026-04-26,1,plan-enumerators,cardinality-agnostic,star,"mutable (single core, TwoPhaseOptimizer)",Execution Time,23,157.85,0
83aaa5e8dd69c9faf4d8680a9c73c0ef9f4cbc5d,2026-04-26,1,plan-enumerators,cardinality-agnostic,star,"mutable (single core, TwoPhaseOptimizer)",Execution Time,23,157.831,1
83aaa5e8dd69c9faf4d8680a9c73c0ef9f4cbc5d,2026-04-26,1,plan-enumerators,cardinality-agnostic,star,"mutable (single core, TwoPhaseOptimizer)",Execution Time,23,179.893,2
83aaa5e8dd69c9faf4d8680a9c73c0ef9f4cbc5d,2026-04-26,1,plan-enumerators,cardinality-agnostic,star,"mutable (single core, TwoPhaseOptimizer)",Execution Time,24,173.87,0
83aaa5e8dd69c9faf4d8680a9c73c0ef9f4cbc5d,2026-04-26,1,plan-enumerators,cardinality-agnostic,star,"mutable (single core, TwoPhaseOptimizer)",Execution Time,24,165.301,1
83aaa5e8dd69c9faf4d8680a9c73c0ef9f4cbc5d,2026-04-26,1,plan-enumerators,cardinality-agnostic,star,"mutable (single core, TwoPhaseOptimizer)",Execution Time,24,180.317,2
83aaa5e8dd69c9faf4d8680a9c73c0ef9f4cbc5d,2026-04-26,1,plan-enumerators,cardinality-agnostic,star,"mutable (single core, TwoPhaseOptimizer)",Execution Time,25,164.627,0
83aaa5e8dd69c9faf4d8680a9c73c0ef9f4cbc5d,2026-04-26,1,plan-enumerators,cardinality-agnostic,star,"mutable (single core, TwoPhaseOptimizer)",Execution Time,25,168.13,1
83aaa5e8dd69c9faf4d8680a9c73c0ef9f4cbc5d,2026-04-26,1,plan-enumerators,cardinality-agnostic,star,"mutable (single core, TwoPhaseOptimizer)",Execution Time,25,181.685,2
83aaa5e8dd69c9faf4d8680a9c73c0ef9f4cbc5d,2026-04-26,1,plan-enumerators,cardinality-agnostic,star,"mutable (single core, TwoPhaseOptimizer)",Execution Time,26,190.595,0
83aaa5e8dd69c9faf4d8680a9c73c0ef9f4cbc5d,2026-04-26,1,plan-enumerators,cardinality-agnostic,star,"mutable (single core, TwoPhaseOptimizer)",Execution Time,26,182.653,1
83aaa5e8dd69c9faf4d8680a9c73c0ef9f4cbc5d,2026-04-26,1,plan-enumerators,cardinality-agnostic,star,"mutable (single core, TwoPhaseOptimizer)",Execution Time,26,195.925,2
83aaa5e8dd69c9faf4d8680a9c73c0ef9f4cbc5d,2026-04-26,1,plan-enumerators,cardinality-agnostic,star,"mutable (single core, TwoPhaseOptimizer)",Execution Time,27,202.943,0
83aaa5e8dd69c9faf4d8680a9c73c0ef9f4cbc5d,2026-04-26,1,plan-enumerators,cardinality-agnostic,star,"mutable (single core, TwoPhaseOptimizer)",Execution Time,27,193.101,1
83aaa5e8dd69c9faf4d8680a9c73c0ef9f4cbc5d,2026-04-26,1,plan-enumerators,cardinality-agnostic,star,"mutable (single core, TwoPhaseOptimizer)",Execution Time,27,211.771,2
83aaa5e8dd69c9faf4d8680a9c73c0ef9f4cbc5d,2026-04-26,1,plan-enumerators,cardinality-agnostic,star,"mutable (single core, TwoPhaseOptimizer)",Execution Time,28,207.263,0
83aaa5e8dd69c9faf4d8680a9c73c0ef9f4cbc5d,2026-04-26,1,plan-enumerators,cardinality-agnostic,star,"mutable (single core, TwoPhaseOptimizer)",Execution Time,28,204.84,1
83aaa5e8dd69c9faf4d8680a9c73c0ef9f4cbc5d,2026-04-26,1,plan-enumerators,cardinality-agnostic,star,"mutable (single core, TwoPhaseOptimizer)",Execution Time,28,218.686,2
83aaa5e8dd69c9faf4d8680a9c73c0ef9f4cbc5d,2026-04-26,1,plan-enumerators,cardinality-agnostic,star,"mutable (single core, TwoPhaseOptimizer)",Execution Time,29,204.651,0
83aaa5e8dd69c9faf4d8680a9c73c0ef9f4cbc5d,2026-04-26,1,plan-enumerators,cardinality-agnostic,star,"mutable (single core, TwoPhaseOptimizer)",Execution Time,29,208.238,1
83aaa5e8dd69c9faf4d8680a9c73c0ef9f4cbc5d,2026-04-26,1,plan-enumerators,cardinality-agnostic,star,"mutable (single core, TwoPhaseOptimizer)",Execution Time,29,217.815,2
83aaa5e8dd69c9faf4d8680a9c73c0ef9f4cbc5d,2026-04-26,1,plan-enumerators,cardinality-agnostic,star,"mutable (single core, TwoPhaseOptimizer)",Execution Time,30,241.093,0
83aaa5e8dd69c9faf4d8680a9c73c0ef9f4cbc5d,2026-04-26,1,plan-enumerators,cardinality-agnostic,star,"mutable (single core, TwoPhaseOptimizer)",Execution Time,30,214.495,1
83aaa5e8dd69c9faf4d8680a9c73c0ef9f4cbc5d,2026-04-26,1,plan-enumerators,cardinality-agnostic,star,"mutable (single core, TwoPhaseOptimizer)",Execution Time,30,250.48,2
83aaa5e8dd69c9faf4d8680a9c73c0ef9f4cbc5d,2026-04-27,1,plan-enumerators,cardinality-agnostic,clique,"mutable (single core, DPccp)",Execution Time,2,10000.0,0
83aaa5e8dd69c9faf4d8680a9c73c0ef9f4cbc5d,2026-04-27,1,plan-enumerators,cardinality-agnostic,clique,"mutable (single core, DPccp)",Execution Time,2,10000.0,1
83aaa5e8dd69c9faf4d8680a9c73c0ef9f4cbc5d,2026-04-27,1,plan-enumerators,cardinality-agnostic,clique,"mutable (single core, DPccp)",Execution Time,2,10000.0,2
83aaa5e8dd69c9faf4d8680a9c73c0ef9f4cbc5d,2026-04-27,1,plan-enumerators,cardinality-agnostic,clique,"mutable (single core, DPccp)",Execution Time,3,10000.0,0
83aaa5e8dd69c9faf4d8680a9c73c0ef9f4cbc5d,2026-04-27,1,plan-enumerators,cardinality-agnostic,clique,"mutable (single core, DPccp)",Execution Time,3,10000.0,1
83aaa5e8dd69c9faf4d8680a9c73c0ef9f4cbc5d,2026-04-27,1,plan-enumerators,cardinality-agnostic,clique,"mutable (single core, DPccp)",Execution Time,3,10000.0,2
83aaa5e8dd69c9faf4d8680a9c73c0ef9f4cbc5d,2026-04-27,1,plan-enumerators,cardinality-agnostic,clique,"mutable (single core, DPccp)",Execution Time,4,10000.0,0
83aaa5e8dd69c9faf4d8680a9c73c0ef9f4cbc5d,2026-04-27,1,plan-enumerators,cardinality-agnostic,clique,"mutable (single core, DPccp)",Execution Time,4,10000.0,1
83aaa5e8dd69c9faf4d8680a9c73c0ef9f4cbc5d,2026-04-27,1,plan-enumerators,cardinality-agnostic,clique,"mutable (single core, DPccp)",Execution Time,4,10000.0,2
83aaa5e8dd69c9faf4d8680a9c73c0ef9f4cbc5d,2026-04-27,1,plan-enumerators,cardinality-agnostic,clique,"mutable (single core, DPccp)",Execution Time,5,10000.0,0
83aaa5e8dd69c9faf4d8680a9c73c0ef9f4cbc5d,2026-04-27,1,plan-enumerators,cardinality-agnostic,clique,"mutable (single core, DPccp)",Execution Time,5,10000.0,1
83aaa5e8dd69c9faf4d8680a9c73c0ef9f4cbc5d,2026-04-27,1,plan-enumerators,cardinality-agnostic,clique,"mutable (single core, DPccp)",Execution Time,5,10000.0,2
83aaa5e8dd69c9faf4d8680a9c73c0ef9f4cbc5d,2026-04-27,1,plan-enumerators,cardinality-agnostic,clique,"mutable (single core, DPccp)",Execution Time,8,10000.0,0
83aaa5e8dd69c9faf4d8680a9c73c0ef9f4cbc5d,2026-04-27,1,plan-enumerators,cardinality-agnostic,clique,"mutable (single core, DPccp)",Execution Time,8,10000.0,1
83aaa5e8dd69c9faf4d8680a9c73c0ef9f4cbc5d,2026-04-27,1,plan-enumerators,cardinality-agnostic,clique,"mutable (single core, DPccp)",Execution Time,8,10000.0,2
83aaa5e8dd69c9faf4d8680a9c73c0ef9f4cbc5d,2026-04-27,1,plan-enumerators,cardinality-agnostic,clique,"mutable (single core, DPccp)",Execution Time,10,10000.0,0
83aaa5e8dd69c9faf4d8680a9c73c0ef9f4cbc5d,2026-04-27,1,plan-enumerators,cardinality-agnostic,clique,"mutable (single core, DPccp)",Execution Time,10,10000.0,1
83aaa5e8dd69c9faf4d8680a9c73c0ef9f4cbc5d,2026-04-27,1,plan-enumerators,cardinality-agnostic,clique,"mutable (single core, DPccp)",Execution Time,10,10000.0,2
83aaa5e8dd69c9faf4d8680a9c73c0ef9f4cbc5d,2026-04-27,1,plan-enumerators,cardinality-agnostic,clique,"mutable (single core, DPccp)",Execution Time,12,10000.0,0
83aaa5e8dd69c9faf4d8680a9c73c0ef9f4cbc5d,2026-04-27,1,plan-enumerators,cardinality-agnostic,clique,"mutable (single core, DPccp)",Execution Time,12,10000.0,1
83aaa5e8dd69c9faf4d8680a9c73c0ef9f4cbc5d,2026-04-27,1,plan-enumerators,cardinality-agnostic,clique,"mutable (single core, DPccp)",Execution Time,12,10000.0,2
83aaa5e8dd69c9faf4d8680a9c73c0ef9f4cbc5d,2026-04-27,1,plan-enumerators,cardinality-agnostic,clique,"mutable (single core, DPccp)",Execution Time,21,10000.0,0
83aaa5e8dd69c9faf4d8680a9c73c0ef9f4cbc5d,2026-04-27,1,plan-enumerators,cardinality-agnostic,clique,"mutable (single core, DPccp)",Execution Time,21,10000.0,1
83aaa5e8dd69c9faf4d8680a9c73c0ef9f4cbc5d,2026-04-27,1,plan-enumerators,cardinality-agnostic,clique,"mutable (single core, DPccp)",Execution Time,21,10000.0,2
83aaa5e8dd69c9faf4d8680a9c73c0ef9f4cbc5d,2026-04-27,1,plan-enumerators,cardinality-agnostic,clique,"mutable (single core, DPsizeOpt)",Execution Time,2,10000.0,0
83aaa5e8dd69c9faf4d8680a9c73c0ef9f4cbc5d,2026-04-27,1,plan-enumerators,cardinality-agnostic,clique,"mutable (single core, DPsizeOpt)",Execution Time,2,10000.0,1
83aaa5e8dd69c9faf4d8680a9c73c0ef9f4cbc5d,2026-04-27,1,plan-enumerators,cardinality-agnostic,clique,"mutable (single core, DPsizeOpt)",Execution Time,2,10000.0,2
83aaa5e8dd69c9faf4d8680a9c73c0ef9f4cbc5d,2026-04-27,1,plan-enumerators,cardinality-agnostic,clique,"mutable (single core, DPsizeOpt)",Execution Time,3,10000.0,0
83aaa5e8dd69c9faf4d8680a9c73c0ef9f4cbc5d,2026-04-27,1,plan-enumerators,cardinality-agnostic,clique,"mutable (single core, DPsizeOpt)",Execution Time,3,10000.0,1
83aaa5e8dd69c9faf4d8680a9c73c0ef9f4cbc5d,2026-04-27,1,plan-enumerators,cardinality-agnostic,clique,"mutable (single core, DPsizeOpt)",Execution Time,3,10000.0,2
83aaa5e8dd69c9faf4d8680a9c73c0ef9f4cbc5d,2026-04-27,1,plan-enumerators,cardinality-agnostic,clique,"mutable (single core, DPsizeOpt)",Execution Time,4,10000.0,0
83aaa5e8dd69c9faf4d8680a9c73c0ef9f4cbc5d,2026-04-27,1,plan-enumerators,cardinality-agnostic,clique,"mutable (single core, DPsizeOpt)",Execution Time,4,10000.0,1
83aaa5e8dd69c9faf4d8680a9c73c0ef9f4cbc5d,2026-04-27,1,plan-enumerators,cardinality-agnostic,clique,"mutable (single core, DPsizeOpt)",Execution Time,4,10000.0,2
83aaa5e8dd69c9faf4d8680a9c73c0ef9f4cbc5d,2026-04-27,1,plan-enumerators,cardinality-agnostic,clique,"mutable (single core, DPsizeOpt)",Execution Time,5,10000.0,0
83aaa5e8dd69c9faf4d8680a9c73c0ef9f4cbc5d,2026-04-27,1,plan-enumerators,cardinality-agnostic,clique,"mutable (single core, DPsizeOpt)",Execution Time,5,10000.0,1
83aaa5e8dd69c9faf4d8680a9c73c0ef9f4cbc5d,2026-04-27,1,plan-enumerators,cardinality-agnostic,clique,"mutable (single core, DPsizeOpt)",Execution Time,5,10000.0,2
83aaa5e8dd69c9faf4d8680a9c73c0ef9f4cbc5d,2026-04-27,1,plan-enumerators,cardinality-agnostic,clique,"mutable (single core, DPsizeOpt)",Execution Time,8,10000.0,0
83aaa5e8dd69c9faf4d8680a9c73c0ef9f4cbc5d,2026-04-27,1,plan-enumerators,cardinality-agnostic,clique,"mutable (single core, DPsizeOpt)",Execution Time,8,10000.0,1
83aaa5e8dd69c9faf4d8680a9c73c0ef9f4cbc5d,2026-04-27,1,plan-enumerators,cardinality-agnostic,clique,"mutable (single core, DPsizeOpt)",Execution Time,8,10000.0,2
83aaa5e8dd69c9faf4d8680a9c73c0ef9f4cbc5d,2026-04-27,1,plan-enumerators,cardinality-agnostic,clique,"mutable (single core, DPsizeOpt)",Execution Time,10,10000.0,0
83aaa5e8dd69c9faf4d8680a9c73c0ef9f4cbc5d,2026-04-27,1,plan-enumerators,cardinality-agnostic,clique,"mutable (single core, DPsizeOpt)",Execution Time,10,10000.0,1
83aaa5e8dd69c9faf4d8680a9c73c0ef9f4cbc5d,2026-04-27,1,plan-enumerators,cardinality-agnostic,clique,"mutable (single core, DPsizeOpt)",Execution Time,10,10000.0,2
83aaa5e8dd69c9faf4d8680a9c73c0ef9f4cbc5d,2026-04-27,1,plan-enumerators,cardinality-agnostic,clique,"mutable (single core, DPsizeOpt)",Execution Time,12,10000.0,0
83aaa5e8dd69c9faf4d8680a9c73c0ef9f4cbc5d,2026-04-27,1,plan-enumerators,cardinality-agnostic,clique,"mutable (single core, DPsizeOpt)",Execution Time,12,10000.0,1
83aaa5e8dd69c9faf4d8680a9c73c0ef9f4cbc5d,2026-04-27,1,plan-enumerators,cardinality-agnostic,clique,"mutable (single core, DPsizeOpt)",Execution Time,12,10000.0,2
83aaa5e8dd69c9faf4d8680a9c73c0ef9f4cbc5d,2026-04-27,1,plan-enumerators,cardinality-agnostic,clique,"mutable (single core, DPsizeOpt)",Execution Time,21,10000.0,0
83aaa5e8dd69c9faf4d8680a9c73c0ef9f4cbc5d,2026-04-27,1,plan-enumerators,cardinality-agnostic,clique,"mutable (single core, DPsizeOpt)",Execution Time,21,10000.0,1
83aaa5e8dd69c9faf4d8680a9c73c0ef9f4cbc5d,2026-04-27,1,plan-enumerators,cardinality-agnostic,clique,"mutable (single core, DPsizeOpt)",Execution Time,21,10000.0,2
83aaa5e8dd69c9faf4d8680a9c73c0ef9f4cbc5d,2026-04-27,1,plan-enumerators,cardinality-agnostic,clique,"mutable (single core, DPsub)",Execution Time,2,10000.0,0
83aaa5e8dd69c9faf4d8680a9c73c0ef9f4cbc5d,2026-04-27,1,plan-enumerators,cardinality-agnostic,clique,"mutable (single core, DPsub)",Execution Time,2,10000.0,1
83aaa5e8dd69c9faf4d8680a9c73c0ef9f4cbc5d,2026-04-27,1,plan-enumerators,cardinality-agnostic,clique,"mutable (single core, DPsub)",Execution Time,2,10000.0,2
83aaa5e8dd69c9faf4d8680a9c73c0ef9f4cbc5d,2026-04-27,1,plan-enumerators,cardinality-agnostic,clique,"mutable (single core, DPsub)",Execution Time,3,10000.0,0
83aaa5e8dd69c9faf4d8680a9c73c0ef9f4cbc5d,2026-04-27,1,plan-enumerators,cardinality-agnostic,clique,"mutable (single core, DPsub)",Execution Time,3,10000.0,1
83aaa5e8dd69c9faf4d8680a9c73c0ef9f4cbc5d,2026-04-27,1,plan-enumerators,cardinality-agnostic,clique,"mutable (single core, DPsub)",Execution Time,3,10000.0,2
83aaa5e8dd69c9faf4d8680a9c73c0ef9f4cbc5d,2026-04-27,1,plan-enumerators,cardinality-agnostic,clique,"mutable (single core, DPsub)",Execution Time,4,10000.0,0
83aaa5e8dd69c9faf4d8680a9c73c0ef9f4cbc5d,2026-04-27,1,plan-enumerators,cardinality-agnostic,clique,"mutable (single core, DPsub)",Execution Time,4,10000.0,1
83aaa5e8dd69c9faf4d8680a9c73c0ef9f4cbc5d,2026-04-27,1,plan-enumerators,cardinality-agnostic,clique,"mutable (single core, DPsub)",Execution Time,4,10000.0,2
83aaa5e8dd69c9faf4d8680a9c73c0ef9f4cbc5d,2026-04-27,1,plan-enumerators,cardinality-agnostic,clique,"mutable (single core, DPsub)",Execution Time,5,10000.0,0
83aaa5e8dd69c9faf4d8680a9c73c0ef9f4cbc5d,2026-04-27,1,plan-enumerators,cardinality-agnostic,clique,"mutable (single core, DPsub)",Execution Time,5,10000.0,1
83aaa5e8dd69c9faf4d8680a9c73c0ef9f4cbc5d,2026-04-27,1,plan-enumerators,cardinality-agnostic,clique,"mutable (single core, DPsub)",Execution Time,5,10000.0,2
83aaa5e8dd69c9faf4d8680a9c73c0ef9f4cbc5d,2026-04-27,1,plan-enumerators,cardinality-agnostic,clique,"mutable (single core, DPsub)",Execution Time,8,10000.0,0
83aaa5e8dd69c9faf4d8680a9c73c0ef9f4cbc5d,2026-04-27,1,plan-enumerators,cardinality-agnostic,clique,"mutable (single core, DPsub)",Execution Time,8,10000.0,1
83aaa5e8dd69c9faf4d8680a9c73c0ef9f4cbc5d,2026-04-27,1,plan-enumerators,cardinality-agnostic,clique,"mutable (single core, DPsub)",Execution Time,8,10000.0,2
83aaa5e8dd69c9faf4d8680a9c73c0ef9f4cbc5d,2026-04-27,1,plan-enumerators,cardinality-agnostic,clique,"mutable (single core, DPsub)",Execution Time,10,10000.0,0
83aaa5e8dd69c9faf4d8680a9c73c0ef9f4cbc5d,2026-04-27,1,plan-enumerators,cardinality-agnostic,clique,"mutable (single core, DPsub)",Execution Time,10,10000.0,1
83aaa5e8dd69c9faf4d8680a9c73c0ef9f4cbc5d,2026-04-27,1,plan-enumerators,cardinality-agnostic,clique,"mutable (single core, DPsub)",Execution Time,10,10000.0,2
83aaa5e8dd69c9faf4d8680a9c73c0ef9f4cbc5d,2026-04-27,1,plan-enumerators,cardinality-agnostic,clique,"mutable (single core, DPsub)",Execution Time,12,10000.0,0
83aaa5e8dd69c9faf4d8680a9c73c0ef9f4cbc5d,2026-04-27,1,plan-enumerators,cardinality-agnostic,clique,"mutable (single core, DPsub)",Execution Time,12,10000.0,1
83aaa5e8dd69c9faf4d8680a9c73c0ef9f4cbc5d,2026-04-27,1,plan-enumerators,cardinality-agnostic,clique,"mutable (single core, DPsub)",Execution Time,12,10000.0,2
83aaa5e8dd69c9faf4d8680a9c73c0ef9f4cbc5d,2026-04-27,1,plan-enumerators,cardinality-agnostic,clique,"mutable (single core, DPsub)",Execution Time,21,10000.0,0
83aaa5e8dd69c9faf4d8680a9c73c0ef9f4cbc5d,2026-04-27,1,plan-enumerators,cardinality-agnostic,clique,"mutable (single core, DPsub)",Execution Time,21,10000.0,1
83aaa5e8dd69c9faf4d8680a9c73c0ef9f4cbc5d,2026-04-27,1,plan-enumerators,cardinality-agnostic,clique,"mutable (single core, DPsub)",Execution Time,21,10000.0,2
83aaa5e8dd69c9faf4d8680a9c73c0ef9f4cbc5d,2026-04-27,1,plan-enumerators,cardinality-agnostic,clique,"mutable (single core, DPsubOpt)",Execution Time,2,10000.0,0
83aaa5e8dd69c9faf4d8680a9c73c0ef9f4cbc5d,2026-04-27,1,plan-enumerators,cardinality-agnostic,clique,"mutable (single core, DPsubOpt)",Execution Time,2,10000.0,1
83aaa5e8dd69c9faf4d8680a9c73c0ef9f4cbc5d,2026-04-27,1,plan-enumerators,cardinality-agnostic,clique,"mutable (single core, DPsubOpt)",Execution Time,2,10000.0,2
83aaa5e8dd69c9faf4d8680a9c73c0ef9f4cbc5d,2026-04-27,1,plan-enumerators,cardinality-agnostic,clique,"mutable (single core, DPsubOpt)",Execution Time,3,10000.0,0
83aaa5e8dd69c9faf4d8680a9c73c0ef9f4cbc5d,2026-04-27,1,plan-enumerators,cardinality-agnostic,clique,"mutable (single core, DPsubOpt)",Execution Time,3,10000.0,1
83aaa5e8dd69c9faf4d8680a9c73c0ef9f4cbc5d,2026-04-27,1,plan-enumerators,cardinality-agnostic,clique,"mutable (single core, DPsubOpt)",Execution Time,3,10000.0,2
83aaa5e8dd69c9faf4d8680a9c73c0ef9f4cbc5d,2026-04-27,1,plan-enumerators,cardinality-agnostic,clique,"mutable (single core, DPsubOpt)",Execution Time,4,10000.0,0
83aaa5e8dd69c9faf4d8680a9c73c0ef9f4cbc5d,2026-04-27,1,plan-enumerators,cardinality-agnostic,clique,"mutable (single core, DPsubOpt)",Execution Time,4,10000.0,1
83aaa5e8dd69c9faf4d8680a9c73c0ef9f4cbc5d,2026-04-27,1,plan-enumerators,cardinality-agnostic,clique,"mutable (single core, DPsubOpt)",Execution Time,4,10000.0,2
83aaa5e8dd69c9faf4d8680a9c73c0ef9f4cbc5d,2026-04-27,1,plan-enumerators,cardinality-agnostic,clique,"mutable (single core, DPsubOpt)",Execution Time,5,10000.0,0
83aaa5e8dd69c9faf4d8680a9c73c0ef9f4cbc5d,2026-04-27,1,plan-enumerators,cardinality-agnostic,clique,"mutable (single core, DPsubOpt)",Execution Time,5,10000.0,1
83aaa5e8dd69c9faf4d8680a9c73c0ef9f4cbc5d,2026-04-27,1,plan-enumerators,cardinality-agnostic,clique,"mutable (single core, DPsubOpt)",Execution Time,5,10000.0,2
83aaa5e8dd69c9faf4d8680a9c73c0ef9f4cbc5d,2026-04-27,1,plan-enumerators,cardinality-agnostic,clique,"mutable (single core, DPsubOpt)",Execution Time,8,10000.0,0
83aaa5e8dd69c9faf4d8680a9c73c0ef9f4cbc5d,2026-04-27,1,plan-enumerators,cardinality-agnostic,clique,"mutable (single core, DPsubOpt)",Execution Time,8,10000.0,1
83aaa5e8dd69c9faf4d8680a9c73c0ef9f4cbc5d,2026-04-27,1,plan-enumerators,cardinality-agnostic,clique,"mutable (single core, DPsubOpt)",Execution Time,8,10000.0,2
83aaa5e8dd69c9faf4d8680a9c73c0ef9f4cbc5d,2026-04-27,1,plan-enumerators,cardinality-agnostic,clique,"mutable (single core, DPsubOpt)",Execution Time,10,10000.0,0
83aaa5e8dd69c9faf4d8680a9c73c0ef9f4cbc5d,2026-04-27,1,plan-enumerators,cardinality-agnostic,clique,"mutable (single core, DPsubOpt)",Execution Time,10,10000.0,1
83aaa5e8dd69c9faf4d8680a9c73c0ef9f4cbc5d,2026-04-27,1,plan-enumerators,cardinality-agnostic,clique,"mutable (single core, DPsubOpt)",Execution Time,10,10000.0,2
83aaa5e8dd69c9faf4d8680a9c73c0ef9f4cbc5d,2026-04-27,1,plan-enumerators,cardinality-agnostic,clique,"mutable (single core, DPsubOpt)",Execution Time,12,10000.0,0
83aaa5e8dd69c9faf4d8680a9c73c0ef9f4cbc5d,2026-04-27,1,plan-enumerators,cardinality-agnostic,clique,"mutable (single core, DPsubOpt)",Execution Time,12,10000.0,1
83aaa5e8dd69c9faf4d8680a9c73c0ef9f4cbc5d,2026-04-27,1,plan-enumerators,cardinality-agnostic,clique,"mutable (single core, DPsubOpt)",Execution Time,12,10000.0,2
83aaa5e8dd69c9faf4d8680a9c73c0ef9f4cbc5d,2026-04-27,1,plan-enumerators,cardinality-agnostic,clique,"mutable (single core, DPsubOpt)",Execution Time,21,10000.0,0
83aaa5e8dd69c9faf4d8680a9c73c0ef9f4cbc5d,2026-04-27,1,plan-enumerators,cardinality-agnostic,clique,"mutable (single core, DPsubOpt)",Execution Time,21,10000.0,1
83aaa5e8dd69c9faf4d8680a9c73c0ef9f4cbc5d,2026-04-27,1,plan-enumerators,cardinality-agnostic,clique,"mutable (single core, DPsubOpt)",Execution Time,21,10000.0,2
83aaa5e8dd69c9faf4d8680a9c73c0ef9f4cbc5d,2026-04-27,1,plan-enumerators,cardinality-agnostic,clique,"mutable (single core, DPsizeSub)",Execution Time,2,10000.0,0
83aaa5e8dd69c9faf4d8680a9c73c0ef9f4cbc5d,2026-04-27,1,plan-enumerators,cardinality-agnostic,clique,"mutable (single core, DPsizeSub)",Execution Time,2,10000.0,1
83aaa5e8dd69c9faf4d8680a9c73c0ef9f4cbc5d,2026-04-27,1,plan-enumerators,cardinality-agnostic,clique,"mutable (single core, DPsizeSub)",Execution Time,2,10000.0,2
83aaa5e8dd69c9faf4d8680a9c73c0ef9f4cbc5d,2026-04-27,1,plan-enumerators,cardinality-agnostic,clique,"mutable (single core, DPsizeSub)",Execution Time,3,10000.0,0
83aaa5e8dd69c9faf4d8680a9c73c0ef9f4cbc5d,2026-04-27,1,plan-enumerators,cardinality-agnostic,clique,"mutable (single core, DPsizeSub)",Execution Time,3,10000.0,1
83aaa5e8dd69c9faf4d8680a9c73c0ef9f4cbc5d,2026-04-27,1,plan-enumerators,cardinality-agnostic,clique,"mutable (single core, DPsizeSub)",Execution Time,3,10000.0,2
83aaa5e8dd69c9faf4d8680a9c73c0ef9f4cbc5d,2026-04-27,1,plan-enumerators,cardinality-agnostic,clique,"mutable (single core, DPsizeSub)",Execution Time,4,10000.0,0
83aaa5e8dd69c9faf4d8680a9c73c0ef9f4cbc5d,2026-04-27,1,plan-enumerators,cardinality-agnostic,clique,"mutable (single core, DPsizeSub)",Execution Time,4,10000.0,1
83aaa5e8dd69c9faf4d8680a9c73c0ef9f4cbc5d,2026-04-27,1,plan-enumerators,cardinality-agnostic,clique,"mutable (single core, DPsizeSub)",Execution Time,4,10000.0,2
83aaa5e8dd69c9faf4d8680a9c73c0ef9f4cbc5d,2026-04-27,1,plan-enumerators,cardinality-agnostic,clique,"mutable (single core, DPsizeSub)",Execution Time,5,10000.0,0
83aaa5e8dd69c9faf4d8680a9c73c0ef9f4cbc5d,2026-04-27,1,plan-enumerators,cardinality-agnostic,clique,"mutable (single core, DPsizeSub)",Execution Time,5,10000.0,1
83aaa5e8dd69c9faf4d8680a9c73c0ef9f4cbc5d,2026-04-27,1,plan-enumerators,cardinality-agnostic,clique,"mutable (single core, DPsizeSub)",Execution Time,5,10000.0,2
83aaa5e8dd69c9faf4d8680a9c73c0ef9f4cbc5d,2026-04-27,1,plan-enumerators,cardinality-agnostic,clique,"mutable (single core, DPsizeSub)",Execution Time,8,10000.0,0
83aaa5e8dd69c9faf4d8680a9c73c0ef9f4cbc5d,2026-04-27,1,plan-enumerators,cardinality-agnostic,clique,"mutable (single core, DPsizeSub)",Execution Time,8,10000.0,1
83aaa5e8dd69c9faf4d8680a9c73c0ef9f4cbc5d,2026-04-27,1,plan-enumerators,cardinality-agnostic,clique,"mutable (single core, DPsizeSub)",Execution Time,8,10000.0,2
83aaa5e8dd69c9faf4d8680a9c73c0ef9f4cbc5d,2026-04-27,1,plan-enumerators,cardinality-agnostic,clique,"mutable (single core, DPsizeSub)",Execution Time,10,10000.0,0
83aaa5e8dd69c9faf4d8680a9c73c0ef9f4cbc5d,2026-04-27,1,plan-enumerators,cardinality-agnostic,clique,"mutable (single core, DPsizeSub)",Execution Time,10,10000.0,1
83aaa5e8dd69c9faf4d8680a9c73c0ef9f4cbc5d,2026-04-27,1,plan-enumerators,cardinality-agnostic,clique,"mutable (single core, DPsizeSub)",Execution Time,10,10000.0,2
83aaa5e8dd69c9faf4d8680a9c73c0ef9f4cbc5d,2026-04-27,1,plan-enumerators,cardinality-agnostic,clique,"mutable (single core, DPsizeSub)",Execution Time,12,10000.0,0
83aaa5e8dd69c9faf4d8680a9c73c0ef9f4cbc5d,2026-04-27,1,plan-enumerators,cardinality-agnostic,clique,"mutable (single core, DPsizeSub)",Execution Time,12,10000.0,1
83aaa5e8dd69c9faf4d8680a9c73c0ef9f4cbc5d,2026-04-27,1,plan-enumerators,cardinality-agnostic,clique,"mutable (single core, DPsizeSub)",Execution Time,12,10000.0,2
83aaa5e8dd69c9faf4d8680a9c73c0ef9f4cbc5d,2026-04-27,1,plan-enumerators,cardinality-agnostic,clique,"mutable (single core, DPsizeSub)",Execution Time,21,10000.0,0
83aaa5e8dd69c9faf4d8680a9c73c0ef9f4cbc5d,2026-04-27,1,plan-enumerators,cardinality-agnostic,clique,"mutable (single core, DPsizeSub)",Execution Time,21,10000.0,1
83aaa5e8dd69c9faf4d8680a9c73c0ef9f4cbc5d,2026-04-27,1,plan-enumerators,cardinality-agnostic,clique,"mutable (single core, DPsizeSub)",Execution Time,21,10000.0,2
83aaa5e8dd69c9faf4d8680a9c73c0ef9f4cbc5d,2026-04-27,1,plan-enumerators,cardinality-agnostic,clique,"mutable (single core, TDbasic)",Execution Time,2,10000.0,0
83aaa5e8dd69c9faf4d8680a9c73c0ef9f4cbc5d,2026-04-27,1,plan-enumerators,cardinality-agnostic,clique,"mutable (single core, TDbasic)",Execution Time,2,10000.0,1
83aaa5e8dd69c9faf4d8680a9c73c0ef9f4cbc5d,2026-04-27,1,plan-enumerators,cardinality-agnostic,clique,"mutable (single core, TDbasic)",Execution Time,2,10000.0,2
83aaa5e8dd69c9faf4d8680a9c73c0ef9f4cbc5d,2026-04-27,1,plan-enumerators,cardinality-agnostic,clique,"mutable (single core, TDbasic)",Execution Time,3,10000.0,0
83aaa5e8dd69c9faf4d8680a9c73c0ef9f4cbc5d,2026-04-27,1,plan-enumerators,cardinality-agnostic,clique,"mutable (single core, TDbasic)",Execution Time,3,10000.0,1
83aaa5e8dd69c9faf4d8680a9c73c0ef9f4cbc5d,2026-04-27,1,plan-enumerators,cardinality-agnostic,clique,"mutable (single core, TDbasic)",Execution Time,3,10000.0,2
83aaa5e8dd69c9faf4d8680a9c73c0ef9f4cbc5d,2026-04-27,1,plan-enumerators,cardinality-agnostic,clique,"mutable (single core, TDbasic)",Execution Time,4,10000.0,0
83aaa5e8dd69c9faf4d8680a9c73c0ef9f4cbc5d,2026-04-27,1,plan-enumerators,cardinality-agnostic,clique,"mutable (single core, TDbasic)",Execution Time,4,10000.0,1
83aaa5e8dd69c9faf4d8680a9c73c0ef9f4cbc5d,2026-04-27,1,plan-enumerators,cardinality-agnostic,clique,"mutable (single core, TDbasic)",Execution Time,4,10000.0,2
83aaa5e8dd69c9faf4d8680a9c73c0ef9f4cbc5d,2026-04-27,1,plan-enumerators,cardinality-agnostic,clique,"mutable (single core, TDbasic)",Execution Time,5,10000.0,0
83aaa5e8dd69c9faf4d8680a9c73c0ef9f4cbc5d,2026-04-27,1,plan-enumerators,cardinality-agnostic,clique,"mutable (single core, TDbasic)",Execution Time,5,10000.0,1
83aaa5e8dd69c9faf4d8680a9c73c0ef9f4cbc5d,2026-04-27,1,plan-enumerators,cardinality-agnostic,clique,"mutable (single core, TDbasic)",Execution Time,5,10000.0,2
83aaa5e8dd69c9faf4d8680a9c73c0ef9f4cbc5d,2026-04-27,1,plan-enumerators,cardinality-agnostic,clique,"mutable (single core, TDbasic)",Execution Time,8,10000.0,0
83aaa5e8dd69c9faf4d8680a9c73c0ef9f4cbc5d,2026-04-27,1,plan-enumerators,cardinality-agnostic,clique,"mutable (single core, TDbasic)",Execution Time,8,10000.0,1
83aaa5e8dd69c9faf4d8680a9c73c0ef9f4cbc5d,2026-04-27,1,plan-enumerators,cardinality-agnostic,clique,"mutable (single core, TDbasic)",Execution Time,8,10000.0,2
83aaa5e8dd69c9faf4d8680a9c73c0ef9f4cbc5d,2026-04-27,1,plan-enumerators,cardinality-agnostic,clique,"mutable (single core, TDbasic)",Execution Time,10,10000.0,0
83aaa5e8dd69c9faf4d8680a9c73c0ef9f4cbc5d,2026-04-27,1,plan-enumerators,cardinality-agnostic,clique,"mutable (single core, TDbasic)",Execution Time,10,10000.0,1
83aaa5e8dd69c9faf4d8680a9c73c0ef9f4cbc5d,2026-04-27,1,plan-enumerators,cardinality-agnostic,clique,"mutable (single core, TDbasic)",Execution Time,10,10000.0,2
83aaa5e8dd69c9faf4d8680a9c73c0ef9f4cbc5d,2026-04-27,1,plan-enumerators,cardinality-agnostic,clique,"mutable (single core, TDbasic)",Execution Time,12,10000.0,0
83aaa5e8dd69c9faf4d8680a9c73c0ef9f4cbc5d,2026-04-27,1,plan-enumerators,cardinality-agnostic,clique,"mutable (single core, TDbasic)",Execution Time,12,10000.0,1
83aaa5e8dd69c9faf4d8680a9c73c0ef9f4cbc5d,2026-04-27,1,plan-enumerators,cardinality-agnostic,clique,"mutable (single core, TDbasic)",Execution Time,12,10000.0,2
83aaa5e8dd69c9faf4d8680a9c73c0ef9f4cbc5d,2026-04-27,1,plan-enumerators,cardinality-agnostic,clique,"mutable (single core, TDbasic)",Execution Time,21,10000.0,0
83aaa5e8dd69c9faf4d8680a9c73c0ef9f4cbc5d,2026-04-27,1,plan-enumerators,cardinality-agnostic,clique,"mutable (single core, TDbasic)",Execution Time,21,10000.0,1
83aaa5e8dd69c9faf4d8680a9c73c0ef9f4cbc5d,2026-04-27,1,plan-enumerators,cardinality-agnostic,clique,"mutable (single core, TDbasic)",Execution Time,21,10000.0,2
83aaa5e8dd69c9faf4d8680a9c73c0ef9f4cbc5d,2026-04-27,1,plan-enumerators,cardinality-agnostic,clique,"mutable (single core, TDMinCutAGaT)",Execution Time,2,10000.0,0
83aaa5e8dd69c9faf4d8680a9c73c0ef9f4cbc5d,2026-04-27,1,plan-enumerators,cardinality-agnostic,clique,"mutable (single core, TDMinCutAGaT)",Execution Time,2,10000.0,1
83aaa5e8dd69c9faf4d8680a9c73c0ef9f4cbc5d,2026-04-27,1,plan-enumerators,cardinality-agnostic,clique,"mutable (single core, TDMinCutAGaT)",Execution Time,2,10000.0,2
83aaa5e8dd69c9faf4d8680a9c73c0ef9f4cbc5d,2026-04-27,1,plan-enumerators,cardinality-agnostic,clique,"mutable (single core, TDMinCutAGaT)",Execution Time,3,10000.0,0
83aaa5e8dd69c9faf4d8680a9c73c0ef9f4cbc5d,2026-04-27,1,plan-enumerators,cardinality-agnostic,clique,"mutable (single core, TDMinCutAGaT)",Execution Time,3,10000.0,1
83aaa5e8dd69c9faf4d8680a9c73c0ef9f4cbc5d,2026-04-27,1,plan-enumerators,cardinality-agnostic,clique,"mutable (single core, TDMinCutAGaT)",Execution Time,3,10000.0,2
83aaa5e8dd69c9faf4d8680a9c73c0ef9f4cbc5d,2026-04-27,1,plan-enumerators,cardinality-agnostic,clique,"mutable (single core, TDMinCutAGaT)",Execution Time,4,10000.0,0
83aaa5e8dd69c9faf4d8680a9c73c0ef9f4cbc5d,2026-04-27,1,plan-enumerators,cardinality-agnostic,clique,"mutable (single core, TDMinCutAGaT)",Execution Time,4,10000.0,1
83aaa5e8dd69c9faf4d8680a9c73c0ef9f4cbc5d,2026-04-27,1,plan-enumerators,cardinality-agnostic,clique,"mutable (single core, TDMinCutAGaT)",Execution Time,4,10000.0,2
83aaa5e8dd69c9faf4d8680a9c73c0ef9f4cbc5d,2026-04-27,1,plan-enumerators,cardinality-agnostic,clique,"mutable (single core, TDMinCutAGaT)",Execution Time,5,10000.0,0
83aaa5e8dd69c9faf4d8680a9c73c0ef9f4cbc5d,2026-04-27,1,plan-enumerators,cardinality-agnostic,clique,"mutable (single core, TDMinCutAGaT)",Execution Time,5,10000.0,1
83aaa5e8dd69c9faf4d8680a9c73c0ef9f4cbc5d,2026-04-27,1,plan-enumerators,cardinality-agnostic,clique,"mutable (single core, TDMinCutAGaT)",Execution Time,5,10000.0,2
83aaa5e8dd69c9faf4d8680a9c73c0ef9f4cbc5d,2026-04-27,1,plan-enumerators,cardinality-agnostic,clique,"mutable (single core, TDMinCutAGaT)",Execution Time,8,10000.0,0
83aaa5e8dd69c9faf4d8680a9c73c0ef9f4cbc5d,2026-04-27,1,plan-enumerators,cardinality-agnostic,clique,"mutable (single core, TDMinCutAGaT)",Execution Time,8,10000.0,1
83aaa5e8dd69c9faf4d8680a9c73c0ef9f4cbc5d,2026-04-27,1,plan-enumerators,cardinality-agnostic,clique,"mutable (single core, TDMinCutAGaT)",Execution Time,8,10000.0,2
83aaa5e8dd69c9faf4d8680a9c73c0ef9f4cbc5d,2026-04-27,1,plan-enumerators,cardinality-agnostic,clique,"mutable (single core, TDMinCutAGaT)",Execution Time,10,10000.0,0
83aaa5e8dd69c9faf4d8680a9c73c0ef9f4cbc5d,2026-04-27,1,plan-enumerators,cardinality-agnostic,clique,"mutable (single core, TDMinCutAGaT)",Execution Time,10,10000.0,1
83aaa5e8dd69c9faf4d8680a9c73c0ef9f4cbc5d,2026-04-27,1,plan-enumerators,cardinality-agnostic,clique,"mutable (single core, TDMinCutAGaT)",Execution Time,10,10000.0,2
83aaa5e8dd69c9faf4d8680a9c73c0ef9f4cbc5d,2026-04-27,1,plan-enumerators,cardinality-agnostic,clique,"mutable (single core, TDMinCutAGaT)",Execution Time,12,10000.0,0
83aaa5e8dd69c9faf4d8680a9c73c0ef9f4cbc5d,2026-04-27,1,plan-enumerators,cardinality-agnostic,clique,"mutable (single core, TDMinCutAGaT)",Execution Time,12,10000.0,1
83aaa5e8dd69c9faf4d8680a9c73c0ef9f4cbc5d,2026-04-27,1,plan-enumerators,cardinality-agnostic,clique,"mutable (single core, TDMinCutAGaT)",Execution Time,12,10000.0,2
83aaa5e8dd69c9faf4d8680a9c73c0ef9f4cbc5d,2026-04-27,1,plan-enumerators,cardinality-agnostic,clique,"mutable (single core, TDMinCutAGaT)",Execution Time,21,10000.0,0
83aaa5e8dd69c9faf4d8680a9c73c0ef9f4cbc5d,2026-04-27,1,plan-enumerators,cardinality-agnostic,clique,"mutable (single core, TDMinCutAGaT)",Execution Time,21,10000.0,1
83aaa5e8dd69c9faf4d8680a9c73c0ef9f4cbc5d,2026-04-27,1,plan-enumerators,cardinality-agnostic,clique,"mutable (single core, TDMinCutAGaT)",Execution Time,21,10000.0,2
83aaa5e8dd69c9faf4d8680a9c73c0ef9f4cbc5d,2026-04-27,1,plan-enumerators,cardinality-agnostic,clique,"mutable (single core, TwoPhaseOptimizer)",Execution Time,2,3.797,0
83aaa5e8dd69c9faf4d8680a9c73c0ef9f4cbc5d,2026-04-27,1,plan-enumerators,cardinality-agnostic,clique,"mutable (single core, TwoPhaseOptimizer)",Execution Time,2,3.713,1
83aaa5e8dd69c9faf4d8680a9c73c0ef9f4cbc5d,2026-04-27,1,plan-enumerators,cardinality-agnostic,clique,"mutable (single core, TwoPhaseOptimizer)",Execution Time,2,3.498,2
83aaa5e8dd69c9faf4d8680a9c73c0ef9f4cbc5d,2026-04-27,1,plan-enumerators,cardinality-agnostic,clique,"mutable (single core, TwoPhaseOptimizer)",Execution Time,3,9.151,0
83aaa5e8dd69c9faf4d8680a9c73c0ef9f4cbc5d,2026-04-27,1,plan-enumerators,cardinality-agnostic,clique,"mutable (single core, TwoPhaseOptimizer)",Execution Time,3,8.835,1
83aaa5e8dd69c9faf4d8680a9c73c0ef9f4cbc5d,2026-04-27,1,plan-enumerators,cardinality-agnostic,clique,"mutable (single core, TwoPhaseOptimizer)",Execution Time,3,9.203,2
83aaa5e8dd69c9faf4d8680a9c73c0ef9f4cbc5d,2026-04-27,1,plan-enumerators,cardinality-agnostic,clique,"mutable (single core, TwoPhaseOptimizer)",Execution Time,4,14.534,0
83aaa5e8dd69c9faf4d8680a9c73c0ef9f4cbc5d,2026-04-27,1,plan-enumerators,cardinality-agnostic,clique,"mutable (single core, TwoPhaseOptimizer)",Execution Time,4,14.552,1
83aaa5e8dd69c9faf4d8680a9c73c0ef9f4cbc5d,2026-04-27,1,plan-enumerators,cardinality-agnostic,clique,"mutable (single core, TwoPhaseOptimizer)",Execution Time,4,14.444,2
83aaa5e8dd69c9faf4d8680a9c73c0ef9f4cbc5d,2026-04-27,1,plan-enumerators,cardinality-agnostic,clique,"mutable (single core, TwoPhaseOptimizer)",Execution Time,5,19.013,0
83aaa5e8dd69c9faf4d8680a9c73c0ef9f4cbc5d,2026-04-27,1,plan-enumerators,cardinality-agnostic,clique,"mutable (single core, TwoPhaseOptimizer)",Execution Time,5,19.154,1
83aaa5e8dd69c9faf4d8680a9c73c0ef9f4cbc5d,2026-04-27,1,plan-enumerators,cardinality-agnostic,clique,"mutable (single core, TwoPhaseOptimizer)",Execution Time,5,24.129,2
83aaa5e8dd69c9faf4d8680a9c73c0ef9f4cbc5d,2026-04-27,1,plan-enumerators,cardinality-agnostic,clique,"mutable (single core, TwoPhaseOptimizer)",Execution Time,8,37.319,0
83aaa5e8dd69c9faf4d8680a9c73c0ef9f4cbc5d,2026-04-27,1,plan-enumerators,cardinality-agnostic,clique,"mutable (single core, TwoPhaseOptimizer)",Execution Time,8,40.679,1
83aaa5e8dd69c9faf4d8680a9c73c0ef9f4cbc5d,2026-04-27,1,plan-enumerators,cardinality-agnostic,clique,"mutable (single core, TwoPhaseOptimizer)",Execution Time,8,35.243,2
83aaa5e8dd69c9faf4d8680a9c73c0ef9f4cbc5d,2026-04-27,1,plan-enumerators,cardinality-agnostic,clique,"mutable (single core, TwoPhaseOptimizer)",Execution Time,10,49.664,0
83aaa5e8dd69c9faf4d8680a9c73c0ef9f4cbc5d,2026-04-27,1,plan-enumerators,cardinality-agnostic,clique,"mutable (single core, TwoPhaseOptimizer)",Execution Time,10,51.313,1
83aaa5e8dd69c9faf4d8680a9c73c0ef9f4cbc5d,2026-04-27,1,plan-enumerators,cardinality-agnostic,clique,"mutable (single core, TwoPhaseOptimizer)",Execution Time,10,52.883,2
83aaa5e8dd69c9faf4d8680a9c73c0ef9f4cbc5d,2026-04-27,1,plan-enumerators,cardinality-agnostic,clique,"mutable (single core, TwoPhaseOptimizer)",Execution Time,12,63.375,0
83aaa5e8dd69c9faf4d8680a9c73c0ef9f4cbc5d,2026-04-27,1,plan-enumerators,cardinality-agnostic,clique,"mutable (single core, TwoPhaseOptimizer)",Execution Time,12,69.729,1
83aaa5e8dd69c9faf4d8680a9c73c0ef9f4cbc5d,2026-04-27,1,plan-enumerators,cardinality-agnostic,clique,"mutable (single core, TwoPhaseOptimizer)",Execution Time,12,62.796,2
83aaa5e8dd69c9faf4d8680a9c73c0ef9f4cbc5d,2026-04-27,1,plan-enumerators,cardinality-agnostic,clique,"mutable (single core, TwoPhaseOptimizer)",Execution Time,21,133.445,0
83aaa5e8dd69c9faf4d8680a9c73c0ef9f4cbc5d,2026-04-27,1,plan-enumerators,cardinality-agnostic,clique,"mutable (single core, TwoPhaseOptimizer)",Execution Time,21,135.099,1
83aaa5e8dd69c9faf4d8680a9c73c0ef9f4cbc5d,2026-04-27,1,plan-enumerators,cardinality-agnostic,clique,"mutable (single core, TwoPhaseOptimizer)",Execution Time,21,130.994,2
