commit,date,version,suite,benchmark,experiment,name,config,case,time,runid
7343edcc84b5d16a4a4ea48b4c0b69730775195b,2026-04-20,1,plan-enumerators,cardinality-agnostic,chain,"mutable (single core, DPccp)",Execution Time,2,1.468,0
7343edcc84b5d16a4a4ea48b4c0b69730775195b,2026-04-20,1,plan-enumerators,cardinality-agnostic,chain,"mutable (single core, DPccp)",Execution Time,3,0.177,0
7343edcc84b5d16a4a4ea48b4c0b69730775195b,2026-04-20,1,plan-enumerators,cardinality-agnostic,chain,"mutable (single core, DPccp)",Execution Time,4,0.125,0
7343edcc84b5d16a4a4ea48b4c0b69730775195b,2026-04-20,1,plan-enumerators,cardinality-agnostic,chain,"mutable (single core, DPccp)",Execution Time,5,0.175,0
7343edcc84b5d16a4a4ea48b4c0b69730775195b,2026-04-20,1,plan-enumerators,cardinality-agnostic,chain,"mutable (single core, DPccp)",Execution Time,8,0.36,0
7343edcc84b5d16a4a4ea48b4c0b69730775195b,2026-04-20,1,plan-enumerators,cardinality-agnostic,chain,"mutable (single core, DPccp)",Execution Time,10,0.495,0
7343edcc84b5d16a4a4ea48b4c0b69730775195b,2026-04-20,1,plan-enumerators,cardinality-agnostic,chain,"mutable (single core, DPccp)",Execution Time,12,0.685,0
7343edcc84b5d16a4a4ea48b4c0b69730775195b,2026-04-20,1,plan-enumerators,cardinality-agnostic,chain,"mutable (single core, DPccp)",Execution Time,15,1.607,0
7343edcc84b5d16a4a4ea48b4c0b69730775195b,2026-04-20,1,plan-enumerators,cardinality-agnostic,chain,"mutable (single core, DPccp)",Execution Time,18,2.983,0
7343edcc84b5d16a4a4ea48b4c0b69730775195b,2026-04-20,1,plan-enumerators,cardinality-agnostic,chain,"mutable (single core, DPccp)",Execution Time,20,2.23,0
7343edcc84b5d16a4a4ea48b4c0b69730775195b,2026-04-20,1,plan-enumerators,cardinality-agnostic,chain,"mutable (single core, DPsizeOpt)",Execution Time,2,0.126,0
7343edcc84b5d16a4a4ea48b4c0b69730775195b,2026-04-20,1,plan-enumerators,cardinality-agnostic,chain,"mutable (single core, DPsizeOpt)",Execution Time,3,0.091,0
7343edcc84b5d16a4a4ea48b4c0b69730775195b,2026-04-20,1,plan-enumerators,cardinality-agnostic,chain,"mutable (single core, DPsizeOpt)",Execution Time,4,0.097,0
7343edcc84b5d16a4a4ea48b4c0b69730775195b,2026-04-20,1,plan-enumerators,cardinality-agnostic,chain,"mutable (single core, DPsizeOpt)",Execution Time,5,0.137,0
7343edcc84b5d16a4a4ea48b4c0b69730775195b,2026-04-20,1,plan-enumerators,cardinality-agnostic,chain,"mutable (single core, DPsizeOpt)",Execution Time,8,0.324,0
7343edcc84b5d16a4a4ea48b4c0b69730775195b,2026-04-20,1,plan-enumerators,cardinality-agnostic,chain,"mutable (single core, DPsizeOpt)",Execution Time,10,0.946,0
7343edcc84b5d16a4a4ea48b4c0b69730775195b,2026-04-20,1,plan-enumerators,cardinality-agnostic,chain,"mutable (single core, DPsizeOpt)",Execution Time,12,2.657,0
7343edcc84b5d16a4a4ea48b4c0b69730775195b,2026-04-20,1,plan-enumerators,cardinality-agnostic,chain,"mutable (single core, DPsizeOpt)",Execution Time,15,28.796,0
7343edcc84b5d16a4a4ea48b4c0b69730775195b,2026-04-20,1,plan-enumerators,cardinality-agnostic,chain,"mutable (single core, DPsizeOpt)",Execution Time,18,757.583,0
7343edcc84b5d16a4a4ea48b4c0b69730775195b,2026-04-20,1,plan-enumerators,cardinality-agnostic,chain,"mutable (single core, DPsizeOpt)",Execution Time,20,3963.44,0
7343edcc84b5d16a4a4ea48b4c0b69730775195b,2026-04-20,1,plan-enumerators,cardinality-agnostic,chain,"mutable (single core, DPsub)",Execution Time,2,0.145,0
7343edcc84b5d16a4a4ea48b4c0b69730775195b,2026-04-20,1,plan-enumerators,cardinality-agnostic,chain,"mutable (single core, DPsub)",Execution Time,3,0.319,0
7343edcc84b5d16a4a4ea48b4c0b69730775195b,2026-04-20,1,plan-enumerators,cardinality-agnostic,chain,"mutable (single core, DPsub)",Execution Time,4,0.31,0
7343edcc84b5d16a4a4ea48b4c0b69730775195b,2026-04-20,1,plan-enumerators,cardinality-agnostic,chain,"mutable (single core, DPsub)",Execution Time,5,0.35,0
7343edcc84b5d16a4a4ea48b4c0b69730775195b,2026-04-20,1,plan-enumerators,cardinality-agnostic,chain,"mutable (single core, DPsub)",Execution Time,8,0.538,0
7343edcc84b5d16a4a4ea48b4c0b69730775195b,2026-04-20,1,plan-enumerators,cardinality-agnostic,chain,"mutable (single core, DPsub)",Execution Time,10,0.46,0
7343edcc84b5d16a4a4ea48b4c0b69730775195b,2026-04-20,1,plan-enumerators,cardinality-agnostic,chain,"mutable (single core, DPsub)",Execution Time,12,1.316,0
7343edcc84b5d16a4a4ea48b4c0b69730775195b,2026-04-20,1,plan-enumerators,cardinality-agnostic,chain,"mutable (single core, DPsub)",Execution Time,15,2.193,0
7343edcc84b5d16a4a4ea48b4c0b69730775195b,2026-04-20,1,plan-enumerators,cardinality-agnostic,chain,"mutable (single core, DPsub)",Execution Time,18,34.884,0
7343edcc84b5d16a4a4ea48b4c0b69730775195b,2026-04-20,1,plan-enumerators,cardinality-agnostic,chain,"mutable (single core, DPsub)",Execution Time,20,117.116,0
7343edcc84b5d16a4a4ea48b4c0b69730775195b,2026-04-20,1,plan-enumerators,cardinality-agnostic,chain,"mutable (single core, DPsubOpt)",Execution Time,2,0.157,0
7343edcc84b5d16a4a4ea48b4c0b69730775195b,2026-04-20,1,plan-enumerators,cardinality-agnostic,chain,"mutable (single core, DPsubOpt)",Execution Time,3,0.091,0
7343edcc84b5d16a4a4ea48b4c0b69730775195b,2026-04-20,1,plan-enumerators,cardinality-agnostic,chain,"mutable (single core, DPsubOpt)",Execution Time,4,0.11,0
7343edcc84b5d16a4a4ea48b4c0b69730775195b,2026-04-20,1,plan-enumerators,cardinality-agnostic,chain,"mutable (single core, DPsubOpt)",Execution Time,5,0.14,0
7343edcc84b5d16a4a4ea48b4c0b69730775195b,2026-04-20,1,plan-enumerators,cardinality-agnostic,chain,"mutable (single core, DPsubOpt)",Execution Time,8,0.307,0
7343edcc84b5d16a4a4ea48b4c0b69730775195b,2026-04-20,1,plan-enumerators,cardinality-agnostic,chain,"mutable (single core, DPsubOpt)",Execution Time,10,0.356,0
7343edcc84b5d16a4a4ea48b4c0b69730775195b,2026-04-20,1,plan-enumerators,cardinality-agnostic,chain,"mutable (single core, DPsubOpt)",Execution Time,12,0.554,0
7343edcc84b5d16a4a4ea48b4c0b69730775195b,2026-04-20,1,plan-enumerators,cardinality-agnostic,chain,"mutable (single core, DPsubOpt)",Execution Time,15,1.929,0
7343edcc84b5d16a4a4ea48b4c0b69730775195b,2026-04-20,1,plan-enumerators,cardinality-agnostic,chain,"mutable (single core, DPsubOpt)",Execution Time,18,16.359,0
7343edcc84b5d16a4a4ea48b4c0b69730775195b,2026-04-20,1,plan-enumerators,cardinality-agnostic,chain,"mutable (single core, DPsubOpt)",Execution Time,20,62.509,0
7343edcc84b5d16a4a4ea48b4c0b69730775195b,2026-04-20,1,plan-enumerators,cardinality-agnostic,chain,"mutable (single core, DPsizeSub)",Execution Time,2,0.126,0
7343edcc84b5d16a4a4ea48b4c0b69730775195b,2026-04-20,1,plan-enumerators,cardinality-agnostic,chain,"mutable (single core, DPsizeSub)",Execution Time,3,0.091,0
7343edcc84b5d16a4a4ea48b4c0b69730775195b,2026-04-20,1,plan-enumerators,cardinality-agnostic,chain,"mutable (single core, DPsizeSub)",Execution Time,4,0.093,0
7343edcc84b5d16a4a4ea48b4c0b69730775195b,2026-04-20,1,plan-enumerators,cardinality-agnostic,chain,"mutable (single core, DPsizeSub)",Execution Time,5,0.192,0
7343edcc84b5d16a4a4ea48b4c0b69730775195b,2026-04-20,1,plan-enumerators,cardinality-agnostic,chain,"mutable (single core, DPsizeSub)",Execution Time,8,0.269,0
7343edcc84b5d16a4a4ea48b4c0b69730775195b,2026-04-20,1,plan-enumerators,cardinality-agnostic,chain,"mutable (single core, DPsizeSub)",Execution Time,10,0.616,0
7343edcc84b5d16a4a4ea48b4c0b69730775195b,2026-04-20,1,plan-enumerators,cardinality-agnostic,chain,"mutable (single core, DPsizeSub)",Execution Time,12,0.657,0
7343edcc84b5d16a4a4ea48b4c0b69730775195b,2026-04-20,1,plan-enumerators,cardinality-agnostic,chain,"mutable (single core, DPsizeSub)",Execution Time,15,2.232,0
7343edcc84b5d16a4a4ea48b4c0b69730775195b,2026-04-20,1,plan-enumerators,cardinality-agnostic,chain,"mutable (single core, DPsizeSub)",Execution Time,18,32.37,0
7343edcc84b5d16a4a4ea48b4c0b69730775195b,2026-04-20,1,plan-enumerators,cardinality-agnostic,chain,"mutable (single core, DPsizeSub)",Execution Time,20,128.493,0
7343edcc84b5d16a4a4ea48b4c0b69730775195b,2026-04-20,1,plan-enumerators,cardinality-agnostic,chain,"mutable (single core, TDbasic)",Execution Time,2,0.157,0
7343edcc84b5d16a4a4ea48b4c0b69730775195b,2026-04-20,1,plan-enumerators,cardinality-agnostic,chain,"mutable (single core, TDbasic)",Execution Time,3,0.097,0
7343edcc84b5d16a4a4ea48b4c0b69730775195b,2026-04-20,1,plan-enumerators,cardinality-agnostic,chain,"mutable (single core, TDbasic)",Execution Time,4,0.093,0
7343edcc84b5d16a4a4ea48b4c0b69730775195b,2026-04-20,1,plan-enumerators,cardinality-agnostic,chain,"mutable (single core, TDbasic)",Execution Time,5,0.152,0
7343edcc84b5d16a4a4ea48b4c0b69730775195b,2026-04-20,1,plan-enumerators,cardinality-agnostic,chain,"mutable (single core, TDbasic)",Execution Time,8,0.301,0
7343edcc84b5d16a4a4ea48b4c0b69730775195b,2026-04-20,1,plan-enumerators,cardinality-agnostic,chain,"mutable (single core, TDbasic)",Execution Time,10,0.427,0
7343edcc84b5d16a4a4ea48b4c0b69730775195b,2026-04-20,1,plan-enumerators,cardinality-agnostic,chain,"mutable (single core, TDbasic)",Execution Time,12,0.948,0
7343edcc84b5d16a4a4ea48b4c0b69730775195b,2026-04-20,1,plan-enumerators,cardinality-agnostic,chain,"mutable (single core, TDbasic)",Execution Time,15,3.648,0
7343edcc84b5d16a4a4ea48b4c0b69730775195b,2026-04-20,1,plan-enumerators,cardinality-agnostic,chain,"mutable (single core, TDbasic)",Execution Time,18,7.494,0
7343edcc84b5d16a4a4ea48b4c0b69730775195b,2026-04-20,1,plan-enumerators,cardinality-agnostic,chain,"mutable (single core, TDbasic)",Execution Time,20,22.073,0
7343edcc84b5d16a4a4ea48b4c0b69730775195b,2026-04-20,1,plan-enumerators,cardinality-agnostic,chain,"mutable (single core, TDMinCutAGaT)",Execution Time,2,1.076,0
7343edcc84b5d16a4a4ea48b4c0b69730775195b,2026-04-20,1,plan-enumerators,cardinality-agnostic,chain,"mutable (single core, TDMinCutAGaT)",Execution Time,3,0.166,0
7343edcc84b5d16a4a4ea48b4c0b69730775195b,2026-04-20,1,plan-enumerators,cardinality-agnostic,chain,"mutable (single core, TDMinCutAGaT)",Execution Time,4,0.115,0
7343edcc84b5d16a4a4ea48b4c0b69730775195b,2026-04-20,1,plan-enumerators,cardinality-agnostic,chain,"mutable (single core, TDMinCutAGaT)",Execution Time,5,0.172,0
7343edcc84b5d16a4a4ea48b4c0b69730775195b,2026-04-20,1,plan-enumerators,cardinality-agnostic,chain,"mutable (single core, TDMinCutAGaT)",Execution Time,8,0.358,0
7343edcc84b5d16a4a4ea48b4c0b69730775195b,2026-04-20,1,plan-enumerators,cardinality-agnostic,chain,"mutable (single core, TDMinCutAGaT)",Execution Time,10,0.421,0
7343edcc84b5d16a4a4ea48b4c0b69730775195b,2026-04-20,1,plan-enumerators,cardinality-agnostic,chain,"mutable (single core, TDMinCutAGaT)",Execution Time,12,0.611,0
7343edcc84b5d16a4a4ea48b4c0b69730775195b,2026-04-20,1,plan-enumerators,cardinality-agnostic,chain,"mutable (single core, TDMinCutAGaT)",Execution Time,15,1.949,0
7343edcc84b5d16a4a4ea48b4c0b69730775195b,2026-04-20,1,plan-enumerators,cardinality-agnostic,chain,"mutable (single core, TDMinCutAGaT)",Execution Time,18,1.611,0
7343edcc84b5d16a4a4ea48b4c0b69730775195b,2026-04-20,1,plan-enumerators,cardinality-agnostic,chain,"mutable (single core, TDMinCutAGaT)",Execution Time,20,1.612,0
7343edcc84b5d16a4a4ea48b4c0b69730775195b,2026-04-20,1,plan-enumerators,cardinality-agnostic,chain,"mutable (single core, TwoPhaseOptimizer)",Execution Time,2,8.016,0
7343edcc84b5d16a4a4ea48b4c0b69730775195b,2026-04-20,1,plan-enumerators,cardinality-agnostic,chain,"mutable (single core, TwoPhaseOptimizer)",Execution Time,3,16.504,0
7343edcc84b5d16a4a4ea48b4c0b69730775195b,2026-04-20,1,plan-enumerators,cardinality-agnostic,chain,"mutable (single core, TwoPhaseOptimizer)",Execution Time,4,26.102,0
7343edcc84b5d16a4a4ea48b4c0b69730775195b,2026-04-20,1,plan-enumerators,cardinality-agnostic,chain,"mutable (single core, TwoPhaseOptimizer)",Execution Time,5,33.335,0
7343edcc84b5d16a4a4ea48b4c0b69730775195b,2026-04-20,1,plan-enumerators,cardinality-agnostic,chain,"mutable (single core, TwoPhaseOptimizer)",Execution Time,8,68.879,0
7343edcc84b5d16a4a4ea48b4c0b69730775195b,2026-04-20,1,plan-enumerators,cardinality-agnostic,chain,"mutable (single core, TwoPhaseOptimizer)",Execution Time,10,91.05,0
7343edcc84b5d16a4a4ea48b4c0b69730775195b,2026-04-20,1,plan-enumerators,cardinality-agnostic,chain,"mutable (single core, TwoPhaseOptimizer)",Execution Time,12,129.921,0
7343edcc84b5d16a4a4ea48b4c0b69730775195b,2026-04-20,1,plan-enumerators,cardinality-agnostic,chain,"mutable (single core, TwoPhaseOptimizer)",Execution Time,15,306.688,0
7343edcc84b5d16a4a4ea48b4c0b69730775195b,2026-04-20,1,plan-enumerators,cardinality-agnostic,chain,"mutable (single core, TwoPhaseOptimizer)",Execution Time,18,373.743,0
7343edcc84b5d16a4a4ea48b4c0b69730775195b,2026-04-20,1,plan-enumerators,cardinality-agnostic,chain,"mutable (single core, TwoPhaseOptimizer)",Execution Time,20,380.358,0
7343edcc84b5d16a4a4ea48b4c0b69730775195b,2026-04-20,1,plan-enumerators,cardinality-agnostic,clique,"mutable (single core, DPccp)",Execution Time,2,0.483,0
7343edcc84b5d16a4a4ea48b4c0b69730775195b,2026-04-20,1,plan-enumerators,cardinality-agnostic,clique,"mutable (single core, DPccp)",Execution Time,3,0.324,0
7343edcc84b5d16a4a4ea48b4c0b69730775195b,2026-04-20,1,plan-enumerators,cardinality-agnostic,clique,"mutable (single core, DPccp)",Execution Time,4,0.266,0
7343edcc84b5d16a4a4ea48b4c0b69730775195b,2026-04-20,1,plan-enumerators,cardinality-agnostic,clique,"mutable (single core, DPccp)",Execution Time,5,0.553,0
7343edcc84b5d16a4a4ea48b4c0b69730775195b,2026-04-20,1,plan-enumerators,cardinality-agnostic,clique,"mutable (single core, DPccp)",Execution Time,8,2.42,0
7343edcc84b5d16a4a4ea48b4c0b69730775195b,2026-04-20,1,plan-enumerators,cardinality-agnostic,clique,"mutable (single core, DPccp)",Execution Time,10,16.383,0
7343edcc84b5d16a4a4ea48b4c0b69730775195b,2026-04-20,1,plan-enumerators,cardinality-agnostic,clique,"mutable (single core, DPccp)",Execution Time,12,98.284,0
7343edcc84b5d16a4a4ea48b4c0b69730775195b,2026-04-20,1,plan-enumerators,cardinality-agnostic,clique,"mutable (single core, DPsizeOpt)",Execution Time,2,0.126,0
7343edcc84b5d16a4a4ea48b4c0b69730775195b,2026-04-20,1,plan-enumerators,cardinality-agnostic,clique,"mutable (single core, DPsizeOpt)",Execution Time,3,0.098,0
7343edcc84b5d16a4a4ea48b4c0b69730775195b,2026-04-20,1,plan-enumerators,cardinality-agnostic,clique,"mutable (single core, DPsizeOpt)",Execution Time,4,0.107,0
7343edcc84b5d16a4a4ea48b4c0b69730775195b,2026-04-20,1,plan-enumerators,cardinality-agnostic,clique,"mutable (single core, DPsizeOpt)",Execution Time,5,0.172,0
7343edcc84b5d16a4a4ea48b4c0b69730775195b,2026-04-20,1,plan-enumerators,cardinality-agnostic,clique,"mutable (single core, DPsizeOpt)",Execution Time,8,1.031,0
7343edcc84b5d16a4a4ea48b4c0b69730775195b,2026-04-20,1,plan-enumerators,cardinality-agnostic,clique,"mutable (single core, DPsizeOpt)",Execution Time,10,6.464,0
7343edcc84b5d16a4a4ea48b4c0b69730775195b,2026-04-20,1,plan-enumerators,cardinality-agnostic,clique,"mutable (single core, DPsizeOpt)",Execution Time,12,75.225,0
7343edcc84b5d16a4a4ea48b4c0b69730775195b,2026-04-20,1,plan-enumerators,cardinality-agnostic,clique,"mutable (single core, DPsub)",Execution Time,2,0.138,0
7343edcc84b5d16a4a4ea48b4c0b69730775195b,2026-04-20,1,plan-enumerators,cardinality-agnostic,clique,"mutable (single core, DPsub)",Execution Time,3,0.094,0
7343edcc84b5d16a4a4ea48b4c0b69730775195b,2026-04-20,1,plan-enumerators,cardinality-agnostic,clique,"mutable (single core, DPsub)",Execution Time,4,0.108,0
7343edcc84b5d16a4a4ea48b4c0b69730775195b,2026-04-20,1,plan-enumerators,cardinality-agnostic,clique,"mutable (single core, DPsub)",Execution Time,5,0.169,0
7343edcc84b5d16a4a4ea48b4c0b69730775195b,2026-04-20,1,plan-enumerators,cardinality-agnostic,clique,"mutable (single core, DPsub)",Execution Time,8,0.746,0
7343edcc84b5d16a4a4ea48b4c0b69730775195b,2026-04-20,1,plan-enumerators,cardinality-agnostic,clique,"mutable (single core, DPsub)",Execution Time,10,4.141,0
7343edcc84b5d16a4a4ea48b4c0b69730775195b,2026-04-20,1,plan-enumerators,cardinality-agnostic,clique,"mutable (single core, DPsub)",Execution Time,12,31.48,0
7343edcc84b5d16a4a4ea48b4c0b69730775195b,2026-04-20,1,plan-enumerators,cardinality-agnostic,clique,"mutable (single core, DPsubOpt)",Execution Time,2,0.144,0
7343edcc84b5d16a4a4ea48b4c0b69730775195b,2026-04-20,1,plan-enumerators,cardinality-agnostic,clique,"mutable (single core, DPsubOpt)",Execution Time,3,0.095,0
7343edcc84b5d16a4a4ea48b4c0b69730775195b,2026-04-20,1,plan-enumerators,cardinality-agnostic,clique,"mutable (single core, DPsubOpt)",Execution Time,4,0.104,0
7343edcc84b5d16a4a4ea48b4c0b69730775195b,2026-04-20,1,plan-enumerators,cardinality-agnostic,clique,"mutable (single core, DPsubOpt)",Execution Time,5,0.171,0
7343edcc84b5d16a4a4ea48b4c0b69730775195b,2026-04-20,1,plan-enumerators,cardinality-agnostic,clique,"mutable (single core, DPsubOpt)",Execution Time,8,0.763,0
7343edcc84b5d16a4a4ea48b4c0b69730775195b,2026-04-20,1,plan-enumerators,cardinality-agnostic,clique,"mutable (single core, DPsubOpt)",Execution Time,10,2.315,0
7343edcc84b5d16a4a4ea48b4c0b69730775195b,2026-04-20,1,plan-enumerators,cardinality-agnostic,clique,"mutable (single core, DPsubOpt)",Execution Time,12,16.479,0
7343edcc84b5d16a4a4ea48b4c0b69730775195b,2026-04-20,1,plan-enumerators,cardinality-agnostic,clique,"mutable (single core, DPsizeSub)",Execution Time,2,0.127,0
7343edcc84b5d16a4a4ea48b4c0b69730775195b,2026-04-20,1,plan-enumerators,cardinality-agnostic,clique,"mutable (single core, DPsizeSub)",Execution Time,3,0.124,0
7343edcc84b5d16a4a4ea48b4c0b69730775195b,2026-04-20,1,plan-enumerators,cardinality-agnostic,clique,"mutable (single core, DPsizeSub)",Execution Time,4,0.148,0
7343edcc84b5d16a4a4ea48b4c0b69730775195b,2026-04-20,1,plan-enumerators,cardinality-agnostic,clique,"mutable (single core, DPsizeSub)",Execution Time,5,0.355,0
7343edcc84b5d16a4a4ea48b4c0b69730775195b,2026-04-20,1,plan-enumerators,cardinality-agnostic,clique,"mutable (single core, DPsizeSub)",Execution Time,8,0.87,0
7343edcc84b5d16a4a4ea48b4c0b69730775195b,2026-04-20,1,plan-enumerators,cardinality-agnostic,clique,"mutable (single core, DPsizeSub)",Execution Time,10,4.072,0
7343edcc84b5d16a4a4ea48b4c0b69730775195b,2026-04-20,1,plan-enumerators,cardinality-agnostic,clique,"mutable (single core, DPsizeSub)",Execution Time,12,32.806,0
7343edcc84b5d16a4a4ea48b4c0b69730775195b,2026-04-20,1,plan-enumerators,cardinality-agnostic,clique,"mutable (single core, TDbasic)",Execution Time,2,0.125,0
7343edcc84b5d16a4a4ea48b4c0b69730775195b,2026-04-20,1,plan-enumerators,cardinality-agnostic,clique,"mutable (single core, TDbasic)",Execution Time,3,0.091,0
7343edcc84b5d16a4a4ea48b4c0b69730775195b,2026-04-20,1,plan-enumerators,cardinality-agnostic,clique,"mutable (single core, TDbasic)",Execution Time,4,0.105,0
7343edcc84b5d16a4a4ea48b4c0b69730775195b,2026-04-20,1,plan-enumerators,cardinality-agnostic,clique,"mutable (single core, TDbasic)",Execution Time,5,0.17,0
7343edcc84b5d16a4a4ea48b4c0b69730775195b,2026-04-20,1,plan-enumerators,cardinality-agnostic,clique,"mutable (single core, TDbasic)",Execution Time,8,0.924,0
7343edcc84b5d16a4a4ea48b4c0b69730775195b,2026-04-20,1,plan-enumerators,cardinality-agnostic,clique,"mutable (single core, TDbasic)",Execution Time,10,3.649,0
7343edcc84b5d16a4a4ea48b4c0b69730775195b,2026-04-20,1,plan-enumerators,cardinality-agnostic,clique,"mutable (single core, TDbasic)",Execution Time,12,26.972,0
7343edcc84b5d16a4a4ea48b4c0b69730775195b,2026-04-20,1,plan-enumerators,cardinality-agnostic,clique,"mutable (single core, TDMinCutAGaT)",Execution Time,2,0.139,0
7343edcc84b5d16a4a4ea48b4c0b69730775195b,2026-04-20,1,plan-enumerators,cardinality-agnostic,clique,"mutable (single core, TDMinCutAGaT)",Execution Time,3,0.101,0
7343edcc84b5d16a4a4ea48b4c0b69730775195b,2026-04-20,1,plan-enumerators,cardinality-agnostic,clique,"mutable (single core, TDMinCutAGaT)",Execution Time,4,0.131,0
7343edcc84b5d16a4a4ea48b4c0b69730775195b,2026-04-20,1,plan-enumerators,cardinality-agnostic,clique,"mutable (single core, TDMinCutAGaT)",Execution Time,5,0.203,0
7343edcc84b5d16a4a4ea48b4c0b69730775195b,2026-04-20,1,plan-enumerators,cardinality-agnostic,clique,"mutable (single core, TDMinCutAGaT)",Execution Time,8,1.485,0
7343edcc84b5d16a4a4ea48b4c0b69730775195b,2026-04-20,1,plan-enumerators,cardinality-agnostic,clique,"mutable (single core, TDMinCutAGaT)",Execution Time,10,7.238,0
7343edcc84b5d16a4a4ea48b4c0b69730775195b,2026-04-20,1,plan-enumerators,cardinality-agnostic,clique,"mutable (single core, TDMinCutAGaT)",Execution Time,12,59.984,0
7343edcc84b5d16a4a4ea48b4c0b69730775195b,2026-04-20,1,plan-enumerators,cardinality-agnostic,clique,"mutable (single core, TwoPhaseOptimizer)",Execution Time,2,6.548,0
7343edcc84b5d16a4a4ea48b4c0b69730775195b,2026-04-20,1,plan-enumerators,cardinality-agnostic,clique,"mutable (single core, TwoPhaseOptimizer)",Execution Time,3,17.57,0
7343edcc84b5d16a4a4ea48b4c0b69730775195b,2026-04-20,1,plan-enumerators,cardinality-agnostic,clique,"mutable (single core, TwoPhaseOptimizer)",Execution Time,4,26.366,0
7343edcc84b5d16a4a4ea48b4c0b69730775195b,2026-04-20,1,plan-enumerators,cardinality-agnostic,clique,"mutable (single core, TwoPhaseOptimizer)",Execution Time,5,34.399,0
7343edcc84b5d16a4a4ea48b4c0b69730775195b,2026-04-20,1,plan-enumerators,cardinality-agnostic,clique,"mutable (single core, TwoPhaseOptimizer)",Execution Time,8,68.46,0
7343edcc84b5d16a4a4ea48b4c0b69730775195b,2026-04-20,1,plan-enumerators,cardinality-agnostic,clique,"mutable (single core, TwoPhaseOptimizer)",Execution Time,10,87.336,0
7343edcc84b5d16a4a4ea48b4c0b69730775195b,2026-04-20,1,plan-enumerators,cardinality-agnostic,clique,"mutable (single core, TwoPhaseOptimizer)",Execution Time,12,152.193,0
7343edcc84b5d16a4a4ea48b4c0b69730775195b,2026-04-20,1,plan-enumerators,cardinality-agnostic,cycle,"mutable (single core, DPccp)",Execution Time,2,0.208,0
7343edcc84b5d16a4a4ea48b4c0b69730775195b,2026-04-20,1,plan-enumerators,cardinality-agnostic,cycle,"mutable (single core, DPccp)",Execution Time,3,0.18,0
7343edcc84b5d16a4a4ea48b4c0b69730775195b,2026-04-20,1,plan-enumerators,cardinality-agnostic,cycle,"mutable (single core, DPccp)",Execution Time,4,0.147,0
7343edcc84b5d16a4a4ea48b4c0b69730775195b,2026-04-20,1,plan-enumerators,cardinality-agnostic,cycle,"mutable (single core, DPccp)",Execution Time,5,0.201,0
7343edcc84b5d16a4a4ea48b4c0b69730775195b,2026-04-20,1,plan-enumerators,cardinality-agnostic,cycle,"mutable (single core, DPccp)",Execution Time,8,0.437,0
7343edcc84b5d16a4a4ea48b4c0b69730775195b,2026-04-20,1,plan-enumerators,cardinality-agnostic,cycle,"mutable (single core, DPccp)",Execution Time,10,0.645,0
7343edcc84b5d16a4a4ea48b4c0b69730775195b,2026-04-20,1,plan-enumerators,cardinality-agnostic,cycle,"mutable (single core, DPccp)",Execution Time,12,1.344,0
7343edcc84b5d16a4a4ea48b4c0b69730775195b,2026-04-20,1,plan-enumerators,cardinality-agnostic,cycle,"mutable (single core, DPccp)",Execution Time,15,2.346,0
7343edcc84b5d16a4a4ea48b4c0b69730775195b,2026-04-20,1,plan-enumerators,cardinality-agnostic,cycle,"mutable (single core, DPccp)",Execution Time,18,3.105,0
7343edcc84b5d16a4a4ea48b4c0b69730775195b,2026-04-20,1,plan-enumerators,cardinality-agnostic,cycle,"mutable (single core, DPccp)",Execution Time,20,4.03,0
7343edcc84b5d16a4a4ea48b4c0b69730775195b,2026-04-20,1,plan-enumerators,cardinality-agnostic,cycle,"mutable (single core, DPsizeOpt)",Execution Time,2,0.149,0
7343edcc84b5d16a4a4ea48b4c0b69730775195b,2026-04-20,1,plan-enumerators,cardinality-agnostic,cycle,"mutable (single core, DPsizeOpt)",Execution Time,3,0.12,0
7343edcc84b5d16a4a4ea48b4c0b69730775195b,2026-04-20,1,plan-enumerators,cardinality-agnostic,cycle,"mutable (single core, DPsizeOpt)",Execution Time,4,0.119,0
7343edcc84b5d16a4a4ea48b4c0b69730775195b,2026-04-20,1,plan-enumerators,cardinality-agnostic,cycle,"mutable (single core, DPsizeOpt)",Execution Time,5,0.179,0
7343edcc84b5d16a4a4ea48b4c0b69730775195b,2026-04-20,1,plan-enumerators,cardinality-agnostic,cycle,"mutable (single core, DPsizeOpt)",Execution Time,8,0.538,0
7343edcc84b5d16a4a4ea48b4c0b69730775195b,2026-04-20,1,plan-enumerators,cardinality-agnostic,cycle,"mutable (single core, DPsizeOpt)",Execution Time,10,1.034,0
7343edcc84b5d16a4a4ea48b4c0b69730775195b,2026-04-20,1,plan-enumerators,cardinality-agnostic,cycle,"mutable (single core, DPsizeOpt)",Execution Time,12,3.655,0
7343edcc84b5d16a4a4ea48b4c0b69730775195b,2026-04-20,1,plan-enumerators,cardinality-agnostic,cycle,"mutable (single core, DPsizeOpt)",Execution Time,15,37.52,0
7343edcc84b5d16a4a4ea48b4c0b69730775195b,2026-04-20,1,plan-enumerators,cardinality-agnostic,cycle,"mutable (single core, DPsizeOpt)",Execution Time,18,1233.17,0
7343edcc84b5d16a4a4ea48b4c0b69730775195b,2026-04-20,1,plan-enumerators,cardinality-agnostic,cycle,"mutable (single core, DPsizeOpt)",Execution Time,20,5737.73,0
7343edcc84b5d16a4a4ea48b4c0b69730775195b,2026-04-20,1,plan-enumerators,cardinality-agnostic,cycle,"mutable (single core, DPsub)",Execution Time,2,0.12,0
7343edcc84b5d16a4a4ea48b4c0b69730775195b,2026-04-20,1,plan-enumerators,cardinality-agnostic,cycle,"mutable (single core, DPsub)",Execution Time,3,0.097,0
7343edcc84b5d16a4a4ea48b4c0b69730775195b,2026-04-20,1,plan-enumerators,cardinality-agnostic,cycle,"mutable (single core, DPsub)",Execution Time,4,0.138,0
7343edcc84b5d16a4a4ea48b4c0b69730775195b,2026-04-20,1,plan-enumerators,cardinality-agnostic,cycle,"mutable (single core, DPsub)",Execution Time,5,0.165,0
7343edcc84b5d16a4a4ea48b4c0b69730775195b,2026-04-20,1,plan-enumerators,cardinality-agnostic,cycle,"mutable (single core, DPsub)",Execution Time,8,0.329,0
7343edcc84b5d16a4a4ea48b4c0b69730775195b,2026-04-20,1,plan-enumerators,cardinality-agnostic,cycle,"mutable (single core, DPsub)",Execution Time,10,0.455,0
7343edcc84b5d16a4a4ea48b4c0b69730775195b,2026-04-20,1,plan-enumerators,cardinality-agnostic,cycle,"mutable (single core, DPsub)",Execution Time,12,0.931,0
7343edcc84b5d16a4a4ea48b4c0b69730775195b,2026-04-20,1,plan-enumerators,cardinality-agnostic,cycle,"mutable (single core, DPsub)",Execution Time,15,3.856,0
7343edcc84b5d16a4a4ea48b4c0b69730775195b,2026-04-20,1,plan-enumerators,cardinality-agnostic,cycle,"mutable (single core, DPsub)",Execution Time,18,157.799,0
7343edcc84b5d16a4a4ea48b4c0b69730775195b,2026-04-20,1,plan-enumerators,cardinality-agnostic,cycle,"mutable (single core, DPsub)",Execution Time,20,707.564,0
7343edcc84b5d16a4a4ea48b4c0b69730775195b,2026-04-20,1,plan-enumerators,cardinality-agnostic,cycle,"mutable (single core, DPsubOpt)",Execution Time,2,0.135,0
7343edcc84b5d16a4a4ea48b4c0b69730775195b,2026-04-20,1,plan-enumerators,cardinality-agnostic,cycle,"mutable (single core, DPsubOpt)",Execution Time,3,0.097,0
7343edcc84b5d16a4a4ea48b4c0b69730775195b,2026-04-20,1,plan-enumerators,cardinality-agnostic,cycle,"mutable (single core, DPsubOpt)",Execution Time,4,0.113,0
7343edcc84b5d16a4a4ea48b4c0b69730775195b,2026-04-20,1,plan-enumerators,cardinality-agnostic,cycle,"mutable (single core, DPsubOpt)",Execution Time,5,0.165,0
7343edcc84b5d16a4a4ea48b4c0b69730775195b,2026-04-20,1,plan-enumerators,cardinality-agnostic,cycle,"mutable (single core, DPsubOpt)",Execution Time,8,0.31,0
7343edcc84b5d16a4a4ea48b4c0b69730775195b,2026-04-20,1,plan-enumerators,cardinality-agnostic,cycle,"mutable (single core, DPsubOpt)",Execution Time,10,0.482,0
7343edcc84b5d16a4a4ea48b4c0b69730775195b,2026-04-20,1,plan-enumerators,cardinality-agnostic,cycle,"mutable (single core, DPsubOpt)",Execution Time,12,1.243,0
7343edcc84b5d16a4a4ea48b4c0b69730775195b,2026-04-20,1,plan-enumerators,cardinality-agnostic,cycle,"mutable (single core, DPsubOpt)",Execution Time,15,2.833,0
7343edcc84b5d16a4a4ea48b4c0b69730775195b,2026-04-20,1,plan-enumerators,cardinality-agnostic,cycle,"mutable (single core, DPsubOpt)",Execution Time,18,83.005,0
7343edcc84b5d16a4a4ea48b4c0b69730775195b,2026-04-20,1,plan-enumerators,cardinality-agnostic,cycle,"mutable (single core, DPsubOpt)",Execution Time,20,363.639,0
7343edcc84b5d16a4a4ea48b4c0b69730775195b,2026-04-20,1,plan-enumerators,cardinality-agnostic,cycle,"mutable (single core, DPsizeSub)",Execution Time,2,0.124,0
7343edcc84b5d16a4a4ea48b4c0b69730775195b,2026-04-20,1,plan-enumerators,cardinality-agnostic,cycle,"mutable (single core, DPsizeSub)",Execution Time,3,0.098,0
7343edcc84b5d16a4a4ea48b4c0b69730775195b,2026-04-20,1,plan-enumerators,cardinality-agnostic,cycle,"mutable (single core, DPsizeSub)",Execution Time,4,0.097,0
7343edcc84b5d16a4a4ea48b4c0b69730775195b,2026-04-20,1,plan-enumerators,cardinality-agnostic,cycle,"mutable (single core, DPsizeSub)",Execution Time,5,0.175,0
7343edcc84b5d16a4a4ea48b4c0b69730775195b,2026-04-20,1,plan-enumerators,cardinality-agnostic,cycle,"mutable (single core, DPsizeSub)",Execution Time,8,0.314,0
7343edcc84b5d16a4a4ea48b4c0b69730775195b,2026-04-20,1,plan-enumerators,cardinality-agnostic,cycle,"mutable (single core, DPsizeSub)",Execution Time,10,0.463,0
7343edcc84b5d16a4a4ea48b4c0b69730775195b,2026-04-20,1,plan-enumerators,cardinality-agnostic,cycle,"mutable (single core, DPsizeSub)",Execution Time,12,0.876,0
7343edcc84b5d16a4a4ea48b4c0b69730775195b,2026-04-20,1,plan-enumerators,cardinality-agnostic,cycle,"mutable (single core, DPsizeSub)",Execution Time,15,4.624,0
7343edcc84b5d16a4a4ea48b4c0b69730775195b,2026-04-20,1,plan-enumerators,cardinality-agnostic,cycle,"mutable (single core, DPsizeSub)",Execution Time,18,168.688,0
7343edcc84b5d16a4a4ea48b4c0b69730775195b,2026-04-20,1,plan-enumerators,cardinality-agnostic,cycle,"mutable (single core, DPsizeSub)",Execution Time,20,790.422,0
7343edcc84b5d16a4a4ea48b4c0b69730775195b,2026-04-20,1,plan-enumerators,cardinality-agnostic,cycle,"mutable (single core, TDbasic)",Execution Time,2,0.131,0
7343edcc84b5d16a4a4ea48b4c0b69730775195b,2026-04-20,1,plan-enumerators,cardinality-agnostic,cycle,"mutable (single core, TDbasic)",Execution Time,3,0.108,0
7343edcc84b5d16a4a4ea48b4c0b69730775195b,2026-04-20,1,plan-enumerators,cardinality-agnostic,cycle,"mutable (single core, TDbasic)",Execution Time,4,0.095,0
7343edcc84b5d16a4a4ea48b4c0b69730775195b,2026-04-20,1,plan-enumerators,cardinality-agnostic,cycle,"mutable (single core, TDbasic)",Execution Time,5,0.149,0
7343edcc84b5d16a4a4ea48b4c0b69730775195b,2026-04-20,1,plan-enumerators,cardinality-agnostic,cycle,"mutable (single core, TDbasic)",Execution Time,8,0.301,0
7343edcc84b5d16a4a4ea48b4c0b69730775195b,2026-04-20,1,plan-enumerators,cardinality-agnostic,cycle,"mutable (single core, TDbasic)",Execution Time,10,0.449,0
7343edcc84b5d16a4a4ea48b4c0b69730775195b,2026-04-20,1,plan-enumerators,cardinality-agnostic,cycle,"mutable (single core, TDbasic)",Execution Time,12,0.899,0
7343edcc84b5d16a4a4ea48b4c0b69730775195b,2026-04-20,1,plan-enumerators,cardinality-agnostic,cycle,"mutable (single core, TDbasic)",Execution Time,15,3.779,0
7343edcc84b5d16a4a4ea48b4c0b69730775195b,2026-04-20,1,plan-enumerators,cardinality-agnostic,cycle,"mutable (single core, TDbasic)",Execution Time,18,24.805,0
7343edcc84b5d16a4a4ea48b4c0b69730775195b,2026-04-20,1,plan-enumerators,cardinality-agnostic,cycle,"mutable (single core, TDbasic)",Execution Time,20,103.51,0
7343edcc84b5d16a4a4ea48b4c0b69730775195b,2026-04-20,1,plan-enumerators,cardinality-agnostic,cycle,"mutable (single core, TDMinCutAGaT)",Execution Time,2,0.186,0
7343edcc84b5d16a4a4ea48b4c0b69730775195b,2026-04-20,1,plan-enumerators,cardinality-agnostic,cycle,"mutable (single core, TDMinCutAGaT)",Execution Time,3,0.122,0
7343edcc84b5d16a4a4ea48b4c0b69730775195b,2026-04-20,1,plan-enumerators,cardinality-agnostic,cycle,"mutable (single core, TDMinCutAGaT)",Execution Time,4,0.173,0
7343edcc84b5d16a4a4ea48b4c0b69730775195b,2026-04-20,1,plan-enumerators,cardinality-agnostic,cycle,"mutable (single core, TDMinCutAGaT)",Execution Time,5,0.238,0
7343edcc84b5d16a4a4ea48b4c0b69730775195b,2026-04-20,1,plan-enumerators,cardinality-agnostic,cycle,"mutable (single core, TDMinCutAGaT)",Execution Time,8,0.358,0
7343edcc84b5d16a4a4ea48b4c0b69730775195b,2026-04-20,1,plan-enumerators,cardinality-agnostic,cycle,"mutable (single core, TDMinCutAGaT)",Execution Time,10,0.511,0
7343edcc84b5d16a4a4ea48b4c0b69730775195b,2026-04-20,1,plan-enumerators,cardinality-agnostic,cycle,"mutable (single core, TDMinCutAGaT)",Execution Time,12,0.842,0
7343edcc84b5d16a4a4ea48b4c0b69730775195b,2026-04-20,1,plan-enumerators,cardinality-agnostic,cycle,"mutable (single core, TDMinCutAGaT)",Execution Time,15,2.049,0
7343edcc84b5d16a4a4ea48b4c0b69730775195b,2026-04-20,1,plan-enumerators,cardinality-agnostic,cycle,"mutable (single core, TDMinCutAGaT)",Execution Time,18,2.672,0
7343edcc84b5d16a4a4ea48b4c0b69730775195b,2026-04-20,1,plan-enumerators,cardinality-agnostic,cycle,"mutable (single core, TDMinCutAGaT)",Execution Time,20,3.49,0
7343edcc84b5d16a4a4ea48b4c0b69730775195b,2026-04-20,1,plan-enumerators,cardinality-agnostic,cycle,"mutable (single core, TwoPhaseOptimizer)",Execution Time,2,6.574,0
7343edcc84b5d16a4a4ea48b4c0b69730775195b,2026-04-20,1,plan-enumerators,cardinality-agnostic,cycle,"mutable (single core, TwoPhaseOptimizer)",Execution Time,3,16.143,0
7343edcc84b5d16a4a4ea48b4c0b69730775195b,2026-04-20,1,plan-enumerators,cardinality-agnostic,cycle,"mutable (single core, TwoPhaseOptimizer)",Execution Time,4,25.892,0
7343edcc84b5d16a4a4ea48b4c0b69730775195b,2026-04-20,1,plan-enumerators,cardinality-agnostic,cycle,"mutable (single core, TwoPhaseOptimizer)",Execution Time,5,33.038,0
7343edcc84b5d16a4a4ea48b4c0b69730775195b,2026-04-20,1,plan-enumerators,cardinality-agnostic,cycle,"mutable (single core, TwoPhaseOptimizer)",Execution Time,8,64.362,0
7343edcc84b5d16a4a4ea48b4c0b69730775195b,2026-04-20,1,plan-enumerators,cardinality-agnostic,cycle,"mutable (single core, TwoPhaseOptimizer)",Execution Time,10,87.025,0
7343edcc84b5d16a4a4ea48b4c0b69730775195b,2026-04-20,1,plan-enumerators,cardinality-agnostic,cycle,"mutable (single core, TwoPhaseOptimizer)",Execution Time,12,111.595,0
7343edcc84b5d16a4a4ea48b4c0b69730775195b,2026-04-20,1,plan-enumerators,cardinality-agnostic,cycle,"mutable (single core, TwoPhaseOptimizer)",Execution Time,15,146.874,0
7343edcc84b5d16a4a4ea48b4c0b69730775195b,2026-04-20,1,plan-enumerators,cardinality-agnostic,cycle,"mutable (single core, TwoPhaseOptimizer)",Execution Time,18,210.122,0
7343edcc84b5d16a4a4ea48b4c0b69730775195b,2026-04-20,1,plan-enumerators,cardinality-agnostic,cycle,"mutable (single core, TwoPhaseOptimizer)",Execution Time,20,266.369,0
7343edcc84b5d16a4a4ea48b4c0b69730775195b,2026-04-20,1,plan-enumerators,cardinality-agnostic,star,"mutable (single core, DPccp)",Execution Time,2,0.397,0
7343edcc84b5d16a4a4ea48b4c0b69730775195b,2026-04-20,1,plan-enumerators,cardinality-agnostic,star,"mutable (single core, DPccp)",Execution Time,3,0.142,0
7343edcc84b5d16a4a4ea48b4c0b69730775195b,2026-04-20,1,plan-enumerators,cardinality-agnostic,star,"mutable (single core, DPccp)",Execution Time,4,0.132,0
7343edcc84b5d16a4a4ea48b4c0b69730775195b,2026-04-20,1,plan-enumerators,cardinality-agnostic,star,"mutable (single core, DPccp)",Execution Time,5,0.21,0
7343edcc84b5d16a4a4ea48b4c0b69730775195b,2026-04-20,1,plan-enumerators,cardinality-agnostic,star,"mutable (single core, DPccp)",Execution Time,8,0.619,0
7343edcc84b5d16a4a4ea48b4c0b69730775195b,2026-04-20,1,plan-enumerators,cardinality-agnostic,star,"mutable (single core, DPccp)",Execution Time,10,1.798,0
7343edcc84b5d16a4a4ea48b4c0b69730775195b,2026-04-20,1,plan-enumerators,cardinality-agnostic,star,"mutable (single core, DPccp)",Execution Time,12,7.583,0
7343edcc84b5d16a4a4ea48b4c0b69730775195b,2026-04-20,1,plan-enumerators,cardinality-agnostic,star,"mutable (single core, DPccp)",Execution Time,15,53.878,0
7343edcc84b5d16a4a4ea48b4c0b69730775195b,2026-04-20,1,plan-enumerators,cardinality-agnostic,star,"mutable (single core, DPccp)",Execution Time,18,867.342,0
7343edcc84b5d16a4a4ea48b4c0b69730775195b,2026-04-20,1,plan-enumerators,cardinality-agnostic,star,"mutable (single core, DPccp)",Execution Time,20,4232.47,0
7343edcc84b5d16a4a4ea48b4c0b69730775195b,2026-04-20,1,plan-enumerators,cardinality-agnostic,star,"mutable (single core, DPsizeOpt)",Execution Time,2,10000.0,0
7343edcc84b5d16a4a4ea48b4c0b69730775195b,2026-04-20,1,plan-enumerators,cardinality-agnostic,star,"mutable (single core, DPsizeOpt)",Execution Time,3,10000.0,0
7343edcc84b5d16a4a4ea48b4c0b69730775195b,2026-04-20,1,plan-enumerators,cardinality-agnostic,star,"mutable (single core, DPsizeOpt)",Execution Time,4,10000.0,0
7343edcc84b5d16a4a4ea48b4c0b69730775195b,2026-04-20,1,plan-enumerators,cardinality-agnostic,star,"mutable (single core, DPsizeOpt)",Execution Time,5,10000.0,0
7343edcc84b5d16a4a4ea48b4c0b69730775195b,2026-04-20,1,plan-enumerators,cardinality-agnostic,star,"mutable (single core, DPsizeOpt)",Execution Time,8,10000.0,0
7343edcc84b5d16a4a4ea48b4c0b69730775195b,2026-04-20,1,plan-enumerators,cardinality-agnostic,star,"mutable (single core, DPsizeOpt)",Execution Time,10,10000.0,0
7343edcc84b5d16a4a4ea48b4c0b69730775195b,2026-04-20,1,plan-enumerators,cardinality-agnostic,star,"mutable (single core, DPsizeOpt)",Execution Time,12,10000.0,0
7343edcc84b5d16a4a4ea48b4c0b69730775195b,2026-04-20,1,plan-enumerators,cardinality-agnostic,star,"mutable (single core, DPsizeOpt)",Execution Time,15,10000.0,0
7343edcc84b5d16a4a4ea48b4c0b69730775195b,2026-04-20,1,plan-enumerators,cardinality-agnostic,star,"mutable (single core, DPsizeOpt)",Execution Time,18,10000.0,0
7343edcc84b5d16a4a4ea48b4c0b69730775195b,2026-04-20,1,plan-enumerators,cardinality-agnostic,star,"mutable (single core, DPsizeOpt)",Execution Time,20,10000.0,0
7343edcc84b5d16a4a4ea48b4c0b69730775195b,2026-04-20,1,plan-enumerators,cardinality-agnostic,star,"mutable (single core, DPsub)",Execution Time,2,10000.0,0
7343edcc84b5d16a4a4ea48b4c0b69730775195b,2026-04-20,1,plan-enumerators,cardinality-agnostic,star,"mutable (single core, DPsub)",Execution Time,3,10000.0,0
7343edcc84b5d16a4a4ea48b4c0b69730775195b,2026-04-20,1,plan-enumerators,cardinality-agnostic,star,"mutable (single core, DPsub)",Execution Time,4,10000.0,0
7343edcc84b5d16a4a4ea48b4c0b69730775195b,2026-04-20,1,plan-enumerators,cardinality-agnostic,star,"mutable (single core, DPsub)",Execution Time,5,10000.0,0
7343edcc84b5d16a4a4ea48b4c0b69730775195b,2026-04-20,1,plan-enumerators,cardinality-agnostic,star,"mutable (single core, DPsub)",Execution Time,8,10000.0,0
7343edcc84b5d16a4a4ea48b4c0b69730775195b,2026-04-20,1,plan-enumerators,cardinality-agnostic,star,"mutable (single core, DPsub)",Execution Time,10,10000.0,0
7343edcc84b5d16a4a4ea48b4c0b69730775195b,2026-04-20,1,plan-enumerators,cardinality-agnostic,star,"mutable (single core, DPsub)",Execution Time,12,10000.0,0
7343edcc84b5d16a4a4ea48b4c0b69730775195b,2026-04-20,1,plan-enumerators,cardinality-agnostic,star,"mutable (single core, DPsub)",Execution Time,15,10000.0,0
7343edcc84b5d16a4a4ea48b4c0b69730775195b,2026-04-20,1,plan-enumerators,cardinality-agnostic,star,"mutable (single core, DPsub)",Execution Time,18,10000.0,0
7343edcc84b5d16a4a4ea48b4c0b69730775195b,2026-04-20,1,plan-enumerators,cardinality-agnostic,star,"mutable (single core, DPsub)",Execution Time,20,10000.0,0
7343edcc84b5d16a4a4ea48b4c0b69730775195b,2026-04-20,1,plan-enumerators,cardinality-agnostic,star,"mutable (single core, DPsubOpt)",Execution Time,2,10000.0,0
7343edcc84b5d16a4a4ea48b4c0b69730775195b,2026-04-20,1,plan-enumerators,cardinality-agnostic,star,"mutable (single core, DPsubOpt)",Execution Time,3,10000.0,0
7343edcc84b5d16a4a4ea48b4c0b69730775195b,2026-04-20,1,plan-enumerators,cardinality-agnostic,star,"mutable (single core, DPsubOpt)",Execution Time,4,10000.0,0
7343edcc84b5d16a4a4ea48b4c0b69730775195b,2026-04-20,1,plan-enumerators,cardinality-agnostic,star,"mutable (single core, DPsubOpt)",Execution Time,5,10000.0,0
7343edcc84b5d16a4a4ea48b4c0b69730775195b,2026-04-20,1,plan-enumerators,cardinality-agnostic,star,"mutable (single core, DPsubOpt)",Execution Time,8,10000.0,0
7343edcc84b5d16a4a4ea48b4c0b69730775195b,2026-04-20,1,plan-enumerators,cardinality-agnostic,star,"mutable (single core, DPsubOpt)",Execution Time,10,10000.0,0
7343edcc84b5d16a4a4ea48b4c0b69730775195b,2026-04-20,1,plan-enumerators,cardinality-agnostic,star,"mutable (single core, DPsubOpt)",Execution Time,12,10000.0,0
7343edcc84b5d16a4a4ea48b4c0b69730775195b,2026-04-20,1,plan-enumerators,cardinality-agnostic,star,"mutable (single core, DPsubOpt)",Execution Time,15,10000.0,0
7343edcc84b5d16a4a4ea48b4c0b69730775195b,2026-04-20,1,plan-enumerators,cardinality-agnostic,star,"mutable (single core, DPsubOpt)",Execution Time,18,10000.0,0
7343edcc84b5d16a4a4ea48b4c0b69730775195b,2026-04-20,1,plan-enumerators,cardinality-agnostic,star,"mutable (single core, DPsubOpt)",Execution Time,20,10000.0,0
7343edcc84b5d16a4a4ea48b4c0b69730775195b,2026-04-20,1,plan-enumerators,cardinality-agnostic,star,"mutable (single core, DPsizeSub)",Execution Time,2,10000.0,0
7343edcc84b5d16a4a4ea48b4c0b69730775195b,2026-04-20,1,plan-enumerators,cardinality-agnostic,star,"mutable (single core, DPsizeSub)",Execution Time,3,10000.0,0
7343edcc84b5d16a4a4ea48b4c0b69730775195b,2026-04-20,1,plan-enumerators,cardinality-agnostic,star,"mutable (single core, DPsizeSub)",Execution Time,4,10000.0,0
7343edcc84b5d16a4a4ea48b4c0b69730775195b,2026-04-20,1,plan-enumerators,cardinality-agnostic,star,"mutable (single core, DPsizeSub)",Execution Time,5,10000.0,0
7343edcc84b5d16a4a4ea48b4c0b69730775195b,2026-04-20,1,plan-enumerators,cardinality-agnostic,star,"mutable (single core, DPsizeSub)",Execution Time,8,10000.0,0
7343edcc84b5d16a4a4ea48b4c0b69730775195b,2026-04-20,1,plan-enumerators,cardinality-agnostic,star,"mutable (single core, DPsizeSub)",Execution Time,10,10000.0,0
7343edcc84b5d16a4a4ea48b4c0b69730775195b,2026-04-20,1,plan-enumerators,cardinality-agnostic,star,"mutable (single core, DPsizeSub)",Execution Time,12,10000.0,0
7343edcc84b5d16a4a4ea48b4c0b69730775195b,2026-04-20,1,plan-enumerators,cardinality-agnostic,star,"mutable (single core, DPsizeSub)",Execution Time,15,10000.0,0
7343edcc84b5d16a4a4ea48b4c0b69730775195b,2026-04-20,1,plan-enumerators,cardinality-agnostic,star,"mutable (single core, DPsizeSub)",Execution Time,18,10000.0,0
7343edcc84b5d16a4a4ea48b4c0b69730775195b,2026-04-20,1,plan-enumerators,cardinality-agnostic,star,"mutable (single core, DPsizeSub)",Execution Time,20,10000.0,0
7343edcc84b5d16a4a4ea48b4c0b69730775195b,2026-04-20,1,plan-enumerators,cardinality-agnostic,star,"mutable (single core, TDbasic)",Execution Time,2,0.179,0
7343edcc84b5d16a4a4ea48b4c0b69730775195b,2026-04-20,1,plan-enumerators,cardinality-agnostic,star,"mutable (single core, TDbasic)",Execution Time,3,0.1,0
7343edcc84b5d16a4a4ea48b4c0b69730775195b,2026-04-20,1,plan-enumerators,cardinality-agnostic,star,"mutable (single core, TDbasic)",Execution Time,4,0.12,0
7343edcc84b5d16a4a4ea48b4c0b69730775195b,2026-04-20,1,plan-enumerators,cardinality-agnostic,star,"mutable (single core, TDbasic)",Execution Time,5,0.253,0
7343edcc84b5d16a4a4ea48b4c0b69730775195b,2026-04-20,1,plan-enumerators,cardinality-agnostic,star,"mutable (single core, TDbasic)",Execution Time,8,0.417,0
7343edcc84b5d16a4a4ea48b4c0b69730775195b,2026-04-20,1,plan-enumerators,cardinality-agnostic,star,"mutable (single core, TDbasic)",Execution Time,10,0.981,0
7343edcc84b5d16a4a4ea48b4c0b69730775195b,2026-04-20,1,plan-enumerators,cardinality-agnostic,star,"mutable (single core, TDbasic)",Execution Time,12,4.807,0
7343edcc84b5d16a4a4ea48b4c0b69730775195b,2026-04-20,1,plan-enumerators,cardinality-agnostic,star,"mutable (single core, TDbasic)",Execution Time,15,102.964,0
7343edcc84b5d16a4a4ea48b4c0b69730775195b,2026-04-20,1,plan-enumerators,cardinality-agnostic,star,"mutable (single core, TDbasic)",Execution Time,18,3321.54,0
7343edcc84b5d16a4a4ea48b4c0b69730775195b,2026-04-20,1,plan-enumerators,cardinality-agnostic,star,"mutable (single core, TDbasic)",Execution Time,20,29214.9,0
7343edcc84b5d16a4a4ea48b4c0b69730775195b,2026-04-20,1,plan-enumerators,cardinality-agnostic,star,"mutable (single core, TDMinCutAGaT)",Execution Time,2,0.148,0
7343edcc84b5d16a4a4ea48b4c0b69730775195b,2026-04-20,1,plan-enumerators,cardinality-agnostic,star,"mutable (single core, TDMinCutAGaT)",Execution Time,3,0.104,0
7343edcc84b5d16a4a4ea48b4c0b69730775195b,2026-04-20,1,plan-enumerators,cardinality-agnostic,star,"mutable (single core, TDMinCutAGaT)",Execution Time,4,0.123,0
7343edcc84b5d16a4a4ea48b4c0b69730775195b,2026-04-20,1,plan-enumerators,cardinality-agnostic,star,"mutable (single core, TDMinCutAGaT)",Execution Time,5,0.185,0
7343edcc84b5d16a4a4ea48b4c0b69730775195b,2026-04-20,1,plan-enumerators,cardinality-agnostic,star,"mutable (single core, TDMinCutAGaT)",Execution Time,8,0.685,0
7343edcc84b5d16a4a4ea48b4c0b69730775195b,2026-04-20,1,plan-enumerators,cardinality-agnostic,star,"mutable (single core, TDMinCutAGaT)",Execution Time,10,2.803,0
7343edcc84b5d16a4a4ea48b4c0b69730775195b,2026-04-20,1,plan-enumerators,cardinality-agnostic,star,"mutable (single core, TDMinCutAGaT)",Execution Time,12,19.498,0
7343edcc84b5d16a4a4ea48b4c0b69730775195b,2026-04-20,1,plan-enumerators,cardinality-agnostic,star,"mutable (single core, TDMinCutAGaT)",Execution Time,15,462.158,0
7343edcc84b5d16a4a4ea48b4c0b69730775195b,2026-04-20,1,plan-enumerators,cardinality-agnostic,star,"mutable (single core, TDMinCutAGaT)",Execution Time,18,12707.4,0
7343edcc84b5d16a4a4ea48b4c0b69730775195b,2026-04-20,1,plan-enumerators,cardinality-agnostic,star,"mutable (single core, TDMinCutAGaT)",Execution Time,20,113585.0,0
7343edcc84b5d16a4a4ea48b4c0b69730775195b,2026-04-20,1,plan-enumerators,cardinality-agnostic,star,"mutable (single core, TwoPhaseOptimizer)",Execution Time,2,6.476,0
7343edcc84b5d16a4a4ea48b4c0b69730775195b,2026-04-20,1,plan-enumerators,cardinality-agnostic,star,"mutable (single core, TwoPhaseOptimizer)",Execution Time,3,16.187,0
7343edcc84b5d16a4a4ea48b4c0b69730775195b,2026-04-20,1,plan-enumerators,cardinality-agnostic,star,"mutable (single core, TwoPhaseOptimizer)",Execution Time,4,26.078,0
7343edcc84b5d16a4a4ea48b4c0b69730775195b,2026-04-20,1,plan-enumerators,cardinality-agnostic,star,"mutable (single core, TwoPhaseOptimizer)",Execution Time,5,33.111,0
7343edcc84b5d16a4a4ea48b4c0b69730775195b,2026-04-20,1,plan-enumerators,cardinality-agnostic,star,"mutable (single core, TwoPhaseOptimizer)",Execution Time,8,65.141,0
7343edcc84b5d16a4a4ea48b4c0b69730775195b,2026-04-20,1,plan-enumerators,cardinality-agnostic,star,"mutable (single core, TwoPhaseOptimizer)",Execution Time,10,87.399,0
7343edcc84b5d16a4a4ea48b4c0b69730775195b,2026-04-20,1,plan-enumerators,cardinality-agnostic,star,"mutable (single core, TwoPhaseOptimizer)",Execution Time,12,111.433,0
7343edcc84b5d16a4a4ea48b4c0b69730775195b,2026-04-20,1,plan-enumerators,cardinality-agnostic,star,"mutable (single core, TwoPhaseOptimizer)",Execution Time,15,162.558,0
7343edcc84b5d16a4a4ea48b4c0b69730775195b,2026-04-20,1,plan-enumerators,cardinality-agnostic,star,"mutable (single core, TwoPhaseOptimizer)",Execution Time,18,210.238,0
7343edcc84b5d16a4a4ea48b4c0b69730775195b,2026-04-20,1,plan-enumerators,cardinality-agnostic,star,"mutable (single core, TwoPhaseOptimizer)",Execution Time,20,267.073,0
83aaa5e8dd69c9faf4d8680a9c73c0ef9f4cbc5d,2026-04-26,1,plan-enumerators,cardinality-agnostic,chain,"mutable (single core, DPccp)",Execution Time,2,1.296,0
83aaa5e8dd69c9faf4d8680a9c73c0ef9f4cbc5d,2026-04-26,1,plan-enumerators,cardinality-agnostic,chain,"mutable (single core, DPccp)",Execution Time,2,0.056,1
83aaa5e8dd69c9faf4d8680a9c73c0ef9f4cbc5d,2026-04-26,1,plan-enumerators,cardinality-agnostic,chain,"mutable (single core, DPccp)",Execution Time,2,0.055,2
83aaa5e8dd69c9faf4d8680a9c73c0ef9f4cbc5d,2026-04-26,1,plan-enumerators,cardinality-agnostic,chain,"mutable (single core, DPccp)",Execution Time,3,0.132,0
83aaa5e8dd69c9faf4d8680a9c73c0ef9f4cbc5d,2026-04-26,1,plan-enumerators,cardinality-agnostic,chain,"mutable (single core, DPccp)",Execution Time,3,0.064,1
83aaa5e8dd69c9faf4d8680a9c73c0ef9f4cbc5d,2026-04-26,1,plan-enumerators,cardinality-agnostic,chain,"mutable (single core, DPccp)",Execution Time,3,0.093,2
83aaa5e8dd69c9faf4d8680a9c73c0ef9f4cbc5d,2026-04-26,1,plan-enumerators,cardinality-agnostic,chain,"mutable (single core, DPccp)",Execution Time,4,0.142,0
83aaa5e8dd69c9faf4d8680a9c73c0ef9f4cbc5d,2026-04-26,1,plan-enumerators,cardinality-agnostic,chain,"mutable (single core, DPccp)",Execution Time,4,0.085,1
83aaa5e8dd69c9faf4d8680a9c73c0ef9f4cbc5d,2026-04-26,1,plan-enumerators,cardinality-agnostic,chain,"mutable (single core, DPccp)",Execution Time,4,0.087,2
83aaa5e8dd69c9faf4d8680a9c73c0ef9f4cbc5d,2026-04-26,1,plan-enumerators,cardinality-agnostic,chain,"mutable (single core, DPccp)",Execution Time,5,0.163,0
83aaa5e8dd69c9faf4d8680a9c73c0ef9f4cbc5d,2026-04-26,1,plan-enumerators,cardinality-agnostic,chain,"mutable (single core, DPccp)",Execution Time,5,0.114,1
83aaa5e8dd69c9faf4d8680a9c73c0ef9f4cbc5d,2026-04-26,1,plan-enumerators,cardinality-agnostic,chain,"mutable (single core, DPccp)",Execution Time,5,0.141,2
83aaa5e8dd69c9faf4d8680a9c73c0ef9f4cbc5d,2026-04-26,1,plan-enumerators,cardinality-agnostic,chain,"mutable (single core, DPccp)",Execution Time,8,0.385,0
83aaa5e8dd69c9faf4d8680a9c73c0ef9f4cbc5d,2026-04-26,1,plan-enumerators,cardinality-agnostic,chain,"mutable (single core, DPccp)",Execution Time,8,0.261,1
83aaa5e8dd69c9faf4d8680a9c73c0ef9f4cbc5d,2026-04-26,1,plan-enumerators,cardinality-agnostic,chain,"mutable (single core, DPccp)",Execution Time,8,0.269,2
83aaa5e8dd69c9faf4d8680a9c73c0ef9f4cbc5d,2026-04-26,1,plan-enumerators,cardinality-agnostic,chain,"mutable (single core, DPccp)",Execution Time,10,0.481,0
83aaa5e8dd69c9faf4d8680a9c73c0ef9f4cbc5d,2026-04-26,1,plan-enumerators,cardinality-agnostic,chain,"mutable (single core, DPccp)",Execution Time,10,0.415,1
83aaa5e8dd69c9faf4d8680a9c73c0ef9f4cbc5d,2026-04-26,1,plan-enumerators,cardinality-agnostic,chain,"mutable (single core, DPccp)",Execution Time,10,0.538,2
83aaa5e8dd69c9faf4d8680a9c73c0ef9f4cbc5d,2026-04-26,1,plan-enumerators,cardinality-agnostic,chain,"mutable (single core, DPccp)",Execution Time,12,0.669,0
83aaa5e8dd69c9faf4d8680a9c73c0ef9f4cbc5d,2026-04-26,1,plan-enumerators,cardinality-agnostic,chain,"mutable (single core, DPccp)",Execution Time,12,0.609,1
83aaa5e8dd69c9faf4d8680a9c73c0ef9f4cbc5d,2026-04-26,1,plan-enumerators,cardinality-agnostic,chain,"mutable (single core, DPccp)",Execution Time,12,0.65,2
83aaa5e8dd69c9faf4d8680a9c73c0ef9f4cbc5d,2026-04-26,1,plan-enumerators,cardinality-agnostic,chain,"mutable (single core, DPccp)",Execution Time,15,2.173,0
83aaa5e8dd69c9faf4d8680a9c73c0ef9f4cbc5d,2026-04-26,1,plan-enumerators,cardinality-agnostic,chain,"mutable (single core, DPccp)",Execution Time,15,1.707,1
83aaa5e8dd69c9faf4d8680a9c73c0ef9f4cbc5d,2026-04-26,1,plan-enumerators,cardinality-agnostic,chain,"mutable (single core, DPccp)",Execution Time,15,1.618,2
83aaa5e8dd69c9faf4d8680a9c73c0ef9f4cbc5d,2026-04-26,1,plan-enumerators,cardinality-agnostic,chain,"mutable (single core, DPccp)",Execution Time,18,1.966,0
83aaa5e8dd69c9faf4d8680a9c73c0ef9f4cbc5d,2026-04-26,1,plan-enumerators,cardinality-agnostic,chain,"mutable (single core, DPccp)",Execution Time,18,1.497,1
83aaa5e8dd69c9faf4d8680a9c73c0ef9f4cbc5d,2026-04-26,1,plan-enumerators,cardinality-agnostic,chain,"mutable (single core, DPccp)",Execution Time,18,1.715,2
83aaa5e8dd69c9faf4d8680a9c73c0ef9f4cbc5d,2026-04-26,1,plan-enumerators,cardinality-agnostic,chain,"mutable (single core, DPccp)",Execution Time,20,1.808,0
83aaa5e8dd69c9faf4d8680a9c73c0ef9f4cbc5d,2026-04-26,1,plan-enumerators,cardinality-agnostic,chain,"mutable (single core, DPccp)",Execution Time,20,1.872,1
83aaa5e8dd69c9faf4d8680a9c73c0ef9f4cbc5d,2026-04-26,1,plan-enumerators,cardinality-agnostic,chain,"mutable (single core, DPccp)",Execution Time,20,1.755,2
83aaa5e8dd69c9faf4d8680a9c73c0ef9f4cbc5d,2026-04-26,1,plan-enumerators,cardinality-agnostic,chain,"mutable (single core, DPsizeOpt)",Execution Time,2,0.144,0
83aaa5e8dd69c9faf4d8680a9c73c0ef9f4cbc5d,2026-04-26,1,plan-enumerators,cardinality-agnostic,chain,"mutable (single core, DPsizeOpt)",Execution Time,2,0.058,1
83aaa5e8dd69c9faf4d8680a9c73c0ef9f4cbc5d,2026-04-26,1,plan-enumerators,cardinality-agnostic,chain,"mutable (single core, DPsizeOpt)",Execution Time,2,0.047,2
83aaa5e8dd69c9faf4d8680a9c73c0ef9f4cbc5d,2026-04-26,1,plan-enumerators,cardinality-agnostic,chain,"mutable (single core, DPsizeOpt)",Execution Time,3,0.105,0
83aaa5e8dd69c9faf4d8680a9c73c0ef9f4cbc5d,2026-04-26,1,plan-enumerators,cardinality-agnostic,chain,"mutable (single core, DPsizeOpt)",Execution Time,3,0.077,1
83aaa5e8dd69c9faf4d8680a9c73c0ef9f4cbc5d,2026-04-26,1,plan-enumerators,cardinality-agnostic,chain,"mutable (single core, DPsizeOpt)",Execution Time,3,0.073,2
83aaa5e8dd69c9faf4d8680a9c73c0ef9f4cbc5d,2026-04-26,1,plan-enumerators,cardinality-agnostic,chain,"mutable (single core, DPsizeOpt)",Execution Time,4,0.1,0
83aaa5e8dd69c9faf4d8680a9c73c0ef9f4cbc5d,2026-04-26,1,plan-enumerators,cardinality-agnostic,chain,"mutable (single core, DPsizeOpt)",Execution Time,4,0.089,1
83aaa5e8dd69c9faf4d8680a9c73c0ef9f4cbc5d,2026-04-26,1,plan-enumerators,cardinality-agnostic,chain,"mutable (single core, DPsizeOpt)",Execution Time,4,0.08,2
83aaa5e8dd69c9faf4d8680a9c73c0ef9f4cbc5d,2026-04-26,1,plan-enumerators,cardinality-agnostic,chain,"mutable (single core, DPsizeOpt)",Execution Time,5,0.142,0
83aaa5e8dd69c9faf4d8680a9c73c0ef9f4cbc5d,2026-04-26,1,plan-enumerators,cardinality-agnostic,chain,"mutable (single core, DPsizeOpt)",Execution Time,5,0.116,1
83aaa5e8dd69c9faf4d8680a9c73c0ef9f4cbc5d,2026-04-26,1,plan-enumerators,cardinality-agnostic,chain,"mutable (single core, DPsizeOpt)",Execution Time,5,0.109,2
83aaa5e8dd69c9faf4d8680a9c73c0ef9f4cbc5d,2026-04-26,1,plan-enumerators,cardinality-agnostic,chain,"mutable (single core, DPsizeOpt)",Execution Time,8,0.339,0
83aaa5e8dd69c9faf4d8680a9c73c0ef9f4cbc5d,2026-04-26,1,plan-enumerators,cardinality-agnostic,chain,"mutable (single core, DPsizeOpt)",Execution Time,8,0.28,1
83aaa5e8dd69c9faf4d8680a9c73c0ef9f4cbc5d,2026-04-26,1,plan-enumerators,cardinality-agnostic,chain,"mutable (single core, DPsizeOpt)",Execution Time,8,0.276,2
83aaa5e8dd69c9faf4d8680a9c73c0ef9f4cbc5d,2026-04-26,1,plan-enumerators,cardinality-agnostic,chain,"mutable (single core, DPsizeOpt)",Execution Time,10,1.027,0
83aaa5e8dd69c9faf4d8680a9c73c0ef9f4cbc5d,2026-04-26,1,plan-enumerators,cardinality-agnostic,chain,"mutable (single core, DPsizeOpt)",Execution Time,10,0.703,1
83aaa5e8dd69c9faf4d8680a9c73c0ef9f4cbc5d,2026-04-26,1,plan-enumerators,cardinality-agnostic,chain,"mutable (single core, DPsizeOpt)",Execution Time,10,0.706,2
83aaa5e8dd69c9faf4d8680a9c73c0ef9f4cbc5d,2026-04-26,1,plan-enumerators,cardinality-agnostic,chain,"mutable (single core, DPsizeOpt)",Execution Time,12,2.687,0
83aaa5e8dd69c9faf4d8680a9c73c0ef9f4cbc5d,2026-04-26,1,plan-enumerators,cardinality-agnostic,chain,"mutable (single core, DPsizeOpt)",Execution Time,12,2.762,1
83aaa5e8dd69c9faf4d8680a9c73c0ef9f4cbc5d,2026-04-26,1,plan-enumerators,cardinality-agnostic,chain,"mutable (single core, DPsizeOpt)",Execution Time,12,2.602,2
83aaa5e8dd69c9faf4d8680a9c73c0ef9f4cbc5d,2026-04-26,1,plan-enumerators,cardinality-agnostic,chain,"mutable (single core, DPsizeOpt)",Execution Time,15,29.435,0
83aaa5e8dd69c9faf4d8680a9c73c0ef9f4cbc5d,2026-04-26,1,plan-enumerators,cardinality-agnostic,chain,"mutable (single core, DPsizeOpt)",Execution Time,15,28.844,1
83aaa5e8dd69c9faf4d8680a9c73c0ef9f4cbc5d,2026-04-26,1,plan-enumerators,cardinality-agnostic,chain,"mutable (single core, DPsizeOpt)",Execution Time,15,29.024,2
83aaa5e8dd69c9faf4d8680a9c73c0ef9f4cbc5d,2026-04-26,1,plan-enumerators,cardinality-agnostic,chain,"mutable (single core, DPsizeOpt)",Execution Time,18,773.67,0
83aaa5e8dd69c9faf4d8680a9c73c0ef9f4cbc5d,2026-04-26,1,plan-enumerators,cardinality-agnostic,chain,"mutable (single core, DPsizeOpt)",Execution Time,18,770.748,1
83aaa5e8dd69c9faf4d8680a9c73c0ef9f4cbc5d,2026-04-26,1,plan-enumerators,cardinality-agnostic,chain,"mutable (single core, DPsizeOpt)",Execution Time,18,769.3,2
83aaa5e8dd69c9faf4d8680a9c73c0ef9f4cbc5d,2026-04-26,1,plan-enumerators,cardinality-agnostic,chain,"mutable (single core, DPsizeOpt)",Execution Time,20,3920.09,0
83aaa5e8dd69c9faf4d8680a9c73c0ef9f4cbc5d,2026-04-26,1,plan-enumerators,cardinality-agnostic,chain,"mutable (single core, DPsizeOpt)",Execution Time,20,3958.65,1
83aaa5e8dd69c9faf4d8680a9c73c0ef9f4cbc5d,2026-04-26,1,plan-enumerators,cardinality-agnostic,chain,"mutable (single core, DPsizeOpt)",Execution Time,20,4429.53,2
83aaa5e8dd69c9faf4d8680a9c73c0ef9f4cbc5d,2026-04-26,1,plan-enumerators,cardinality-agnostic,chain,"mutable (single core, DPsub)",Execution Time,2,0.167,0
83aaa5e8dd69c9faf4d8680a9c73c0ef9f4cbc5d,2026-04-26,1,plan-enumerators,cardinality-agnostic,chain,"mutable (single core, DPsub)",Execution Time,2,0.047,1
83aaa5e8dd69c9faf4d8680a9c73c0ef9f4cbc5d,2026-04-26,1,plan-enumerators,cardinality-agnostic,chain,"mutable (single core, DPsub)",Execution Time,2,0.043,2
83aaa5e8dd69c9faf4d8680a9c73c0ef9f4cbc5d,2026-04-26,1,plan-enumerators,cardinality-agnostic,chain,"mutable (single core, DPsub)",Execution Time,3,0.1,0
83aaa5e8dd69c9faf4d8680a9c73c0ef9f4cbc5d,2026-04-26,1,plan-enumerators,cardinality-agnostic,chain,"mutable (single core, DPsub)",Execution Time,3,0.067,1
83aaa5e8dd69c9faf4d8680a9c73c0ef9f4cbc5d,2026-04-26,1,plan-enumerators,cardinality-agnostic,chain,"mutable (single core, DPsub)",Execution Time,3,0.062,2
83aaa5e8dd69c9faf4d8680a9c73c0ef9f4cbc5d,2026-04-26,1,plan-enumerators,cardinality-agnostic,chain,"mutable (single core, DPsub)",Execution Time,4,0.091,0
83aaa5e8dd69c9faf4d8680a9c73c0ef9f4cbc5d,2026-04-26,1,plan-enumerators,cardinality-agnostic,chain,"mutable (single core, DPsub)",Execution Time,4,0.087,1
83aaa5e8dd69c9faf4d8680a9c73c0ef9f4cbc5d,2026-04-26,1,plan-enumerators,cardinality-agnostic,chain,"mutable (single core, DPsub)",Execution Time,4,0.08,2
83aaa5e8dd69c9faf4d8680a9c73c0ef9f4cbc5d,2026-04-26,1,plan-enumerators,cardinality-agnostic,chain,"mutable (single core, DPsub)",Execution Time,5,0.134,0
83aaa5e8dd69c9faf4d8680a9c73c0ef9f4cbc5d,2026-04-26,1,plan-enumerators,cardinality-agnostic,chain,"mutable (single core, DPsub)",Execution Time,5,0.11,1
83aaa5e8dd69c9faf4d8680a9c73c0ef9f4cbc5d,2026-04-26,1,plan-enumerators,cardinality-agnostic,chain,"mutable (single core, DPsub)",Execution Time,5,0.1,2
83aaa5e8dd69c9faf4d8680a9c73c0ef9f4cbc5d,2026-04-26,1,plan-enumerators,cardinality-agnostic,chain,"mutable (single core, DPsub)",Execution Time,8,0.314,0
83aaa5e8dd69c9faf4d8680a9c73c0ef9f4cbc5d,2026-04-26,1,plan-enumerators,cardinality-agnostic,chain,"mutable (single core, DPsub)",Execution Time,8,0.219,1
83aaa5e8dd69c9faf4d8680a9c73c0ef9f4cbc5d,2026-04-26,1,plan-enumerators,cardinality-agnostic,chain,"mutable (single core, DPsub)",Execution Time,8,0.224,2
83aaa5e8dd69c9faf4d8680a9c73c0ef9f4cbc5d,2026-04-26,1,plan-enumerators,cardinality-agnostic,chain,"mutable (single core, DPsub)",Execution Time,10,0.463,0
83aaa5e8dd69c9faf4d8680a9c73c0ef9f4cbc5d,2026-04-26,1,plan-enumerators,cardinality-agnostic,chain,"mutable (single core, DPsub)",Execution Time,10,0.37,1
83aaa5e8dd69c9faf4d8680a9c73c0ef9f4cbc5d,2026-04-26,1,plan-enumerators,cardinality-agnostic,chain,"mutable (single core, DPsub)",Execution Time,10,0.344,2
83aaa5e8dd69c9faf4d8680a9c73c0ef9f4cbc5d,2026-04-26,1,plan-enumerators,cardinality-agnostic,chain,"mutable (single core, DPsub)",Execution Time,12,0.602,0
83aaa5e8dd69c9faf4d8680a9c73c0ef9f4cbc5d,2026-04-26,1,plan-enumerators,cardinality-agnostic,chain,"mutable (single core, DPsub)",Execution Time,12,0.573,1
83aaa5e8dd69c9faf4d8680a9c73c0ef9f4cbc5d,2026-04-26,1,plan-enumerators,cardinality-agnostic,chain,"mutable (single core, DPsub)",Execution Time,12,0.775,2
83aaa5e8dd69c9faf4d8680a9c73c0ef9f4cbc5d,2026-04-26,1,plan-enumerators,cardinality-agnostic,chain,"mutable (single core, DPsub)",Execution Time,15,2.219,0
83aaa5e8dd69c9faf4d8680a9c73c0ef9f4cbc5d,2026-04-26,1,plan-enumerators,cardinality-agnostic,chain,"mutable (single core, DPsub)",Execution Time,15,2.018,1
83aaa5e8dd69c9faf4d8680a9c73c0ef9f4cbc5d,2026-04-26,1,plan-enumerators,cardinality-agnostic,chain,"mutable (single core, DPsub)",Execution Time,15,2.0,2
83aaa5e8dd69c9faf4d8680a9c73c0ef9f4cbc5d,2026-04-26,1,plan-enumerators,cardinality-agnostic,chain,"mutable (single core, DPsub)",Execution Time,18,29.54,0
83aaa5e8dd69c9faf4d8680a9c73c0ef9f4cbc5d,2026-04-26,1,plan-enumerators,cardinality-agnostic,chain,"mutable (single core, DPsub)",Execution Time,18,29.199,1
83aaa5e8dd69c9faf4d8680a9c73c0ef9f4cbc5d,2026-04-26,1,plan-enumerators,cardinality-agnostic,chain,"mutable (single core, DPsub)",Execution Time,18,29.992,2
83aaa5e8dd69c9faf4d8680a9c73c0ef9f4cbc5d,2026-04-26,1,plan-enumerators,cardinality-agnostic,chain,"mutable (single core, DPsub)",Execution Time,20,112.765,0
83aaa5e8dd69c9faf4d8680a9c73c0ef9f4cbc5d,2026-04-26,1,plan-enumerators,cardinality-agnostic,chain,"mutable (single core, DPsub)",Execution Time,20,113.837,1
83aaa5e8dd69c9faf4d8680a9c73c0ef9f4cbc5d,2026-04-26,1,plan-enumerators,cardinality-agnostic,chain,"mutable (single core, DPsub)",Execution Time,20,112.482,2
83aaa5e8dd69c9faf4d8680a9c73c0ef9f4cbc5d,2026-04-26,1,plan-enumerators,cardinality-agnostic,chain,"mutable (single core, DPsubOpt)",Execution Time,2,0.14,0
83aaa5e8dd69c9faf4d8680a9c73c0ef9f4cbc5d,2026-04-26,1,plan-enumerators,cardinality-agnostic,chain,"mutable (single core, DPsubOpt)",Execution Time,2,0.05,1
83aaa5e8dd69c9faf4d8680a9c73c0ef9f4cbc5d,2026-04-26,1,plan-enumerators,cardinality-agnostic,chain,"mutable (single core, DPsubOpt)",Execution Time,2,0.041,2
83aaa5e8dd69c9faf4d8680a9c73c0ef9f4cbc5d,2026-04-26,1,plan-enumerators,cardinality-agnostic,chain,"mutable (single core, DPsubOpt)",Execution Time,3,0.092,0
83aaa5e8dd69c9faf4d8680a9c73c0ef9f4cbc5d,2026-04-26,1,plan-enumerators,cardinality-agnostic,chain,"mutable (single core, DPsubOpt)",Execution Time,3,0.07,1
83aaa5e8dd69c9faf4d8680a9c73c0ef9f4cbc5d,2026-04-26,1,plan-enumerators,cardinality-agnostic,chain,"mutable (single core, DPsubOpt)",Execution Time,3,0.063,2
83aaa5e8dd69c9faf4d8680a9c73c0ef9f4cbc5d,2026-04-26,1,plan-enumerators,cardinality-agnostic,chain,"mutable (single core, DPsubOpt)",Execution Time,4,0.098,0
83aaa5e8dd69c9faf4d8680a9c73c0ef9f4cbc5d,2026-04-26,1,plan-enumerators,cardinality-agnostic,chain,"mutable (single core, DPsubOpt)",Execution Time,4,0.081,1
83aaa5e8dd69c9faf4d8680a9c73c0ef9f4cbc5d,2026-04-26,1,plan-enumerators,cardinality-agnostic,chain,"mutable (single core, DPsubOpt)",Execution Time,4,0.075,2
83aaa5e8dd69c9faf4d8680a9c73c0ef9f4cbc5d,2026-04-26,1,plan-enumerators,cardinality-agnostic,chain,"mutable (single core, DPsubOpt)",Execution Time,5,0.147,0
83aaa5e8dd69c9faf4d8680a9c73c0ef9f4cbc5d,2026-04-26,1,plan-enumerators,cardinality-agnostic,chain,"mutable (single core, DPsubOpt)",Execution Time,5,0.11,1
83aaa5e8dd69c9faf4d8680a9c73c0ef9f4cbc5d,2026-04-26,1,plan-enumerators,cardinality-agnostic,chain,"mutable (single core, DPsubOpt)",Execution Time,5,0.104,2
83aaa5e8dd69c9faf4d8680a9c73c0ef9f4cbc5d,2026-04-26,1,plan-enumerators,cardinality-agnostic,chain,"mutable (single core, DPsubOpt)",Execution Time,8,0.285,0
83aaa5e8dd69c9faf4d8680a9c73c0ef9f4cbc5d,2026-04-26,1,plan-enumerators,cardinality-agnostic,chain,"mutable (single core, DPsubOpt)",Execution Time,8,0.222,1
83aaa5e8dd69c9faf4d8680a9c73c0ef9f4cbc5d,2026-04-26,1,plan-enumerators,cardinality-agnostic,chain,"mutable (single core, DPsubOpt)",Execution Time,8,0.217,2
83aaa5e8dd69c9faf4d8680a9c73c0ef9f4cbc5d,2026-04-26,1,plan-enumerators,cardinality-agnostic,chain,"mutable (single core, DPsubOpt)",Execution Time,10,0.367,0
83aaa5e8dd69c9faf4d8680a9c73c0ef9f4cbc5d,2026-04-26,1,plan-enumerators,cardinality-agnostic,chain,"mutable (single core, DPsubOpt)",Execution Time,10,0.348,1
83aaa5e8dd69c9faf4d8680a9c73c0ef9f4cbc5d,2026-04-26,1,plan-enumerators,cardinality-agnostic,chain,"mutable (single core, DPsubOpt)",Execution Time,10,0.342,2
83aaa5e8dd69c9faf4d8680a9c73c0ef9f4cbc5d,2026-04-26,1,plan-enumerators,cardinality-agnostic,chain,"mutable (single core, DPsubOpt)",Execution Time,12,0.546,0
83aaa5e8dd69c9faf4d8680a9c73c0ef9f4cbc5d,2026-04-26,1,plan-enumerators,cardinality-agnostic,chain,"mutable (single core, DPsubOpt)",Execution Time,12,0.52,1
83aaa5e8dd69c9faf4d8680a9c73c0ef9f4cbc5d,2026-04-26,1,plan-enumerators,cardinality-agnostic,chain,"mutable (single core, DPsubOpt)",Execution Time,12,0.761,2
83aaa5e8dd69c9faf4d8680a9c73c0ef9f4cbc5d,2026-04-26,1,plan-enumerators,cardinality-agnostic,chain,"mutable (single core, DPsubOpt)",Execution Time,15,1.71,0
83aaa5e8dd69c9faf4d8680a9c73c0ef9f4cbc5d,2026-04-26,1,plan-enumerators,cardinality-agnostic,chain,"mutable (single core, DPsubOpt)",Execution Time,15,1.819,1
83aaa5e8dd69c9faf4d8680a9c73c0ef9f4cbc5d,2026-04-26,1,plan-enumerators,cardinality-agnostic,chain,"mutable (single core, DPsubOpt)",Execution Time,15,1.787,2
83aaa5e8dd69c9faf4d8680a9c73c0ef9f4cbc5d,2026-04-26,1,plan-enumerators,cardinality-agnostic,chain,"mutable (single core, DPsubOpt)",Execution Time,18,16.794,0
83aaa5e8dd69c9faf4d8680a9c73c0ef9f4cbc5d,2026-04-26,1,plan-enumerators,cardinality-agnostic,chain,"mutable (single core, DPsubOpt)",Execution Time,18,15.81,1
83aaa5e8dd69c9faf4d8680a9c73c0ef9f4cbc5d,2026-04-26,1,plan-enumerators,cardinality-agnostic,chain,"mutable (single core, DPsubOpt)",Execution Time,18,15.911,2
83aaa5e8dd69c9faf4d8680a9c73c0ef9f4cbc5d,2026-04-26,1,plan-enumerators,cardinality-agnostic,chain,"mutable (single core, DPsubOpt)",Execution Time,20,61.114,0
83aaa5e8dd69c9faf4d8680a9c73c0ef9f4cbc5d,2026-04-26,1,plan-enumerators,cardinality-agnostic,chain,"mutable (single core, DPsubOpt)",Execution Time,20,60.369,1
83aaa5e8dd69c9faf4d8680a9c73c0ef9f4cbc5d,2026-04-26,1,plan-enumerators,cardinality-agnostic,chain,"mutable (single core, DPsubOpt)",Execution Time,20,60.731,2
83aaa5e8dd69c9faf4d8680a9c73c0ef9f4cbc5d,2026-04-26,1,plan-enumerators,cardinality-agnostic,chain,"mutable (single core, DPsizeSub)",Execution Time,2,0.173,0
83aaa5e8dd69c9faf4d8680a9c73c0ef9f4cbc5d,2026-04-26,1,plan-enumerators,cardinality-agnostic,chain,"mutable (single core, DPsizeSub)",Execution Time,2,0.066,1
83aaa5e8dd69c9faf4d8680a9c73c0ef9f4cbc5d,2026-04-26,1,plan-enumerators,cardinality-agnostic,chain,"mutable (single core, DPsizeSub)",Execution Time,2,0.048,2
83aaa5e8dd69c9faf4d8680a9c73c0ef9f4cbc5d,2026-04-26,1,plan-enumerators,cardinality-agnostic,chain,"mutable (single core, DPsizeSub)",Execution Time,3,0.121,0
83aaa5e8dd69c9faf4d8680a9c73c0ef9f4cbc5d,2026-04-26,1,plan-enumerators,cardinality-agnostic,chain,"mutable (single core, DPsizeSub)",Execution Time,3,0.08,1
83aaa5e8dd69c9faf4d8680a9c73c0ef9f4cbc5d,2026-04-26,1,plan-enumerators,cardinality-agnostic,chain,"mutable (single core, DPsizeSub)",Execution Time,3,0.067,2
83aaa5e8dd69c9faf4d8680a9c73c0ef9f4cbc5d,2026-04-26,1,plan-enumerators,cardinality-agnostic,chain,"mutable (single core, DPsizeSub)",Execution Time,4,0.121,0
83aaa5e8dd69c9faf4d8680a9c73c0ef9f4cbc5d,2026-04-26,1,plan-enumerators,cardinality-agnostic,chain,"mutable (single core, DPsizeSub)",Execution Time,4,0.086,1
83aaa5e8dd69c9faf4d8680a9c73c0ef9f4cbc5d,2026-04-26,1,plan-enumerators,cardinality-agnostic,chain,"mutable (single core, DPsizeSub)",Execution Time,4,0.081,2
83aaa5e8dd69c9faf4d8680a9c73c0ef9f4cbc5d,2026-04-26,1,plan-enumerators,cardinality-agnostic,chain,"mutable (single core, DPsizeSub)",Execution Time,5,0.148,0
83aaa5e8dd69c9faf4d8680a9c73c0ef9f4cbc5d,2026-04-26,1,plan-enumerators,cardinality-agnostic,chain,"mutable (single core, DPsizeSub)",Execution Time,5,0.141,1
83aaa5e8dd69c9faf4d8680a9c73c0ef9f4cbc5d,2026-04-26,1,plan-enumerators,cardinality-agnostic,chain,"mutable (single core, DPsizeSub)",Execution Time,5,0.111,2
83aaa5e8dd69c9faf4d8680a9c73c0ef9f4cbc5d,2026-04-26,1,plan-enumerators,cardinality-agnostic,chain,"mutable (single core, DPsizeSub)",Execution Time,8,0.296,0
83aaa5e8dd69c9faf4d8680a9c73c0ef9f4cbc5d,2026-04-26,1,plan-enumerators,cardinality-agnostic,chain,"mutable (single core, DPsizeSub)",Execution Time,8,0.235,1
83aaa5e8dd69c9faf4d8680a9c73c0ef9f4cbc5d,2026-04-26,1,plan-enumerators,cardinality-agnostic,chain,"mutable (single core, DPsizeSub)",Execution Time,8,0.256,2
83aaa5e8dd69c9faf4d8680a9c73c0ef9f4cbc5d,2026-04-26,1,plan-enumerators,cardinality-agnostic,chain,"mutable (single core, DPsizeSub)",Execution Time,10,0.399,0
83aaa5e8dd69c9faf4d8680a9c73c0ef9f4cbc5d,2026-04-26,1,plan-enumerators,cardinality-agnostic,chain,"mutable (single core, DPsizeSub)",Execution Time,10,0.386,1
83aaa5e8dd69c9faf4d8680a9c73c0ef9f4cbc5d,2026-04-26,1,plan-enumerators,cardinality-agnostic,chain,"mutable (single core, DPsizeSub)",Execution Time,10,0.363,2
83aaa5e8dd69c9faf4d8680a9c73c0ef9f4cbc5d,2026-04-26,1,plan-enumerators,cardinality-agnostic,chain,"mutable (single core, DPsizeSub)",Execution Time,12,0.635,0
83aaa5e8dd69c9faf4d8680a9c73c0ef9f4cbc5d,2026-04-26,1,plan-enumerators,cardinality-agnostic,chain,"mutable (single core, DPsizeSub)",Execution Time,12,0.595,1
83aaa5e8dd69c9faf4d8680a9c73c0ef9f4cbc5d,2026-04-26,1,plan-enumerators,cardinality-agnostic,chain,"mutable (single core, DPsizeSub)",Execution Time,12,0.598,2
83aaa5e8dd69c9faf4d8680a9c73c0ef9f4cbc5d,2026-04-26,1,plan-enumerators,cardinality-agnostic,chain,"mutable (single core, DPsizeSub)",Execution Time,15,2.552,0
83aaa5e8dd69c9faf4d8680a9c73c0ef9f4cbc5d,2026-04-26,1,plan-enumerators,cardinality-agnostic,chain,"mutable (single core, DPsizeSub)",Execution Time,15,2.215,1
83aaa5e8dd69c9faf4d8680a9c73c0ef9f4cbc5d,2026-04-26,1,plan-enumerators,cardinality-agnostic,chain,"mutable (single core, DPsizeSub)",Execution Time,15,2.374,2
83aaa5e8dd69c9faf4d8680a9c73c0ef9f4cbc5d,2026-04-26,1,plan-enumerators,cardinality-agnostic,chain,"mutable (single core, DPsizeSub)",Execution Time,18,32.539,0
83aaa5e8dd69c9faf4d8680a9c73c0ef9f4cbc5d,2026-04-26,1,plan-enumerators,cardinality-agnostic,chain,"mutable (single core, DPsizeSub)",Execution Time,18,32.485,1
83aaa5e8dd69c9faf4d8680a9c73c0ef9f4cbc5d,2026-04-26,1,plan-enumerators,cardinality-agnostic,chain,"mutable (single core, DPsizeSub)",Execution Time,18,32.661,2
83aaa5e8dd69c9faf4d8680a9c73c0ef9f4cbc5d,2026-04-26,1,plan-enumerators,cardinality-agnostic,chain,"mutable (single core, DPsizeSub)",Execution Time,20,125.465,0
83aaa5e8dd69c9faf4d8680a9c73c0ef9f4cbc5d,2026-04-26,1,plan-enumerators,cardinality-agnostic,chain,"mutable (single core, DPsizeSub)",Execution Time,20,125.653,1
83aaa5e8dd69c9faf4d8680a9c73c0ef9f4cbc5d,2026-04-26,1,plan-enumerators,cardinality-agnostic,chain,"mutable (single core, DPsizeSub)",Execution Time,20,124.888,2
83aaa5e8dd69c9faf4d8680a9c73c0ef9f4cbc5d,2026-04-26,1,plan-enumerators,cardinality-agnostic,chain,"mutable (single core, TDbasic)",Execution Time,2,0.13,0
83aaa5e8dd69c9faf4d8680a9c73c0ef9f4cbc5d,2026-04-26,1,plan-enumerators,cardinality-agnostic,chain,"mutable (single core, TDbasic)",Execution Time,2,0.042,1
83aaa5e8dd69c9faf4d8680a9c73c0ef9f4cbc5d,2026-04-26,1,plan-enumerators,cardinality-agnostic,chain,"mutable (single core, TDbasic)",Execution Time,2,0.043,2
83aaa5e8dd69c9faf4d8680a9c73c0ef9f4cbc5d,2026-04-26,1,plan-enumerators,cardinality-agnostic,chain,"mutable (single core, TDbasic)",Execution Time,3,0.097,0
83aaa5e8dd69c9faf4d8680a9c73c0ef9f4cbc5d,2026-04-26,1,plan-enumerators,cardinality-agnostic,chain,"mutable (single core, TDbasic)",Execution Time,3,0.075,1
83aaa5e8dd69c9faf4d8680a9c73c0ef9f4cbc5d,2026-04-26,1,plan-enumerators,cardinality-agnostic,chain,"mutable (single core, TDbasic)",Execution Time,3,0.058,2
83aaa5e8dd69c9faf4d8680a9c73c0ef9f4cbc5d,2026-04-26,1,plan-enumerators,cardinality-agnostic,chain,"mutable (single core, TDbasic)",Execution Time,4,0.104,0
83aaa5e8dd69c9faf4d8680a9c73c0ef9f4cbc5d,2026-04-26,1,plan-enumerators,cardinality-agnostic,chain,"mutable (single core, TDbasic)",Execution Time,4,0.083,1
83aaa5e8dd69c9faf4d8680a9c73c0ef9f4cbc5d,2026-04-26,1,plan-enumerators,cardinality-agnostic,chain,"mutable (single core, TDbasic)",Execution Time,4,0.079,2
83aaa5e8dd69c9faf4d8680a9c73c0ef9f4cbc5d,2026-04-26,1,plan-enumerators,cardinality-agnostic,chain,"mutable (single core, TDbasic)",Execution Time,5,0.144,0
83aaa5e8dd69c9faf4d8680a9c73c0ef9f4cbc5d,2026-04-26,1,plan-enumerators,cardinality-agnostic,chain,"mutable (single core, TDbasic)",Execution Time,5,0.106,1
83aaa5e8dd69c9faf4d8680a9c73c0ef9f4cbc5d,2026-04-26,1,plan-enumerators,cardinality-agnostic,chain,"mutable (single core, TDbasic)",Execution Time,5,0.104,2
83aaa5e8dd69c9faf4d8680a9c73c0ef9f4cbc5d,2026-04-26,1,plan-enumerators,cardinality-agnostic,chain,"mutable (single core, TDbasic)",Execution Time,8,0.281,0
83aaa5e8dd69c9faf4d8680a9c73c0ef9f4cbc5d,2026-04-26,1,plan-enumerators,cardinality-agnostic,chain,"mutable (single core, TDbasic)",Execution Time,8,0.21,1
83aaa5e8dd69c9faf4d8680a9c73c0ef9f4cbc5d,2026-04-26,1,plan-enumerators,cardinality-agnostic,chain,"mutable (single core, TDbasic)",Execution Time,8,0.232,2
83aaa5e8dd69c9faf4d8680a9c73c0ef9f4cbc5d,2026-04-26,1,plan-enumerators,cardinality-agnostic,chain,"mutable (single core, TDbasic)",Execution Time,10,0.382,0
83aaa5e8dd69c9faf4d8680a9c73c0ef9f4cbc5d,2026-04-26,1,plan-enumerators,cardinality-agnostic,chain,"mutable (single core, TDbasic)",Execution Time,10,0.369,1
83aaa5e8dd69c9faf4d8680a9c73c0ef9f4cbc5d,2026-04-26,1,plan-enumerators,cardinality-agnostic,chain,"mutable (single core, TDbasic)",Execution Time,10,0.325,2
83aaa5e8dd69c9faf4d8680a9c73c0ef9f4cbc5d,2026-04-26,1,plan-enumerators,cardinality-agnostic,chain,"mutable (single core, TDbasic)",Execution Time,12,0.58,0
83aaa5e8dd69c9faf4d8680a9c73c0ef9f4cbc5d,2026-04-26,1,plan-enumerators,cardinality-agnostic,chain,"mutable (single core, TDbasic)",Execution Time,12,0.592,1
83aaa5e8dd69c9faf4d8680a9c73c0ef9f4cbc5d,2026-04-26,1,plan-enumerators,cardinality-agnostic,chain,"mutable (single core, TDbasic)",Execution Time,12,0.662,2
83aaa5e8dd69c9faf4d8680a9c73c0ef9f4cbc5d,2026-04-26,1,plan-enumerators,cardinality-agnostic,chain,"mutable (single core, TDbasic)",Execution Time,15,2.066,0
83aaa5e8dd69c9faf4d8680a9c73c0ef9f4cbc5d,2026-04-26,1,plan-enumerators,cardinality-agnostic,chain,"mutable (single core, TDbasic)",Execution Time,15,1.72,1
83aaa5e8dd69c9faf4d8680a9c73c0ef9f4cbc5d,2026-04-26,1,plan-enumerators,cardinality-agnostic,chain,"mutable (single core, TDbasic)",Execution Time,15,1.717,2
83aaa5e8dd69c9faf4d8680a9c73c0ef9f4cbc5d,2026-04-26,1,plan-enumerators,cardinality-agnostic,chain,"mutable (single core, TDbasic)",Execution Time,18,5.503,0
83aaa5e8dd69c9faf4d8680a9c73c0ef9f4cbc5d,2026-04-26,1,plan-enumerators,cardinality-agnostic,chain,"mutable (single core, TDbasic)",Execution Time,18,5.264,1
83aaa5e8dd69c9faf4d8680a9c73c0ef9f4cbc5d,2026-04-26,1,plan-enumerators,cardinality-agnostic,chain,"mutable (single core, TDbasic)",Execution Time,18,5.312,2
83aaa5e8dd69c9faf4d8680a9c73c0ef9f4cbc5d,2026-04-26,1,plan-enumerators,cardinality-agnostic,chain,"mutable (single core, TDbasic)",Execution Time,20,17.515,0
83aaa5e8dd69c9faf4d8680a9c73c0ef9f4cbc5d,2026-04-26,1,plan-enumerators,cardinality-agnostic,chain,"mutable (single core, TDbasic)",Execution Time,20,17.151,1
83aaa5e8dd69c9faf4d8680a9c73c0ef9f4cbc5d,2026-04-26,1,plan-enumerators,cardinality-agnostic,chain,"mutable (single core, TDbasic)",Execution Time,20,17.49,2
83aaa5e8dd69c9faf4d8680a9c73c0ef9f4cbc5d,2026-04-26,1,plan-enumerators,cardinality-agnostic,chain,"mutable (single core, TDMinCutAGaT)",Execution Time,2,1.007,0
83aaa5e8dd69c9faf4d8680a9c73c0ef9f4cbc5d,2026-04-26,1,plan-enumerators,cardinality-agnostic,chain,"mutable (single core, TDMinCutAGaT)",Execution Time,2,0.032,1
83aaa5e8dd69c9faf4d8680a9c73c0ef9f4cbc5d,2026-04-26,1,plan-enumerators,cardinality-agnostic,chain,"mutable (single core, TDMinCutAGaT)",Execution Time,2,0.041,2
83aaa5e8dd69c9faf4d8680a9c73c0ef9f4cbc5d,2026-04-26,1,plan-enumerators,cardinality-agnostic,chain,"mutable (single core, TDMinCutAGaT)",Execution Time,3,0.102,0
83aaa5e8dd69c9faf4d8680a9c73c0ef9f4cbc5d,2026-04-26,1,plan-enumerators,cardinality-agnostic,chain,"mutable (single core, TDMinCutAGaT)",Execution Time,3,0.059,1
83aaa5e8dd69c9faf4d8680a9c73c0ef9f4cbc5d,2026-04-26,1,plan-enumerators,cardinality-agnostic,chain,"mutable (single core, TDMinCutAGaT)",Execution Time,3,0.055,2
83aaa5e8dd69c9faf4d8680a9c73c0ef9f4cbc5d,2026-04-26,1,plan-enumerators,cardinality-agnostic,chain,"mutable (single core, TDMinCutAGaT)",Execution Time,4,0.096,0
83aaa5e8dd69c9faf4d8680a9c73c0ef9f4cbc5d,2026-04-26,1,plan-enumerators,cardinality-agnostic,chain,"mutable (single core, TDMinCutAGaT)",Execution Time,4,0.072,1
83aaa5e8dd69c9faf4d8680a9c73c0ef9f4cbc5d,2026-04-26,1,plan-enumerators,cardinality-agnostic,chain,"mutable (single core, TDMinCutAGaT)",Execution Time,4,0.073,2
83aaa5e8dd69c9faf4d8680a9c73c0ef9f4cbc5d,2026-04-26,1,plan-enumerators,cardinality-agnostic,chain,"mutable (single core, TDMinCutAGaT)",Execution Time,5,0.164,0
83aaa5e8dd69c9faf4d8680a9c73c0ef9f4cbc5d,2026-04-26,1,plan-enumerators,cardinality-agnostic,chain,"mutable (single core, TDMinCutAGaT)",Execution Time,5,0.104,1
83aaa5e8dd69c9faf4d8680a9c73c0ef9f4cbc5d,2026-04-26,1,plan-enumerators,cardinality-agnostic,chain,"mutable (single core, TDMinCutAGaT)",Execution Time,5,0.105,2
83aaa5e8dd69c9faf4d8680a9c73c0ef9f4cbc5d,2026-04-26,1,plan-enumerators,cardinality-agnostic,chain,"mutable (single core, TDMinCutAGaT)",Execution Time,8,0.284,0
83aaa5e8dd69c9faf4d8680a9c73c0ef9f4cbc5d,2026-04-26,1,plan-enumerators,cardinality-agnostic,chain,"mutable (single core, TDMinCutAGaT)",Execution Time,8,0.222,1
83aaa5e8dd69c9faf4d8680a9c73c0ef9f4cbc5d,2026-04-26,1,plan-enumerators,cardinality-agnostic,chain,"mutable (single core, TDMinCutAGaT)",Execution Time,8,0.229,2
83aaa5e8dd69c9faf4d8680a9c73c0ef9f4cbc5d,2026-04-26,1,plan-enumerators,cardinality-agnostic,chain,"mutable (single core, TDMinCutAGaT)",Execution Time,10,0.38,0
83aaa5e8dd69c9faf4d8680a9c73c0ef9f4cbc5d,2026-04-26,1,plan-enumerators,cardinality-agnostic,chain,"mutable (single core, TDMinCutAGaT)",Execution Time,10,0.344,1
83aaa5e8dd69c9faf4d8680a9c73c0ef9f4cbc5d,2026-04-26,1,plan-enumerators,cardinality-agnostic,chain,"mutable (single core, TDMinCutAGaT)",Execution Time,10,0.366,2
83aaa5e8dd69c9faf4d8680a9c73c0ef9f4cbc5d,2026-04-26,1,plan-enumerators,cardinality-agnostic,chain,"mutable (single core, TDMinCutAGaT)",Execution Time,12,0.568,0
83aaa5e8dd69c9faf4d8680a9c73c0ef9f4cbc5d,2026-04-26,1,plan-enumerators,cardinality-agnostic,chain,"mutable (single core, TDMinCutAGaT)",Execution Time,12,0.855,1
83aaa5e8dd69c9faf4d8680a9c73c0ef9f4cbc5d,2026-04-26,1,plan-enumerators,cardinality-agnostic,chain,"mutable (single core, TDMinCutAGaT)",Execution Time,12,0.516,2
83aaa5e8dd69c9faf4d8680a9c73c0ef9f4cbc5d,2026-04-26,1,plan-enumerators,cardinality-agnostic,chain,"mutable (single core, TDMinCutAGaT)",Execution Time,15,1.332,0
83aaa5e8dd69c9faf4d8680a9c73c0ef9f4cbc5d,2026-04-26,1,plan-enumerators,cardinality-agnostic,chain,"mutable (single core, TDMinCutAGaT)",Execution Time,15,1.317,1
83aaa5e8dd69c9faf4d8680a9c73c0ef9f4cbc5d,2026-04-26,1,plan-enumerators,cardinality-agnostic,chain,"mutable (single core, TDMinCutAGaT)",Execution Time,15,1.46,2
83aaa5e8dd69c9faf4d8680a9c73c0ef9f4cbc5d,2026-04-26,1,plan-enumerators,cardinality-agnostic,chain,"mutable (single core, TDMinCutAGaT)",Execution Time,18,1.485,0
83aaa5e8dd69c9faf4d8680a9c73c0ef9f4cbc5d,2026-04-26,1,plan-enumerators,cardinality-agnostic,chain,"mutable (single core, TDMinCutAGaT)",Execution Time,18,1.284,1
83aaa5e8dd69c9faf4d8680a9c73c0ef9f4cbc5d,2026-04-26,1,plan-enumerators,cardinality-agnostic,chain,"mutable (single core, TDMinCutAGaT)",Execution Time,18,1.252,2
83aaa5e8dd69c9faf4d8680a9c73c0ef9f4cbc5d,2026-04-26,1,plan-enumerators,cardinality-agnostic,chain,"mutable (single core, TDMinCutAGaT)",Execution Time,20,1.641,0
83aaa5e8dd69c9faf4d8680a9c73c0ef9f4cbc5d,2026-04-26,1,plan-enumerators,cardinality-agnostic,chain,"mutable (single core, TDMinCutAGaT)",Execution Time,20,1.635,1
83aaa5e8dd69c9faf4d8680a9c73c0ef9f4cbc5d,2026-04-26,1,plan-enumerators,cardinality-agnostic,chain,"mutable (single core, TDMinCutAGaT)",Execution Time,20,1.518,2
83aaa5e8dd69c9faf4d8680a9c73c0ef9f4cbc5d,2026-04-26,1,plan-enumerators,cardinality-agnostic,chain,"mutable (single core, TwoPhaseOptimizer)",Execution Time,2,8.025,0
83aaa5e8dd69c9faf4d8680a9c73c0ef9f4cbc5d,2026-04-26,1,plan-enumerators,cardinality-agnostic,chain,"mutable (single core, TwoPhaseOptimizer)",Execution Time,2,6.092,1
83aaa5e8dd69c9faf4d8680a9c73c0ef9f4cbc5d,2026-04-26,1,plan-enumerators,cardinality-agnostic,chain,"mutable (single core, TwoPhaseOptimizer)",Execution Time,2,6.206,2
83aaa5e8dd69c9faf4d8680a9c73c0ef9f4cbc5d,2026-04-26,1,plan-enumerators,cardinality-agnostic,chain,"mutable (single core, TwoPhaseOptimizer)",Execution Time,3,20.968,0
83aaa5e8dd69c9faf4d8680a9c73c0ef9f4cbc5d,2026-04-26,1,plan-enumerators,cardinality-agnostic,chain,"mutable (single core, TwoPhaseOptimizer)",Execution Time,3,15.675,1
83aaa5e8dd69c9faf4d8680a9c73c0ef9f4cbc5d,2026-04-26,1,plan-enumerators,cardinality-agnostic,chain,"mutable (single core, TwoPhaseOptimizer)",Execution Time,3,15.898,2
83aaa5e8dd69c9faf4d8680a9c73c0ef9f4cbc5d,2026-04-26,1,plan-enumerators,cardinality-agnostic,chain,"mutable (single core, TwoPhaseOptimizer)",Execution Time,4,26.835,0
83aaa5e8dd69c9faf4d8680a9c73c0ef9f4cbc5d,2026-04-26,1,plan-enumerators,cardinality-agnostic,chain,"mutable (single core, TwoPhaseOptimizer)",Execution Time,4,24.998,1
83aaa5e8dd69c9faf4d8680a9c73c0ef9f4cbc5d,2026-04-26,1,plan-enumerators,cardinality-agnostic,chain,"mutable (single core, TwoPhaseOptimizer)",Execution Time,4,25.102,2
83aaa5e8dd69c9faf4d8680a9c73c0ef9f4cbc5d,2026-04-26,1,plan-enumerators,cardinality-agnostic,chain,"mutable (single core, TwoPhaseOptimizer)",Execution Time,5,33.361,0
83aaa5e8dd69c9faf4d8680a9c73c0ef9f4cbc5d,2026-04-26,1,plan-enumerators,cardinality-agnostic,chain,"mutable (single core, TwoPhaseOptimizer)",Execution Time,5,31.952,1
83aaa5e8dd69c9faf4d8680a9c73c0ef9f4cbc5d,2026-04-26,1,plan-enumerators,cardinality-agnostic,chain,"mutable (single core, TwoPhaseOptimizer)",Execution Time,5,31.613,2
83aaa5e8dd69c9faf4d8680a9c73c0ef9f4cbc5d,2026-04-26,1,plan-enumerators,cardinality-agnostic,chain,"mutable (single core, TwoPhaseOptimizer)",Execution Time,8,65.964,0
83aaa5e8dd69c9faf4d8680a9c73c0ef9f4cbc5d,2026-04-26,1,plan-enumerators,cardinality-agnostic,chain,"mutable (single core, TwoPhaseOptimizer)",Execution Time,8,70.593,1
83aaa5e8dd69c9faf4d8680a9c73c0ef9f4cbc5d,2026-04-26,1,plan-enumerators,cardinality-agnostic,chain,"mutable (single core, TwoPhaseOptimizer)",Execution Time,8,63.718,2
83aaa5e8dd69c9faf4d8680a9c73c0ef9f4cbc5d,2026-04-26,1,plan-enumerators,cardinality-agnostic,chain,"mutable (single core, TwoPhaseOptimizer)",Execution Time,10,88.237,0
83aaa5e8dd69c9faf4d8680a9c73c0ef9f4cbc5d,2026-04-26,1,plan-enumerators,cardinality-agnostic,chain,"mutable (single core, TwoPhaseOptimizer)",Execution Time,10,87.951,1
83aaa5e8dd69c9faf4d8680a9c73c0ef9f4cbc5d,2026-04-26,1,plan-enumerators,cardinality-agnostic,chain,"mutable (single core, TwoPhaseOptimizer)",Execution Time,10,83.069,2
83aaa5e8dd69c9faf4d8680a9c73c0ef9f4cbc5d,2026-04-26,1,plan-enumerators,cardinality-agnostic,chain,"mutable (single core, TwoPhaseOptimizer)",Execution Time,12,112.19,0
83aaa5e8dd69c9faf4d8680a9c73c0ef9f4cbc5d,2026-04-26,1,plan-enumerators,cardinality-agnostic,chain,"mutable (single core, TwoPhaseOptimizer)",Execution Time,12,118.023,1
83aaa5e8dd69c9faf4d8680a9c73c0ef9f4cbc5d,2026-04-26,1,plan-enumerators,cardinality-agnostic,chain,"mutable (single core, TwoPhaseOptimizer)",Execution Time,12,109.155,2
83aaa5e8dd69c9faf4d8680a9c73c0ef9f4cbc5d,2026-04-26,1,plan-enumerators,cardinality-agnostic,chain,"mutable (single core, TwoPhaseOptimizer)",Execution Time,15,149.163,0
83aaa5e8dd69c9faf4d8680a9c73c0ef9f4cbc5d,2026-04-26,1,plan-enumerators,cardinality-agnostic,chain,"mutable (single core, TwoPhaseOptimizer)",Execution Time,15,158.563,1
83aaa5e8dd69c9faf4d8680a9c73c0ef9f4cbc5d,2026-04-26,1,plan-enumerators,cardinality-agnostic,chain,"mutable (single core, TwoPhaseOptimizer)",Execution Time,15,148.319,2
83aaa5e8dd69c9faf4d8680a9c73c0ef9f4cbc5d,2026-04-26,1,plan-enumerators,cardinality-agnostic,chain,"mutable (single core, TwoPhaseOptimizer)",Execution Time,18,208.024,0
83aaa5e8dd69c9faf4d8680a9c73c0ef9f4cbc5d,2026-04-26,1,plan-enumerators,cardinality-agnostic,chain,"mutable (single core, TwoPhaseOptimizer)",Execution Time,18,199.993,1
83aaa5e8dd69c9faf4d8680a9c73c0ef9f4cbc5d,2026-04-26,1,plan-enumerators,cardinality-agnostic,chain,"mutable (single core, TwoPhaseOptimizer)",Execution Time,18,198.46,2
83aaa5e8dd69c9faf4d8680a9c73c0ef9f4cbc5d,2026-04-26,1,plan-enumerators,cardinality-agnostic,chain,"mutable (single core, TwoPhaseOptimizer)",Execution Time,20,278.852,0
83aaa5e8dd69c9faf4d8680a9c73c0ef9f4cbc5d,2026-04-26,1,plan-enumerators,cardinality-agnostic,chain,"mutable (single core, TwoPhaseOptimizer)",Execution Time,20,234.385,1
83aaa5e8dd69c9faf4d8680a9c73c0ef9f4cbc5d,2026-04-26,1,plan-enumerators,cardinality-agnostic,chain,"mutable (single core, TwoPhaseOptimizer)",Execution Time,20,238.742,2
83aaa5e8dd69c9faf4d8680a9c73c0ef9f4cbc5d,2026-04-26,1,plan-enumerators,cardinality-agnostic,clique,"mutable (single core, DPccp)",Execution Time,2,0.15,0
83aaa5e8dd69c9faf4d8680a9c73c0ef9f4cbc5d,2026-04-26,1,plan-enumerators,cardinality-agnostic,clique,"mutable (single core, DPccp)",Execution Time,2,0.055,1
83aaa5e8dd69c9faf4d8680a9c73c0ef9f4cbc5d,2026-04-26,1,plan-enumerators,cardinality-agnostic,clique,"mutable (single core, DPccp)",Execution Time,2,0.048,2
83aaa5e8dd69c9faf4d8680a9c73c0ef9f4cbc5d,2026-04-26,1,plan-enumerators,cardinality-agnostic,clique,"mutable (single core, DPccp)",Execution Time,3,0.118,0
83aaa5e8dd69c9faf4d8680a9c73c0ef9f4cbc5d,2026-04-26,1,plan-enumerators,cardinality-agnostic,clique,"mutable (single core, DPccp)",Execution Time,3,0.086,1
83aaa5e8dd69c9faf4d8680a9c73c0ef9f4cbc5d,2026-04-26,1,plan-enumerators,cardinality-agnostic,clique,"mutable (single core, DPccp)",Execution Time,3,0.075,2
83aaa5e8dd69c9faf4d8680a9c73c0ef9f4cbc5d,2026-04-26,1,plan-enumerators,cardinality-agnostic,clique,"mutable (single core, DPccp)",Execution Time,4,0.137,0
83aaa5e8dd69c9faf4d8680a9c73c0ef9f4cbc5d,2026-04-26,1,plan-enumerators,cardinality-agnostic,clique,"mutable (single core, DPccp)",Execution Time,4,0.154,1
83aaa5e8dd69c9faf4d8680a9c73c0ef9f4cbc5d,2026-04-26,1,plan-enumerators,cardinality-agnostic,clique,"mutable (single core, DPccp)",Execution Time,4,0.114,2
83aaa5e8dd69c9faf4d8680a9c73c0ef9f4cbc5d,2026-04-26,1,plan-enumerators,cardinality-agnostic,clique,"mutable (single core, DPccp)",Execution Time,5,0.238,0
83aaa5e8dd69c9faf4d8680a9c73c0ef9f4cbc5d,2026-04-26,1,plan-enumerators,cardinality-agnostic,clique,"mutable (single core, DPccp)",Execution Time,5,0.201,1
83aaa5e8dd69c9faf4d8680a9c73c0ef9f4cbc5d,2026-04-26,1,plan-enumerators,cardinality-agnostic,clique,"mutable (single core, DPccp)",Execution Time,5,0.223,2
83aaa5e8dd69c9faf4d8680a9c73c0ef9f4cbc5d,2026-04-26,1,plan-enumerators,cardinality-agnostic,clique,"mutable (single core, DPccp)",Execution Time,8,1.574,0
83aaa5e8dd69c9faf4d8680a9c73c0ef9f4cbc5d,2026-04-26,1,plan-enumerators,cardinality-agnostic,clique,"mutable (single core, DPccp)",Execution Time,8,1.418,1
83aaa5e8dd69c9faf4d8680a9c73c0ef9f4cbc5d,2026-04-26,1,plan-enumerators,cardinality-agnostic,clique,"mutable (single core, DPccp)",Execution Time,8,1.276,2
83aaa5e8dd69c9faf4d8680a9c73c0ef9f4cbc5d,2026-04-26,1,plan-enumerators,cardinality-agnostic,clique,"mutable (single core, DPccp)",Execution Time,10,7.615,0
83aaa5e8dd69c9faf4d8680a9c73c0ef9f4cbc5d,2026-04-26,1,plan-enumerators,cardinality-agnostic,clique,"mutable (single core, DPccp)",Execution Time,10,7.457,1
83aaa5e8dd69c9faf4d8680a9c73c0ef9f4cbc5d,2026-04-26,1,plan-enumerators,cardinality-agnostic,clique,"mutable (single core, DPccp)",Execution Time,10,7.553,2
83aaa5e8dd69c9faf4d8680a9c73c0ef9f4cbc5d,2026-04-26,1,plan-enumerators,cardinality-agnostic,clique,"mutable (single core, DPccp)",Execution Time,12,54.316,0
83aaa5e8dd69c9faf4d8680a9c73c0ef9f4cbc5d,2026-04-26,1,plan-enumerators,cardinality-agnostic,clique,"mutable (single core, DPccp)",Execution Time,12,54.38,1
83aaa5e8dd69c9faf4d8680a9c73c0ef9f4cbc5d,2026-04-26,1,plan-enumerators,cardinality-agnostic,clique,"mutable (single core, DPccp)",Execution Time,12,54.33,2
83aaa5e8dd69c9faf4d8680a9c73c0ef9f4cbc5d,2026-04-26,1,plan-enumerators,cardinality-agnostic,clique,"mutable (single core, DPsizeOpt)",Execution Time,2,0.133,0
83aaa5e8dd69c9faf4d8680a9c73c0ef9f4cbc5d,2026-04-26,1,plan-enumerators,cardinality-agnostic,clique,"mutable (single core, DPsizeOpt)",Execution Time,2,0.04,1
83aaa5e8dd69c9faf4d8680a9c73c0ef9f4cbc5d,2026-04-26,1,plan-enumerators,cardinality-agnostic,clique,"mutable (single core, DPsizeOpt)",Execution Time,2,0.039,2
83aaa5e8dd69c9faf4d8680a9c73c0ef9f4cbc5d,2026-04-26,1,plan-enumerators,cardinality-agnostic,clique,"mutable (single core, DPsizeOpt)",Execution Time,3,0.105,0
83aaa5e8dd69c9faf4d8680a9c73c0ef9f4cbc5d,2026-04-26,1,plan-enumerators,cardinality-agnostic,clique,"mutable (single core, DPsizeOpt)",Execution Time,3,0.067,1
83aaa5e8dd69c9faf4d8680a9c73c0ef9f4cbc5d,2026-04-26,1,plan-enumerators,cardinality-agnostic,clique,"mutable (single core, DPsizeOpt)",Execution Time,3,0.065,2
83aaa5e8dd69c9faf4d8680a9c73c0ef9f4cbc5d,2026-04-26,1,plan-enumerators,cardinality-agnostic,clique,"mutable (single core, DPsizeOpt)",Execution Time,4,0.114,0
83aaa5e8dd69c9faf4d8680a9c73c0ef9f4cbc5d,2026-04-26,1,plan-enumerators,cardinality-agnostic,clique,"mutable (single core, DPsizeOpt)",Execution Time,4,0.09,1
83aaa5e8dd69c9faf4d8680a9c73c0ef9f4cbc5d,2026-04-26,1,plan-enumerators,cardinality-agnostic,clique,"mutable (single core, DPsizeOpt)",Execution Time,4,0.092,2
83aaa5e8dd69c9faf4d8680a9c73c0ef9f4cbc5d,2026-04-26,1,plan-enumerators,cardinality-agnostic,clique,"mutable (single core, DPsizeOpt)",Execution Time,5,0.193,0
83aaa5e8dd69c9faf4d8680a9c73c0ef9f4cbc5d,2026-04-26,1,plan-enumerators,cardinality-agnostic,clique,"mutable (single core, DPsizeOpt)",Execution Time,5,0.142,1
83aaa5e8dd69c9faf4d8680a9c73c0ef9f4cbc5d,2026-04-26,1,plan-enumerators,cardinality-agnostic,clique,"mutable (single core, DPsizeOpt)",Execution Time,5,0.149,2
83aaa5e8dd69c9faf4d8680a9c73c0ef9f4cbc5d,2026-04-26,1,plan-enumerators,cardinality-agnostic,clique,"mutable (single core, DPsizeOpt)",Execution Time,8,0.964,0
83aaa5e8dd69c9faf4d8680a9c73c0ef9f4cbc5d,2026-04-26,1,plan-enumerators,cardinality-agnostic,clique,"mutable (single core, DPsizeOpt)",Execution Time,8,0.773,1
83aaa5e8dd69c9faf4d8680a9c73c0ef9f4cbc5d,2026-04-26,1,plan-enumerators,cardinality-agnostic,clique,"mutable (single core, DPsizeOpt)",Execution Time,8,0.754,2
83aaa5e8dd69c9faf4d8680a9c73c0ef9f4cbc5d,2026-04-26,1,plan-enumerators,cardinality-agnostic,clique,"mutable (single core, DPsizeOpt)",Execution Time,10,6.157,0
83aaa5e8dd69c9faf4d8680a9c73c0ef9f4cbc5d,2026-04-26,1,plan-enumerators,cardinality-agnostic,clique,"mutable (single core, DPsizeOpt)",Execution Time,10,5.891,1
83aaa5e8dd69c9faf4d8680a9c73c0ef9f4cbc5d,2026-04-26,1,plan-enumerators,cardinality-agnostic,clique,"mutable (single core, DPsizeOpt)",Execution Time,10,6.145,2
83aaa5e8dd69c9faf4d8680a9c73c0ef9f4cbc5d,2026-04-26,1,plan-enumerators,cardinality-agnostic,clique,"mutable (single core, DPsizeOpt)",Execution Time,12,72.809,0
83aaa5e8dd69c9faf4d8680a9c73c0ef9f4cbc5d,2026-04-26,1,plan-enumerators,cardinality-agnostic,clique,"mutable (single core, DPsizeOpt)",Execution Time,12,73.013,1
83aaa5e8dd69c9faf4d8680a9c73c0ef9f4cbc5d,2026-04-26,1,plan-enumerators,cardinality-agnostic,clique,"mutable (single core, DPsizeOpt)",Execution Time,12,72.801,2
83aaa5e8dd69c9faf4d8680a9c73c0ef9f4cbc5d,2026-04-26,1,plan-enumerators,cardinality-agnostic,clique,"mutable (single core, DPsub)",Execution Time,2,0.132,0
83aaa5e8dd69c9faf4d8680a9c73c0ef9f4cbc5d,2026-04-26,1,plan-enumerators,cardinality-agnostic,clique,"mutable (single core, DPsub)",Execution Time,2,0.044,1
83aaa5e8dd69c9faf4d8680a9c73c0ef9f4cbc5d,2026-04-26,1,plan-enumerators,cardinality-agnostic,clique,"mutable (single core, DPsub)",Execution Time,2,0.047,2
83aaa5e8dd69c9faf4d8680a9c73c0ef9f4cbc5d,2026-04-26,1,plan-enumerators,cardinality-agnostic,clique,"mutable (single core, DPsub)",Execution Time,3,0.102,0
83aaa5e8dd69c9faf4d8680a9c73c0ef9f4cbc5d,2026-04-26,1,plan-enumerators,cardinality-agnostic,clique,"mutable (single core, DPsub)",Execution Time,3,0.066,1
83aaa5e8dd69c9faf4d8680a9c73c0ef9f4cbc5d,2026-04-26,1,plan-enumerators,cardinality-agnostic,clique,"mutable (single core, DPsub)",Execution Time,3,0.068,2
83aaa5e8dd69c9faf4d8680a9c73c0ef9f4cbc5d,2026-04-26,1,plan-enumerators,cardinality-agnostic,clique,"mutable (single core, DPsub)",Execution Time,4,0.114,0
83aaa5e8dd69c9faf4d8680a9c73c0ef9f4cbc5d,2026-04-26,1,plan-enumerators,cardinality-agnostic,clique,"mutable (single core, DPsub)",Execution Time,4,0.095,1
83aaa5e8dd69c9faf4d8680a9c73c0ef9f4cbc5d,2026-04-26,1,plan-enumerators,cardinality-agnostic,clique,"mutable (single core, DPsub)",Execution Time,4,0.114,2
83aaa5e8dd69c9faf4d8680a9c73c0ef9f4cbc5d,2026-04-26,1,plan-enumerators,cardinality-agnostic,clique,"mutable (single core, DPsub)",Execution Time,5,0.192,0
83aaa5e8dd69c9faf4d8680a9c73c0ef9f4cbc5d,2026-04-26,1,plan-enumerators,cardinality-agnostic,clique,"mutable (single core, DPsub)",Execution Time,5,0.149,1
83aaa5e8dd69c9faf4d8680a9c73c0ef9f4cbc5d,2026-04-26,1,plan-enumerators,cardinality-agnostic,clique,"mutable (single core, DPsub)",Execution Time,5,0.153,2
83aaa5e8dd69c9faf4d8680a9c73c0ef9f4cbc5d,2026-04-26,1,plan-enumerators,cardinality-agnostic,clique,"mutable (single core, DPsub)",Execution Time,8,0.751,0
83aaa5e8dd69c9faf4d8680a9c73c0ef9f4cbc5d,2026-04-26,1,plan-enumerators,cardinality-agnostic,clique,"mutable (single core, DPsub)",Execution Time,8,0.696,1
83aaa5e8dd69c9faf4d8680a9c73c0ef9f4cbc5d,2026-04-26,1,plan-enumerators,cardinality-agnostic,clique,"mutable (single core, DPsub)",Execution Time,8,0.752,2
83aaa5e8dd69c9faf4d8680a9c73c0ef9f4cbc5d,2026-04-26,1,plan-enumerators,cardinality-agnostic,clique,"mutable (single core, DPsub)",Execution Time,10,3.949,0
83aaa5e8dd69c9faf4d8680a9c73c0ef9f4cbc5d,2026-04-26,1,plan-enumerators,cardinality-agnostic,clique,"mutable (single core, DPsub)",Execution Time,10,4.028,1
83aaa5e8dd69c9faf4d8680a9c73c0ef9f4cbc5d,2026-04-26,1,plan-enumerators,cardinality-agnostic,clique,"mutable (single core, DPsub)",Execution Time,10,3.891,2
83aaa5e8dd69c9faf4d8680a9c73c0ef9f4cbc5d,2026-04-26,1,plan-enumerators,cardinality-agnostic,clique,"mutable (single core, DPsub)",Execution Time,12,31.452,0
83aaa5e8dd69c9faf4d8680a9c73c0ef9f4cbc5d,2026-04-26,1,plan-enumerators,cardinality-agnostic,clique,"mutable (single core, DPsub)",Execution Time,12,31.412,1
83aaa5e8dd69c9faf4d8680a9c73c0ef9f4cbc5d,2026-04-26,1,plan-enumerators,cardinality-agnostic,clique,"mutable (single core, DPsub)",Execution Time,12,31.445,2
83aaa5e8dd69c9faf4d8680a9c73c0ef9f4cbc5d,2026-04-26,1,plan-enumerators,cardinality-agnostic,clique,"mutable (single core, DPsubOpt)",Execution Time,2,0.125,0
83aaa5e8dd69c9faf4d8680a9c73c0ef9f4cbc5d,2026-04-26,1,plan-enumerators,cardinality-agnostic,clique,"mutable (single core, DPsubOpt)",Execution Time,2,0.038,1
83aaa5e8dd69c9faf4d8680a9c73c0ef9f4cbc5d,2026-04-26,1,plan-enumerators,cardinality-agnostic,clique,"mutable (single core, DPsubOpt)",Execution Time,2,0.039,2
83aaa5e8dd69c9faf4d8680a9c73c0ef9f4cbc5d,2026-04-26,1,plan-enumerators,cardinality-agnostic,clique,"mutable (single core, DPsubOpt)",Execution Time,3,0.081,0
83aaa5e8dd69c9faf4d8680a9c73c0ef9f4cbc5d,2026-04-26,1,plan-enumerators,cardinality-agnostic,clique,"mutable (single core, DPsubOpt)",Execution Time,3,0.063,1
83aaa5e8dd69c9faf4d8680a9c73c0ef9f4cbc5d,2026-04-26,1,plan-enumerators,cardinality-agnostic,clique,"mutable (single core, DPsubOpt)",Execution Time,3,0.057,2
83aaa5e8dd69c9faf4d8680a9c73c0ef9f4cbc5d,2026-04-26,1,plan-enumerators,cardinality-agnostic,clique,"mutable (single core, DPsubOpt)",Execution Time,4,0.119,0
83aaa5e8dd69c9faf4d8680a9c73c0ef9f4cbc5d,2026-04-26,1,plan-enumerators,cardinality-agnostic,clique,"mutable (single core, DPsubOpt)",Execution Time,4,0.095,1
83aaa5e8dd69c9faf4d8680a9c73c0ef9f4cbc5d,2026-04-26,1,plan-enumerators,cardinality-agnostic,clique,"mutable (single core, DPsubOpt)",Execution Time,4,0.101,2
83aaa5e8dd69c9faf4d8680a9c73c0ef9f4cbc5d,2026-04-26,1,plan-enumerators,cardinality-agnostic,clique,"mutable (single core, DPsubOpt)",Execution Time,5,0.161,0
83aaa5e8dd69c9faf4d8680a9c73c0ef9f4cbc5d,2026-04-26,1,plan-enumerators,cardinality-agnostic,clique,"mutable (single core, DPsubOpt)",Execution Time,5,0.134,1
83aaa5e8dd69c9faf4d8680a9c73c0ef9f4cbc5d,2026-04-26,1,plan-enumerators,cardinality-agnostic,clique,"mutable (single core, DPsubOpt)",Execution Time,5,0.21,2
83aaa5e8dd69c9faf4d8680a9c73c0ef9f4cbc5d,2026-04-26,1,plan-enumerators,cardinality-agnostic,clique,"mutable (single core, DPsubOpt)",Execution Time,8,0.589,0
83aaa5e8dd69c9faf4d8680a9c73c0ef9f4cbc5d,2026-04-26,1,plan-enumerators,cardinality-agnostic,clique,"mutable (single core, DPsubOpt)",Execution Time,8,0.507,1
83aaa5e8dd69c9faf4d8680a9c73c0ef9f4cbc5d,2026-04-26,1,plan-enumerators,cardinality-agnostic,clique,"mutable (single core, DPsubOpt)",Execution Time,8,0.541,2
83aaa5e8dd69c9faf4d8680a9c73c0ef9f4cbc5d,2026-04-26,1,plan-enumerators,cardinality-agnostic,clique,"mutable (single core, DPsubOpt)",Execution Time,10,2.362,0
83aaa5e8dd69c9faf4d8680a9c73c0ef9f4cbc5d,2026-04-26,1,plan-enumerators,cardinality-agnostic,clique,"mutable (single core, DPsubOpt)",Execution Time,10,2.262,1
83aaa5e8dd69c9faf4d8680a9c73c0ef9f4cbc5d,2026-04-26,1,plan-enumerators,cardinality-agnostic,clique,"mutable (single core, DPsubOpt)",Execution Time,10,2.26,2
83aaa5e8dd69c9faf4d8680a9c73c0ef9f4cbc5d,2026-04-26,1,plan-enumerators,cardinality-agnostic,clique,"mutable (single core, DPsubOpt)",Execution Time,12,16.612,0
83aaa5e8dd69c9faf4d8680a9c73c0ef9f4cbc5d,2026-04-26,1,plan-enumerators,cardinality-agnostic,clique,"mutable (single core, DPsubOpt)",Execution Time,12,16.643,1
83aaa5e8dd69c9faf4d8680a9c73c0ef9f4cbc5d,2026-04-26,1,plan-enumerators,cardinality-agnostic,clique,"mutable (single core, DPsubOpt)",Execution Time,12,16.478,2
83aaa5e8dd69c9faf4d8680a9c73c0ef9f4cbc5d,2026-04-26,1,plan-enumerators,cardinality-agnostic,clique,"mutable (single core, DPsizeSub)",Execution Time,2,0.128,0
83aaa5e8dd69c9faf4d8680a9c73c0ef9f4cbc5d,2026-04-26,1,plan-enumerators,cardinality-agnostic,clique,"mutable (single core, DPsizeSub)",Execution Time,2,0.04,1
83aaa5e8dd69c9faf4d8680a9c73c0ef9f4cbc5d,2026-04-26,1,plan-enumerators,cardinality-agnostic,clique,"mutable (single core, DPsizeSub)",Execution Time,2,0.042,2
83aaa5e8dd69c9faf4d8680a9c73c0ef9f4cbc5d,2026-04-26,1,plan-enumerators,cardinality-agnostic,clique,"mutable (single core, DPsizeSub)",Execution Time,3,0.095,0
83aaa5e8dd69c9faf4d8680a9c73c0ef9f4cbc5d,2026-04-26,1,plan-enumerators,cardinality-agnostic,clique,"mutable (single core, DPsizeSub)",Execution Time,3,0.058,1
83aaa5e8dd69c9faf4d8680a9c73c0ef9f4cbc5d,2026-04-26,1,plan-enumerators,cardinality-agnostic,clique,"mutable (single core, DPsizeSub)",Execution Time,3,0.058,2
83aaa5e8dd69c9faf4d8680a9c73c0ef9f4cbc5d,2026-04-26,1,plan-enumerators,cardinality-agnostic,clique,"mutable (single core, DPsizeSub)",Execution Time,4,0.116,0
83aaa5e8dd69c9faf4d8680a9c73c0ef9f4cbc5d,2026-04-26,1,plan-enumerators,cardinality-agnostic,clique,"mutable (single core, DPsizeSub)",Execution Time,4,0.095,1
83aaa5e8dd69c9faf4d8680a9c73c0ef9f4cbc5d,2026-04-26,1,plan-enumerators,cardinality-agnostic,clique,"mutable (single core, DPsizeSub)",Execution Time,4,0.09,2
83aaa5e8dd69c9faf4d8680a9c73c0ef9f4cbc5d,2026-04-26,1,plan-enumerators,cardinality-agnostic,clique,"mutable (single core, DPsizeSub)",Execution Time,5,0.17,0
83aaa5e8dd69c9faf4d8680a9c73c0ef9f4cbc5d,2026-04-26,1,plan-enumerators,cardinality-agnostic,clique,"mutable (single core, DPsizeSub)",Execution Time,5,0.138,1
83aaa5e8dd69c9faf4d8680a9c73c0ef9f4cbc5d,2026-04-26,1,plan-enumerators,cardinality-agnostic,clique,"mutable (single core, DPsizeSub)",Execution Time,5,0.139,2
83aaa5e8dd69c9faf4d8680a9c73c0ef9f4cbc5d,2026-04-26,1,plan-enumerators,cardinality-agnostic,clique,"mutable (single core, DPsizeSub)",Execution Time,8,0.735,0
83aaa5e8dd69c9faf4d8680a9c73c0ef9f4cbc5d,2026-04-26,1,plan-enumerators,cardinality-agnostic,clique,"mutable (single core, DPsizeSub)",Execution Time,8,0.695,1
83aaa5e8dd69c9faf4d8680a9c73c0ef9f4cbc5d,2026-04-26,1,plan-enumerators,cardinality-agnostic,clique,"mutable (single core, DPsizeSub)",Execution Time,8,0.676,2
83aaa5e8dd69c9faf4d8680a9c73c0ef9f4cbc5d,2026-04-26,1,plan-enumerators,cardinality-agnostic,clique,"mutable (single core, DPsizeSub)",Execution Time,10,4.073,0
83aaa5e8dd69c9faf4d8680a9c73c0ef9f4cbc5d,2026-04-26,1,plan-enumerators,cardinality-agnostic,clique,"mutable (single core, DPsizeSub)",Execution Time,10,4.136,1
83aaa5e8dd69c9faf4d8680a9c73c0ef9f4cbc5d,2026-04-26,1,plan-enumerators,cardinality-agnostic,clique,"mutable (single core, DPsizeSub)",Execution Time,10,3.832,2
83aaa5e8dd69c9faf4d8680a9c73c0ef9f4cbc5d,2026-04-26,1,plan-enumerators,cardinality-agnostic,clique,"mutable (single core, DPsizeSub)",Execution Time,12,31.51,0
83aaa5e8dd69c9faf4d8680a9c73c0ef9f4cbc5d,2026-04-26,1,plan-enumerators,cardinality-agnostic,clique,"mutable (single core, DPsizeSub)",Execution Time,12,31.33,1
83aaa5e8dd69c9faf4d8680a9c73c0ef9f4cbc5d,2026-04-26,1,plan-enumerators,cardinality-agnostic,clique,"mutable (single core, DPsizeSub)",Execution Time,12,31.369,2
83aaa5e8dd69c9faf4d8680a9c73c0ef9f4cbc5d,2026-04-26,1,plan-enumerators,cardinality-agnostic,clique,"mutable (single core, TDbasic)",Execution Time,2,0.13,0
83aaa5e8dd69c9faf4d8680a9c73c0ef9f4cbc5d,2026-04-26,1,plan-enumerators,cardinality-agnostic,clique,"mutable (single core, TDbasic)",Execution Time,2,0.042,1
83aaa5e8dd69c9faf4d8680a9c73c0ef9f4cbc5d,2026-04-26,1,plan-enumerators,cardinality-agnostic,clique,"mutable (single core, TDbasic)",Execution Time,2,0.037,2
83aaa5e8dd69c9faf4d8680a9c73c0ef9f4cbc5d,2026-04-26,1,plan-enumerators,cardinality-agnostic,clique,"mutable (single core, TDbasic)",Execution Time,3,0.166,0
83aaa5e8dd69c9faf4d8680a9c73c0ef9f4cbc5d,2026-04-26,1,plan-enumerators,cardinality-agnostic,clique,"mutable (single core, TDbasic)",Execution Time,3,0.08,1
83aaa5e8dd69c9faf4d8680a9c73c0ef9f4cbc5d,2026-04-26,1,plan-enumerators,cardinality-agnostic,clique,"mutable (single core, TDbasic)",Execution Time,3,0.06,2
83aaa5e8dd69c9faf4d8680a9c73c0ef9f4cbc5d,2026-04-26,1,plan-enumerators,cardinality-agnostic,clique,"mutable (single core, TDbasic)",Execution Time,4,0.127,0
83aaa5e8dd69c9faf4d8680a9c73c0ef9f4cbc5d,2026-04-26,1,plan-enumerators,cardinality-agnostic,clique,"mutable (single core, TDbasic)",Execution Time,4,0.092,1
83aaa5e8dd69c9faf4d8680a9c73c0ef9f4cbc5d,2026-04-26,1,plan-enumerators,cardinality-agnostic,clique,"mutable (single core, TDbasic)",Execution Time,4,0.086,2
83aaa5e8dd69c9faf4d8680a9c73c0ef9f4cbc5d,2026-04-26,1,plan-enumerators,cardinality-agnostic,clique,"mutable (single core, TDbasic)",Execution Time,5,0.193,0
83aaa5e8dd69c9faf4d8680a9c73c0ef9f4cbc5d,2026-04-26,1,plan-enumerators,cardinality-agnostic,clique,"mutable (single core, TDbasic)",Execution Time,5,0.152,1
83aaa5e8dd69c9faf4d8680a9c73c0ef9f4cbc5d,2026-04-26,1,plan-enumerators,cardinality-agnostic,clique,"mutable (single core, TDbasic)",Execution Time,5,0.138,2
83aaa5e8dd69c9faf4d8680a9c73c0ef9f4cbc5d,2026-04-26,1,plan-enumerators,cardinality-agnostic,clique,"mutable (single core, TDbasic)",Execution Time,8,0.679,0
83aaa5e8dd69c9faf4d8680a9c73c0ef9f4cbc5d,2026-04-26,1,plan-enumerators,cardinality-agnostic,clique,"mutable (single core, TDbasic)",Execution Time,8,0.615,1
83aaa5e8dd69c9faf4d8680a9c73c0ef9f4cbc5d,2026-04-26,1,plan-enumerators,cardinality-agnostic,clique,"mutable (single core, TDbasic)",Execution Time,8,0.614,2
83aaa5e8dd69c9faf4d8680a9c73c0ef9f4cbc5d,2026-04-26,1,plan-enumerators,cardinality-agnostic,clique,"mutable (single core, TDbasic)",Execution Time,10,3.479,0
83aaa5e8dd69c9faf4d8680a9c73c0ef9f4cbc5d,2026-04-26,1,plan-enumerators,cardinality-agnostic,clique,"mutable (single core, TDbasic)",Execution Time,10,3.332,1
83aaa5e8dd69c9faf4d8680a9c73c0ef9f4cbc5d,2026-04-26,1,plan-enumerators,cardinality-agnostic,clique,"mutable (single core, TDbasic)",Execution Time,10,3.451,2
83aaa5e8dd69c9faf4d8680a9c73c0ef9f4cbc5d,2026-04-26,1,plan-enumerators,cardinality-agnostic,clique,"mutable (single core, TDbasic)",Execution Time,12,26.938,0
83aaa5e8dd69c9faf4d8680a9c73c0ef9f4cbc5d,2026-04-26,1,plan-enumerators,cardinality-agnostic,clique,"mutable (single core, TDbasic)",Execution Time,12,26.653,1
83aaa5e8dd69c9faf4d8680a9c73c0ef9f4cbc5d,2026-04-26,1,plan-enumerators,cardinality-agnostic,clique,"mutable (single core, TDbasic)",Execution Time,12,26.631,2
83aaa5e8dd69c9faf4d8680a9c73c0ef9f4cbc5d,2026-04-26,1,plan-enumerators,cardinality-agnostic,clique,"mutable (single core, TDMinCutAGaT)",Execution Time,2,0.13,0
83aaa5e8dd69c9faf4d8680a9c73c0ef9f4cbc5d,2026-04-26,1,plan-enumerators,cardinality-agnostic,clique,"mutable (single core, TDMinCutAGaT)",Execution Time,2,0.039,1
83aaa5e8dd69c9faf4d8680a9c73c0ef9f4cbc5d,2026-04-26,1,plan-enumerators,cardinality-agnostic,clique,"mutable (single core, TDMinCutAGaT)",Execution Time,2,0.063,2
83aaa5e8dd69c9faf4d8680a9c73c0ef9f4cbc5d,2026-04-26,1,plan-enumerators,cardinality-agnostic,clique,"mutable (single core, TDMinCutAGaT)",Execution Time,3,0.103,0
83aaa5e8dd69c9faf4d8680a9c73c0ef9f4cbc5d,2026-04-26,1,plan-enumerators,cardinality-agnostic,clique,"mutable (single core, TDMinCutAGaT)",Execution Time,3,0.065,1
83aaa5e8dd69c9faf4d8680a9c73c0ef9f4cbc5d,2026-04-26,1,plan-enumerators,cardinality-agnostic,clique,"mutable (single core, TDMinCutAGaT)",Execution Time,3,0.063,2
83aaa5e8dd69c9faf4d8680a9c73c0ef9f4cbc5d,2026-04-26,1,plan-enumerators,cardinality-agnostic,clique,"mutable (single core, TDMinCutAGaT)",Execution Time,4,0.122,0
83aaa5e8dd69c9faf4d8680a9c73c0ef9f4cbc5d,2026-04-26,1,plan-enumerators,cardinality-agnostic,clique,"mutable (single core, TDMinCutAGaT)",Execution Time,4,0.098,1
83aaa5e8dd69c9faf4d8680a9c73c0ef9f4cbc5d,2026-04-26,1,plan-enumerators,cardinality-agnostic,clique,"mutable (single core, TDMinCutAGaT)",Execution Time,4,0.099,2
83aaa5e8dd69c9faf4d8680a9c73c0ef9f4cbc5d,2026-04-26,1,plan-enumerators,cardinality-agnostic,clique,"mutable (single core, TDMinCutAGaT)",Execution Time,5,0.219,0
83aaa5e8dd69c9faf4d8680a9c73c0ef9f4cbc5d,2026-04-26,1,plan-enumerators,cardinality-agnostic,clique,"mutable (single core, TDMinCutAGaT)",Execution Time,5,0.167,1
83aaa5e8dd69c9faf4d8680a9c73c0ef9f4cbc5d,2026-04-26,1,plan-enumerators,cardinality-agnostic,clique,"mutable (single core, TDMinCutAGaT)",Execution Time,5,0.164,2
83aaa5e8dd69c9faf4d8680a9c73c0ef9f4cbc5d,2026-04-26,1,plan-enumerators,cardinality-agnostic,clique,"mutable (single core, TDMinCutAGaT)",Execution Time,8,1.222,0
83aaa5e8dd69c9faf4d8680a9c73c0ef9f4cbc5d,2026-04-26,1,plan-enumerators,cardinality-agnostic,clique,"mutable (single core, TDMinCutAGaT)",Execution Time,8,1.259,1
83aaa5e8dd69c9faf4d8680a9c73c0ef9f4cbc5d,2026-04-26,1,plan-enumerators,cardinality-agnostic,clique,"mutable (single core, TDMinCutAGaT)",Execution Time,8,1.141,2
83aaa5e8dd69c9faf4d8680a9c73c0ef9f4cbc5d,2026-04-26,1,plan-enumerators,cardinality-agnostic,clique,"mutable (single core, TDMinCutAGaT)",Execution Time,10,7.623,0
83aaa5e8dd69c9faf4d8680a9c73c0ef9f4cbc5d,2026-04-26,1,plan-enumerators,cardinality-agnostic,clique,"mutable (single core, TDMinCutAGaT)",Execution Time,10,7.223,1
83aaa5e8dd69c9faf4d8680a9c73c0ef9f4cbc5d,2026-04-26,1,plan-enumerators,cardinality-agnostic,clique,"mutable (single core, TDMinCutAGaT)",Execution Time,10,7.484,2
83aaa5e8dd69c9faf4d8680a9c73c0ef9f4cbc5d,2026-04-26,1,plan-enumerators,cardinality-agnostic,clique,"mutable (single core, TDMinCutAGaT)",Execution Time,12,58.975,0
83aaa5e8dd69c9faf4d8680a9c73c0ef9f4cbc5d,2026-04-26,1,plan-enumerators,cardinality-agnostic,clique,"mutable (single core, TDMinCutAGaT)",Execution Time,12,58.586,1
83aaa5e8dd69c9faf4d8680a9c73c0ef9f4cbc5d,2026-04-26,1,plan-enumerators,cardinality-agnostic,clique,"mutable (single core, TDMinCutAGaT)",Execution Time,12,59.421,2
83aaa5e8dd69c9faf4d8680a9c73c0ef9f4cbc5d,2026-04-26,1,plan-enumerators,cardinality-agnostic,clique,"mutable (single core, TwoPhaseOptimizer)",Execution Time,2,6.479,0
83aaa5e8dd69c9faf4d8680a9c73c0ef9f4cbc5d,2026-04-26,1,plan-enumerators,cardinality-agnostic,clique,"mutable (single core, TwoPhaseOptimizer)",Execution Time,2,6.123,1
83aaa5e8dd69c9faf4d8680a9c73c0ef9f4cbc5d,2026-04-26,1,plan-enumerators,cardinality-agnostic,clique,"mutable (single core, TwoPhaseOptimizer)",Execution Time,2,6.331,2
83aaa5e8dd69c9faf4d8680a9c73c0ef9f4cbc5d,2026-04-26,1,plan-enumerators,cardinality-agnostic,clique,"mutable (single core, TwoPhaseOptimizer)",Execution Time,3,16.083,0
83aaa5e8dd69c9faf4d8680a9c73c0ef9f4cbc5d,2026-04-26,1,plan-enumerators,cardinality-agnostic,clique,"mutable (single core, TwoPhaseOptimizer)",Execution Time,3,16.368,1
83aaa5e8dd69c9faf4d8680a9c73c0ef9f4cbc5d,2026-04-26,1,plan-enumerators,cardinality-agnostic,clique,"mutable (single core, TwoPhaseOptimizer)",Execution Time,3,16.158,2
83aaa5e8dd69c9faf4d8680a9c73c0ef9f4cbc5d,2026-04-26,1,plan-enumerators,cardinality-agnostic,clique,"mutable (single core, TwoPhaseOptimizer)",Execution Time,4,25.717,0
83aaa5e8dd69c9faf4d8680a9c73c0ef9f4cbc5d,2026-04-26,1,plan-enumerators,cardinality-agnostic,clique,"mutable (single core, TwoPhaseOptimizer)",Execution Time,4,26.48,1
83aaa5e8dd69c9faf4d8680a9c73c0ef9f4cbc5d,2026-04-26,1,plan-enumerators,cardinality-agnostic,clique,"mutable (single core, TwoPhaseOptimizer)",Execution Time,4,25.585,2
83aaa5e8dd69c9faf4d8680a9c73c0ef9f4cbc5d,2026-04-26,1,plan-enumerators,cardinality-agnostic,clique,"mutable (single core, TwoPhaseOptimizer)",Execution Time,5,33.113,0
83aaa5e8dd69c9faf4d8680a9c73c0ef9f4cbc5d,2026-04-26,1,plan-enumerators,cardinality-agnostic,clique,"mutable (single core, TwoPhaseOptimizer)",Execution Time,5,33.616,1
83aaa5e8dd69c9faf4d8680a9c73c0ef9f4cbc5d,2026-04-26,1,plan-enumerators,cardinality-agnostic,clique,"mutable (single core, TwoPhaseOptimizer)",Execution Time,5,33.317,2
83aaa5e8dd69c9faf4d8680a9c73c0ef9f4cbc5d,2026-04-26,1,plan-enumerators,cardinality-agnostic,clique,"mutable (single core, TwoPhaseOptimizer)",Execution Time,8,64.708,0
83aaa5e8dd69c9faf4d8680a9c73c0ef9f4cbc5d,2026-04-26,1,plan-enumerators,cardinality-agnostic,clique,"mutable (single core, TwoPhaseOptimizer)",Execution Time,8,65.226,1
83aaa5e8dd69c9faf4d8680a9c73c0ef9f4cbc5d,2026-04-26,1,plan-enumerators,cardinality-agnostic,clique,"mutable (single core, TwoPhaseOptimizer)",Execution Time,8,64.741,2
83aaa5e8dd69c9faf4d8680a9c73c0ef9f4cbc5d,2026-04-26,1,plan-enumerators,cardinality-agnostic,clique,"mutable (single core, TwoPhaseOptimizer)",Execution Time,10,87.439,0
83aaa5e8dd69c9faf4d8680a9c73c0ef9f4cbc5d,2026-04-26,1,plan-enumerators,cardinality-agnostic,clique,"mutable (single core, TwoPhaseOptimizer)",Execution Time,10,88.374,1
83aaa5e8dd69c9faf4d8680a9c73c0ef9f4cbc5d,2026-04-26,1,plan-enumerators,cardinality-agnostic,clique,"mutable (single core, TwoPhaseOptimizer)",Execution Time,10,104.945,2
83aaa5e8dd69c9faf4d8680a9c73c0ef9f4cbc5d,2026-04-26,1,plan-enumerators,cardinality-agnostic,clique,"mutable (single core, TwoPhaseOptimizer)",Execution Time,12,111.182,0
83aaa5e8dd69c9faf4d8680a9c73c0ef9f4cbc5d,2026-04-26,1,plan-enumerators,cardinality-agnostic,clique,"mutable (single core, TwoPhaseOptimizer)",Execution Time,12,111.238,1
83aaa5e8dd69c9faf4d8680a9c73c0ef9f4cbc5d,2026-04-26,1,plan-enumerators,cardinality-agnostic,clique,"mutable (single core, TwoPhaseOptimizer)",Execution Time,12,116.114,2
83aaa5e8dd69c9faf4d8680a9c73c0ef9f4cbc5d,2026-04-26,1,plan-enumerators,cardinality-agnostic,cycle,"mutable (single core, DPccp)",Execution Time,2,0.154,0
83aaa5e8dd69c9faf4d8680a9c73c0ef9f4cbc5d,2026-04-26,1,plan-enumerators,cardinality-agnostic,cycle,"mutable (single core, DPccp)",Execution Time,2,0.079,1
83aaa5e8dd69c9faf4d8680a9c73c0ef9f4cbc5d,2026-04-26,1,plan-enumerators,cardinality-agnostic,cycle,"mutable (single core, DPccp)",Execution Time,2,0.06,2
83aaa5e8dd69c9faf4d8680a9c73c0ef9f4cbc5d,2026-04-26,1,plan-enumerators,cardinality-agnostic,cycle,"mutable (single core, DPccp)",Execution Time,3,0.112,0
83aaa5e8dd69c9faf4d8680a9c73c0ef9f4cbc5d,2026-04-26,1,plan-enumerators,cardinality-agnostic,cycle,"mutable (single core, DPccp)",Execution Time,3,0.158,1
83aaa5e8dd69c9faf4d8680a9c73c0ef9f4cbc5d,2026-04-26,1,plan-enumerators,cardinality-agnostic,cycle,"mutable (single core, DPccp)",Execution Time,3,0.076,2
83aaa5e8dd69c9faf4d8680a9c73c0ef9f4cbc5d,2026-04-26,1,plan-enumerators,cardinality-agnostic,cycle,"mutable (single core, DPccp)",Execution Time,4,0.122,0
83aaa5e8dd69c9faf4d8680a9c73c0ef9f4cbc5d,2026-04-26,1,plan-enumerators,cardinality-agnostic,cycle,"mutable (single core, DPccp)",Execution Time,4,0.104,1
83aaa5e8dd69c9faf4d8680a9c73c0ef9f4cbc5d,2026-04-26,1,plan-enumerators,cardinality-agnostic,cycle,"mutable (single core, DPccp)",Execution Time,4,0.125,2
83aaa5e8dd69c9faf4d8680a9c73c0ef9f4cbc5d,2026-04-26,1,plan-enumerators,cardinality-agnostic,cycle,"mutable (single core, DPccp)",Execution Time,5,0.186,0
83aaa5e8dd69c9faf4d8680a9c73c0ef9f4cbc5d,2026-04-26,1,plan-enumerators,cardinality-agnostic,cycle,"mutable (single core, DPccp)",Execution Time,5,0.142,1
83aaa5e8dd69c9faf4d8680a9c73c0ef9f4cbc5d,2026-04-26,1,plan-enumerators,cardinality-agnostic,cycle,"mutable (single core, DPccp)",Execution Time,5,0.137,2
83aaa5e8dd69c9faf4d8680a9c73c0ef9f4cbc5d,2026-04-26,1,plan-enumerators,cardinality-agnostic,cycle,"mutable (single core, DPccp)",Execution Time,8,0.408,0
83aaa5e8dd69c9faf4d8680a9c73c0ef9f4cbc5d,2026-04-26,1,plan-enumerators,cardinality-agnostic,cycle,"mutable (single core, DPccp)",Execution Time,8,0.338,1
83aaa5e8dd69c9faf4d8680a9c73c0ef9f4cbc5d,2026-04-26,1,plan-enumerators,cardinality-agnostic,cycle,"mutable (single core, DPccp)",Execution Time,8,0.35,2
83aaa5e8dd69c9faf4d8680a9c73c0ef9f4cbc5d,2026-04-26,1,plan-enumerators,cardinality-agnostic,cycle,"mutable (single core, DPccp)",Execution Time,10,0.623,0
83aaa5e8dd69c9faf4d8680a9c73c0ef9f4cbc5d,2026-04-26,1,plan-enumerators,cardinality-agnostic,cycle,"mutable (single core, DPccp)",Execution Time,10,0.53,1
83aaa5e8dd69c9faf4d8680a9c73c0ef9f4cbc5d,2026-04-26,1,plan-enumerators,cardinality-agnostic,cycle,"mutable (single core, DPccp)",Execution Time,10,0.535,2
83aaa5e8dd69c9faf4d8680a9c73c0ef9f4cbc5d,2026-04-26,1,plan-enumerators,cardinality-agnostic,cycle,"mutable (single core, DPccp)",Execution Time,12,0.809,0
83aaa5e8dd69c9faf4d8680a9c73c0ef9f4cbc5d,2026-04-26,1,plan-enumerators,cardinality-agnostic,cycle,"mutable (single core, DPccp)",Execution Time,12,0.781,1
83aaa5e8dd69c9faf4d8680a9c73c0ef9f4cbc5d,2026-04-26,1,plan-enumerators,cardinality-agnostic,cycle,"mutable (single core, DPccp)",Execution Time,12,0.9,2
83aaa5e8dd69c9faf4d8680a9c73c0ef9f4cbc5d,2026-04-26,1,plan-enumerators,cardinality-agnostic,cycle,"mutable (single core, DPccp)",Execution Time,15,1.94,0
83aaa5e8dd69c9faf4d8680a9c73c0ef9f4cbc5d,2026-04-26,1,plan-enumerators,cardinality-agnostic,cycle,"mutable (single core, DPccp)",Execution Time,15,1.808,1
83aaa5e8dd69c9faf4d8680a9c73c0ef9f4cbc5d,2026-04-26,1,plan-enumerators,cardinality-agnostic,cycle,"mutable (single core, DPccp)",Execution Time,15,1.95,2
83aaa5e8dd69c9faf4d8680a9c73c0ef9f4cbc5d,2026-04-26,1,plan-enumerators,cardinality-agnostic,cycle,"mutable (single core, DPccp)",Execution Time,18,2.808,0
83aaa5e8dd69c9faf4d8680a9c73c0ef9f4cbc5d,2026-04-26,1,plan-enumerators,cardinality-agnostic,cycle,"mutable (single core, DPccp)",Execution Time,18,2.361,1
83aaa5e8dd69c9faf4d8680a9c73c0ef9f4cbc5d,2026-04-26,1,plan-enumerators,cardinality-agnostic,cycle,"mutable (single core, DPccp)",Execution Time,18,2.517,2
83aaa5e8dd69c9faf4d8680a9c73c0ef9f4cbc5d,2026-04-26,1,plan-enumerators,cardinality-agnostic,cycle,"mutable (single core, DPccp)",Execution Time,20,3.188,0
83aaa5e8dd69c9faf4d8680a9c73c0ef9f4cbc5d,2026-04-26,1,plan-enumerators,cardinality-agnostic,cycle,"mutable (single core, DPccp)",Execution Time,20,3.124,1
83aaa5e8dd69c9faf4d8680a9c73c0ef9f4cbc5d,2026-04-26,1,plan-enumerators,cardinality-agnostic,cycle,"mutable (single core, DPccp)",Execution Time,20,3.27,2
83aaa5e8dd69c9faf4d8680a9c73c0ef9f4cbc5d,2026-04-26,1,plan-enumerators,cardinality-agnostic,cycle,"mutable (single core, DPsizeOpt)",Execution Time,2,0.127,0
83aaa5e8dd69c9faf4d8680a9c73c0ef9f4cbc5d,2026-04-26,1,plan-enumerators,cardinality-agnostic,cycle,"mutable (single core, DPsizeOpt)",Execution Time,2,0.057,1
83aaa5e8dd69c9faf4d8680a9c73c0ef9f4cbc5d,2026-04-26,1,plan-enumerators,cardinality-agnostic,cycle,"mutable (single core, DPsizeOpt)",Execution Time,2,0.07,2
83aaa5e8dd69c9faf4d8680a9c73c0ef9f4cbc5d,2026-04-26,1,plan-enumerators,cardinality-agnostic,cycle,"mutable (single core, DPsizeOpt)",Execution Time,3,0.105,0
83aaa5e8dd69c9faf4d8680a9c73c0ef9f4cbc5d,2026-04-26,1,plan-enumerators,cardinality-agnostic,cycle,"mutable (single core, DPsizeOpt)",Execution Time,3,0.075,1
83aaa5e8dd69c9faf4d8680a9c73c0ef9f4cbc5d,2026-04-26,1,plan-enumerators,cardinality-agnostic,cycle,"mutable (single core, DPsizeOpt)",Execution Time,3,0.089,2
83aaa5e8dd69c9faf4d8680a9c73c0ef9f4cbc5d,2026-04-26,1,plan-enumerators,cardinality-agnostic,cycle,"mutable (single core, DPsizeOpt)",Execution Time,4,0.111,0
83aaa5e8dd69c9faf4d8680a9c73c0ef9f4cbc5d,2026-04-26,1,plan-enumerators,cardinality-agnostic,cycle,"mutable (single core, DPsizeOpt)",Execution Time,4,0.094,1
83aaa5e8dd69c9faf4d8680a9c73c0ef9f4cbc5d,2026-04-26,1,plan-enumerators,cardinality-agnostic,cycle,"mutable (single core, DPsizeOpt)",Execution Time,4,0.125,2
83aaa5e8dd69c9faf4d8680a9c73c0ef9f4cbc5d,2026-04-26,1,plan-enumerators,cardinality-agnostic,cycle,"mutable (single core, DPsizeOpt)",Execution Time,5,0.164,0
83aaa5e8dd69c9faf4d8680a9c73c0ef9f4cbc5d,2026-04-26,1,plan-enumerators,cardinality-agnostic,cycle,"mutable (single core, DPsizeOpt)",Execution Time,5,0.115,1
83aaa5e8dd69c9faf4d8680a9c73c0ef9f4cbc5d,2026-04-26,1,plan-enumerators,cardinality-agnostic,cycle,"mutable (single core, DPsizeOpt)",Execution Time,5,0.119,2
83aaa5e8dd69c9faf4d8680a9c73c0ef9f4cbc5d,2026-04-26,1,plan-enumerators,cardinality-agnostic,cycle,"mutable (single core, DPsizeOpt)",Execution Time,8,0.355,0
83aaa5e8dd69c9faf4d8680a9c73c0ef9f4cbc5d,2026-04-26,1,plan-enumerators,cardinality-agnostic,cycle,"mutable (single core, DPsizeOpt)",Execution Time,8,0.305,1
83aaa5e8dd69c9faf4d8680a9c73c0ef9f4cbc5d,2026-04-26,1,plan-enumerators,cardinality-agnostic,cycle,"mutable (single core, DPsizeOpt)",Execution Time,8,0.333,2
83aaa5e8dd69c9faf4d8680a9c73c0ef9f4cbc5d,2026-04-26,1,plan-enumerators,cardinality-agnostic,cycle,"mutable (single core, DPsizeOpt)",Execution Time,10,0.822,0
83aaa5e8dd69c9faf4d8680a9c73c0ef9f4cbc5d,2026-04-26,1,plan-enumerators,cardinality-agnostic,cycle,"mutable (single core, DPsizeOpt)",Execution Time,10,0.815,1
83aaa5e8dd69c9faf4d8680a9c73c0ef9f4cbc5d,2026-04-26,1,plan-enumerators,cardinality-agnostic,cycle,"mutable (single core, DPsizeOpt)",Execution Time,10,0.819,2
83aaa5e8dd69c9faf4d8680a9c73c0ef9f4cbc5d,2026-04-26,1,plan-enumerators,cardinality-agnostic,cycle,"mutable (single core, DPsizeOpt)",Execution Time,12,3.318,0
83aaa5e8dd69c9faf4d8680a9c73c0ef9f4cbc5d,2026-04-26,1,plan-enumerators,cardinality-agnostic,cycle,"mutable (single core, DPsizeOpt)",Execution Time,12,3.013,1
83aaa5e8dd69c9faf4d8680a9c73c0ef9f4cbc5d,2026-04-26,1,plan-enumerators,cardinality-agnostic,cycle,"mutable (single core, DPsizeOpt)",Execution Time,12,3.0,2
83aaa5e8dd69c9faf4d8680a9c73c0ef9f4cbc5d,2026-04-26,1,plan-enumerators,cardinality-agnostic,cycle,"mutable (single core, DPsizeOpt)",Execution Time,15,34.033,0
83aaa5e8dd69c9faf4d8680a9c73c0ef9f4cbc5d,2026-04-26,1,plan-enumerators,cardinality-agnostic,cycle,"mutable (single core, DPsizeOpt)",Execution Time,15,34.674,1
83aaa5e8dd69c9faf4d8680a9c73c0ef9f4cbc5d,2026-04-26,1,plan-enumerators,cardinality-agnostic,cycle,"mutable (single core, DPsizeOpt)",Execution Time,15,33.998,2
83aaa5e8dd69c9faf4d8680a9c73c0ef9f4cbc5d,2026-04-26,1,plan-enumerators,cardinality-agnostic,cycle,"mutable (single core, DPsizeOpt)",Execution Time,18,1089.52,0
83aaa5e8dd69c9faf4d8680a9c73c0ef9f4cbc5d,2026-04-26,1,plan-enumerators,cardinality-agnostic,cycle,"mutable (single core, DPsizeOpt)",Execution Time,18,1096.06,1
83aaa5e8dd69c9faf4d8680a9c73c0ef9f4cbc5d,2026-04-26,1,plan-enumerators,cardinality-agnostic,cycle,"mutable (single core, DPsizeOpt)",Execution Time,18,1083.86,2
83aaa5e8dd69c9faf4d8680a9c73c0ef9f4cbc5d,2026-04-26,1,plan-enumerators,cardinality-agnostic,cycle,"mutable (single core, DPsizeOpt)",Execution Time,20,5703.5,0
83aaa5e8dd69c9faf4d8680a9c73c0ef9f4cbc5d,2026-04-26,1,plan-enumerators,cardinality-agnostic,cycle,"mutable (single core, DPsizeOpt)",Execution Time,20,6108.28,1
83aaa5e8dd69c9faf4d8680a9c73c0ef9f4cbc5d,2026-04-26,1,plan-enumerators,cardinality-agnostic,cycle,"mutable (single core, DPsizeOpt)",Execution Time,20,5732.33,2
83aaa5e8dd69c9faf4d8680a9c73c0ef9f4cbc5d,2026-04-26,1,plan-enumerators,cardinality-agnostic,cycle,"mutable (single core, DPsub)",Execution Time,2,0.215,0
83aaa5e8dd69c9faf4d8680a9c73c0ef9f4cbc5d,2026-04-26,1,plan-enumerators,cardinality-agnostic,cycle,"mutable (single core, DPsub)",Execution Time,2,0.129,1
83aaa5e8dd69c9faf4d8680a9c73c0ef9f4cbc5d,2026-04-26,1,plan-enumerators,cardinality-agnostic,cycle,"mutable (single core, DPsub)",Execution Time,2,0.049,2
83aaa5e8dd69c9faf4d8680a9c73c0ef9f4cbc5d,2026-04-26,1,plan-enumerators,cardinality-agnostic,cycle,"mutable (single core, DPsub)",Execution Time,3,0.101,0
83aaa5e8dd69c9faf4d8680a9c73c0ef9f4cbc5d,2026-04-26,1,plan-enumerators,cardinality-agnostic,cycle,"mutable (single core, DPsub)",Execution Time,3,0.068,1
83aaa5e8dd69c9faf4d8680a9c73c0ef9f4cbc5d,2026-04-26,1,plan-enumerators,cardinality-agnostic,cycle,"mutable (single core, DPsub)",Execution Time,3,0.077,2
83aaa5e8dd69c9faf4d8680a9c73c0ef9f4cbc5d,2026-04-26,1,plan-enumerators,cardinality-agnostic,cycle,"mutable (single core, DPsub)",Execution Time,4,0.092,0
83aaa5e8dd69c9faf4d8680a9c73c0ef9f4cbc5d,2026-04-26,1,plan-enumerators,cardinality-agnostic,cycle,"mutable (single core, DPsub)",Execution Time,4,0.102,1
83aaa5e8dd69c9faf4d8680a9c73c0ef9f4cbc5d,2026-04-26,1,plan-enumerators,cardinality-agnostic,cycle,"mutable (single core, DPsub)",Execution Time,4,0.086,2
83aaa5e8dd69c9faf4d8680a9c73c0ef9f4cbc5d,2026-04-26,1,plan-enumerators,cardinality-agnostic,cycle,"mutable (single core, DPsub)",Execution Time,5,0.149,0
83aaa5e8dd69c9faf4d8680a9c73c0ef9f4cbc5d,2026-04-26,1,plan-enumerators,cardinality-agnostic,cycle,"mutable (single core, DPsub)",Execution Time,5,0.114,1
83aaa5e8dd69c9faf4d8680a9c73c0ef9f4cbc5d,2026-04-26,1,plan-enumerators,cardinality-agnostic,cycle,"mutable (single core, DPsub)",Execution Time,5,0.114,2
83aaa5e8dd69c9faf4d8680a9c73c0ef9f4cbc5d,2026-04-26,1,plan-enumerators,cardinality-agnostic,cycle,"mutable (single core, DPsub)",Execution Time,8,0.452,0
83aaa5e8dd69c9faf4d8680a9c73c0ef9f4cbc5d,2026-04-26,1,plan-enumerators,cardinality-agnostic,cycle,"mutable (single core, DPsub)",Execution Time,8,0.269,1
83aaa5e8dd69c9faf4d8680a9c73c0ef9f4cbc5d,2026-04-26,1,plan-enumerators,cardinality-agnostic,cycle,"mutable (single core, DPsub)",Execution Time,8,0.284,2
83aaa5e8dd69c9faf4d8680a9c73c0ef9f4cbc5d,2026-04-26,1,plan-enumerators,cardinality-agnostic,cycle,"mutable (single core, DPsub)",Execution Time,10,0.496,0
83aaa5e8dd69c9faf4d8680a9c73c0ef9f4cbc5d,2026-04-26,1,plan-enumerators,cardinality-agnostic,cycle,"mutable (single core, DPsub)",Execution Time,10,0.458,1
83aaa5e8dd69c9faf4d8680a9c73c0ef9f4cbc5d,2026-04-26,1,plan-enumerators,cardinality-agnostic,cycle,"mutable (single core, DPsub)",Execution Time,10,0.443,2
83aaa5e8dd69c9faf4d8680a9c73c0ef9f4cbc5d,2026-04-26,1,plan-enumerators,cardinality-agnostic,cycle,"mutable (single core, DPsub)",Execution Time,12,0.876,0
83aaa5e8dd69c9faf4d8680a9c73c0ef9f4cbc5d,2026-04-26,1,plan-enumerators,cardinality-agnostic,cycle,"mutable (single core, DPsub)",Execution Time,12,0.853,1
83aaa5e8dd69c9faf4d8680a9c73c0ef9f4cbc5d,2026-04-26,1,plan-enumerators,cardinality-agnostic,cycle,"mutable (single core, DPsub)",Execution Time,12,0.834,2
83aaa5e8dd69c9faf4d8680a9c73c0ef9f4cbc5d,2026-04-26,1,plan-enumerators,cardinality-agnostic,cycle,"mutable (single core, DPsub)",Execution Time,15,4.262,0
83aaa5e8dd69c9faf4d8680a9c73c0ef9f4cbc5d,2026-04-26,1,plan-enumerators,cardinality-agnostic,cycle,"mutable (single core, DPsub)",Execution Time,15,3.777,1
83aaa5e8dd69c9faf4d8680a9c73c0ef9f4cbc5d,2026-04-26,1,plan-enumerators,cardinality-agnostic,cycle,"mutable (single core, DPsub)",Execution Time,15,3.769,2
83aaa5e8dd69c9faf4d8680a9c73c0ef9f4cbc5d,2026-04-26,1,plan-enumerators,cardinality-agnostic,cycle,"mutable (single core, DPsub)",Execution Time,18,158.4,0
83aaa5e8dd69c9faf4d8680a9c73c0ef9f4cbc5d,2026-04-26,1,plan-enumerators,cardinality-agnostic,cycle,"mutable (single core, DPsub)",Execution Time,18,158.068,1
83aaa5e8dd69c9faf4d8680a9c73c0ef9f4cbc5d,2026-04-26,1,plan-enumerators,cardinality-agnostic,cycle,"mutable (single core, DPsub)",Execution Time,18,170.487,2
83aaa5e8dd69c9faf4d8680a9c73c0ef9f4cbc5d,2026-04-26,1,plan-enumerators,cardinality-agnostic,cycle,"mutable (single core, DPsub)",Execution Time,20,700.778,0
83aaa5e8dd69c9faf4d8680a9c73c0ef9f4cbc5d,2026-04-26,1,plan-enumerators,cardinality-agnostic,cycle,"mutable (single core, DPsub)",Execution Time,20,731.144,1
83aaa5e8dd69c9faf4d8680a9c73c0ef9f4cbc5d,2026-04-26,1,plan-enumerators,cardinality-agnostic,cycle,"mutable (single core, DPsub)",Execution Time,20,702.08,2
83aaa5e8dd69c9faf4d8680a9c73c0ef9f4cbc5d,2026-04-26,1,plan-enumerators,cardinality-agnostic,cycle,"mutable (single core, DPsubOpt)",Execution Time,2,0.138,0
83aaa5e8dd69c9faf4d8680a9c73c0ef9f4cbc5d,2026-04-26,1,plan-enumerators,cardinality-agnostic,cycle,"mutable (single core, DPsubOpt)",Execution Time,2,0.054,1
83aaa5e8dd69c9faf4d8680a9c73c0ef9f4cbc5d,2026-04-26,1,plan-enumerators,cardinality-agnostic,cycle,"mutable (single core, DPsubOpt)",Execution Time,2,0.071,2
83aaa5e8dd69c9faf4d8680a9c73c0ef9f4cbc5d,2026-04-26,1,plan-enumerators,cardinality-agnostic,cycle,"mutable (single core, DPsubOpt)",Execution Time,3,0.096,0
83aaa5e8dd69c9faf4d8680a9c73c0ef9f4cbc5d,2026-04-26,1,plan-enumerators,cardinality-agnostic,cycle,"mutable (single core, DPsubOpt)",Execution Time,3,0.071,1
83aaa5e8dd69c9faf4d8680a9c73c0ef9f4cbc5d,2026-04-26,1,plan-enumerators,cardinality-agnostic,cycle,"mutable (single core, DPsubOpt)",Execution Time,3,0.07,2
83aaa5e8dd69c9faf4d8680a9c73c0ef9f4cbc5d,2026-04-26,1,plan-enumerators,cardinality-agnostic,cycle,"mutable (single core, DPsubOpt)",Execution Time,4,0.095,0
83aaa5e8dd69c9faf4d8680a9c73c0ef9f4cbc5d,2026-04-26,1,plan-enumerators,cardinality-agnostic,cycle,"mutable (single core, DPsubOpt)",Execution Time,4,0.105,1
83aaa5e8dd69c9faf4d8680a9c73c0ef9f4cbc5d,2026-04-26,1,plan-enumerators,cardinality-agnostic,cycle,"mutable (single core, DPsubOpt)",Execution Time,4,0.095,2
83aaa5e8dd69c9faf4d8680a9c73c0ef9f4cbc5d,2026-04-26,1,plan-enumerators,cardinality-agnostic,cycle,"mutable (single core, DPsubOpt)",Execution Time,5,0.149,0
83aaa5e8dd69c9faf4d8680a9c73c0ef9f4cbc5d,2026-04-26,1,plan-enumerators,cardinality-agnostic,cycle,"mutable (single core, DPsubOpt)",Execution Time,5,0.126,1
83aaa5e8dd69c9faf4d8680a9c73c0ef9f4cbc5d,2026-04-26,1,plan-enumerators,cardinality-agnostic,cycle,"mutable (single core, DPsubOpt)",Execution Time,5,0.119,2
83aaa5e8dd69c9faf4d8680a9c73c0ef9f4cbc5d,2026-04-26,1,plan-enumerators,cardinality-agnostic,cycle,"mutable (single core, DPsubOpt)",Execution Time,8,0.302,0
83aaa5e8dd69c9faf4d8680a9c73c0ef9f4cbc5d,2026-04-26,1,plan-enumerators,cardinality-agnostic,cycle,"mutable (single core, DPsubOpt)",Execution Time,8,0.251,1
83aaa5e8dd69c9faf4d8680a9c73c0ef9f4cbc5d,2026-04-26,1,plan-enumerators,cardinality-agnostic,cycle,"mutable (single core, DPsubOpt)",Execution Time,8,0.249,2
83aaa5e8dd69c9faf4d8680a9c73c0ef9f4cbc5d,2026-04-26,1,plan-enumerators,cardinality-agnostic,cycle,"mutable (single core, DPsubOpt)",Execution Time,10,0.42,0
83aaa5e8dd69c9faf4d8680a9c73c0ef9f4cbc5d,2026-04-26,1,plan-enumerators,cardinality-agnostic,cycle,"mutable (single core, DPsubOpt)",Execution Time,10,0.412,1
83aaa5e8dd69c9faf4d8680a9c73c0ef9f4cbc5d,2026-04-26,1,plan-enumerators,cardinality-agnostic,cycle,"mutable (single core, DPsubOpt)",Execution Time,10,0.406,2
83aaa5e8dd69c9faf4d8680a9c73c0ef9f4cbc5d,2026-04-26,1,plan-enumerators,cardinality-agnostic,cycle,"mutable (single core, DPsubOpt)",Execution Time,12,0.682,0
83aaa5e8dd69c9faf4d8680a9c73c0ef9f4cbc5d,2026-04-26,1,plan-enumerators,cardinality-agnostic,cycle,"mutable (single core, DPsubOpt)",Execution Time,12,0.682,1
83aaa5e8dd69c9faf4d8680a9c73c0ef9f4cbc5d,2026-04-26,1,plan-enumerators,cardinality-agnostic,cycle,"mutable (single core, DPsubOpt)",Execution Time,12,0.675,2
83aaa5e8dd69c9faf4d8680a9c73c0ef9f4cbc5d,2026-04-26,1,plan-enumerators,cardinality-agnostic,cycle,"mutable (single core, DPsubOpt)",Execution Time,15,2.624,0
83aaa5e8dd69c9faf4d8680a9c73c0ef9f4cbc5d,2026-04-26,1,plan-enumerators,cardinality-agnostic,cycle,"mutable (single core, DPsubOpt)",Execution Time,15,2.808,1
83aaa5e8dd69c9faf4d8680a9c73c0ef9f4cbc5d,2026-04-26,1,plan-enumerators,cardinality-agnostic,cycle,"mutable (single core, DPsubOpt)",Execution Time,15,2.843,2
83aaa5e8dd69c9faf4d8680a9c73c0ef9f4cbc5d,2026-04-26,1,plan-enumerators,cardinality-agnostic,cycle,"mutable (single core, DPsubOpt)",Execution Time,18,79.644,0
83aaa5e8dd69c9faf4d8680a9c73c0ef9f4cbc5d,2026-04-26,1,plan-enumerators,cardinality-agnostic,cycle,"mutable (single core, DPsubOpt)",Execution Time,18,79.475,1
83aaa5e8dd69c9faf4d8680a9c73c0ef9f4cbc5d,2026-04-26,1,plan-enumerators,cardinality-agnostic,cycle,"mutable (single core, DPsubOpt)",Execution Time,18,79.952,2
83aaa5e8dd69c9faf4d8680a9c73c0ef9f4cbc5d,2026-04-26,1,plan-enumerators,cardinality-agnostic,cycle,"mutable (single core, DPsubOpt)",Execution Time,20,355.585,0
83aaa5e8dd69c9faf4d8680a9c73c0ef9f4cbc5d,2026-04-26,1,plan-enumerators,cardinality-agnostic,cycle,"mutable (single core, DPsubOpt)",Execution Time,20,370.033,1
83aaa5e8dd69c9faf4d8680a9c73c0ef9f4cbc5d,2026-04-26,1,plan-enumerators,cardinality-agnostic,cycle,"mutable (single core, DPsubOpt)",Execution Time,20,353.249,2
83aaa5e8dd69c9faf4d8680a9c73c0ef9f4cbc5d,2026-04-26,1,plan-enumerators,cardinality-agnostic,cycle,"mutable (single core, DPsizeSub)",Execution Time,2,0.135,0
83aaa5e8dd69c9faf4d8680a9c73c0ef9f4cbc5d,2026-04-26,1,plan-enumerators,cardinality-agnostic,cycle,"mutable (single core, DPsizeSub)",Execution Time,2,0.062,1
83aaa5e8dd69c9faf4d8680a9c73c0ef9f4cbc5d,2026-04-26,1,plan-enumerators,cardinality-agnostic,cycle,"mutable (single core, DPsizeSub)",Execution Time,2,0.052,2
83aaa5e8dd69c9faf4d8680a9c73c0ef9f4cbc5d,2026-04-26,1,plan-enumerators,cardinality-agnostic,cycle,"mutable (single core, DPsizeSub)",Execution Time,3,0.104,0
83aaa5e8dd69c9faf4d8680a9c73c0ef9f4cbc5d,2026-04-26,1,plan-enumerators,cardinality-agnostic,cycle,"mutable (single core, DPsizeSub)",Execution Time,3,0.074,1
83aaa5e8dd69c9faf4d8680a9c73c0ef9f4cbc5d,2026-04-26,1,plan-enumerators,cardinality-agnostic,cycle,"mutable (single core, DPsizeSub)",Execution Time,3,0.079,2
83aaa5e8dd69c9faf4d8680a9c73c0ef9f4cbc5d,2026-04-26,1,plan-enumerators,cardinality-agnostic,cycle,"mutable (single core, DPsizeSub)",Execution Time,4,0.118,0
83aaa5e8dd69c9faf4d8680a9c73c0ef9f4cbc5d,2026-04-26,1,plan-enumerators,cardinality-agnostic,cycle,"mutable (single core, DPsizeSub)",Execution Time,4,0.164,1
83aaa5e8dd69c9faf4d8680a9c73c0ef9f4cbc5d,2026-04-26,1,plan-enumerators,cardinality-agnostic,cycle,"mutable (single core, DPsizeSub)",Execution Time,4,0.099,2
83aaa5e8dd69c9faf4d8680a9c73c0ef9f4cbc5d,2026-04-26,1,plan-enumerators,cardinality-agnostic,cycle,"mutable (single core, DPsizeSub)",Execution Time,5,0.167,0
83aaa5e8dd69c9faf4d8680a9c73c0ef9f4cbc5d,2026-04-26,1,plan-enumerators,cardinality-agnostic,cycle,"mutable (single core, DPsizeSub)",Execution Time,5,0.121,1
83aaa5e8dd69c9faf4d8680a9c73c0ef9f4cbc5d,2026-04-26,1,plan-enumerators,cardinality-agnostic,cycle,"mutable (single core, DPsizeSub)",Execution Time,5,0.136,2
83aaa5e8dd69c9faf4d8680a9c73c0ef9f4cbc5d,2026-04-26,1,plan-enumerators,cardinality-agnostic,cycle,"mutable (single core, DPsizeSub)",Execution Time,8,0.327,0
83aaa5e8dd69c9faf4d8680a9c73c0ef9f4cbc5d,2026-04-26,1,plan-enumerators,cardinality-agnostic,cycle,"mutable (single core, DPsizeSub)",Execution Time,8,0.308,1
83aaa5e8dd69c9faf4d8680a9c73c0ef9f4cbc5d,2026-04-26,1,plan-enumerators,cardinality-agnostic,cycle,"mutable (single core, DPsizeSub)",Execution Time,8,0.317,2
83aaa5e8dd69c9faf4d8680a9c73c0ef9f4cbc5d,2026-04-26,1,plan-enumerators,cardinality-agnostic,cycle,"mutable (single core, DPsizeSub)",Execution Time,10,0.473,0
83aaa5e8dd69c9faf4d8680a9c73c0ef9f4cbc5d,2026-04-26,1,plan-enumerators,cardinality-agnostic,cycle,"mutable (single core, DPsizeSub)",Execution Time,10,0.489,1
83aaa5e8dd69c9faf4d8680a9c73c0ef9f4cbc5d,2026-04-26,1,plan-enumerators,cardinality-agnostic,cycle,"mutable (single core, DPsizeSub)",Execution Time,10,0.482,2
83aaa5e8dd69c9faf4d8680a9c73c0ef9f4cbc5d,2026-04-26,1,plan-enumerators,cardinality-agnostic,cycle,"mutable (single core, DPsizeSub)",Execution Time,12,1.056,0
83aaa5e8dd69c9faf4d8680a9c73c0ef9f4cbc5d,2026-04-26,1,plan-enumerators,cardinality-agnostic,cycle,"mutable (single core, DPsizeSub)",Execution Time,12,0.838,1
83aaa5e8dd69c9faf4d8680a9c73c0ef9f4cbc5d,2026-04-26,1,plan-enumerators,cardinality-agnostic,cycle,"mutable (single core, DPsizeSub)",Execution Time,12,0.838,2
83aaa5e8dd69c9faf4d8680a9c73c0ef9f4cbc5d,2026-04-26,1,plan-enumerators,cardinality-agnostic,cycle,"mutable (single core, DPsizeSub)",Execution Time,15,3.796,0
83aaa5e8dd69c9faf4d8680a9c73c0ef9f4cbc5d,2026-04-26,1,plan-enumerators,cardinality-agnostic,cycle,"mutable (single core, DPsizeSub)",Execution Time,15,3.986,1
83aaa5e8dd69c9faf4d8680a9c73c0ef9f4cbc5d,2026-04-26,1,plan-enumerators,cardinality-agnostic,cycle,"mutable (single core, DPsizeSub)",Execution Time,15,3.804,2
83aaa5e8dd69c9faf4d8680a9c73c0ef9f4cbc5d,2026-04-26,1,plan-enumerators,cardinality-agnostic,cycle,"mutable (single core, DPsizeSub)",Execution Time,18,169.936,0
83aaa5e8dd69c9faf4d8680a9c73c0ef9f4cbc5d,2026-04-26,1,plan-enumerators,cardinality-agnostic,cycle,"mutable (single core, DPsizeSub)",Execution Time,18,169.912,1
83aaa5e8dd69c9faf4d8680a9c73c0ef9f4cbc5d,2026-04-26,1,plan-enumerators,cardinality-agnostic,cycle,"mutable (single core, DPsizeSub)",Execution Time,18,170.213,2
83aaa5e8dd69c9faf4d8680a9c73c0ef9f4cbc5d,2026-04-26,1,plan-enumerators,cardinality-agnostic,cycle,"mutable (single core, DPsizeSub)",Execution Time,20,773.665,0
83aaa5e8dd69c9faf4d8680a9c73c0ef9f4cbc5d,2026-04-26,1,plan-enumerators,cardinality-agnostic,cycle,"mutable (single core, DPsizeSub)",Execution Time,20,793.901,1
83aaa5e8dd69c9faf4d8680a9c73c0ef9f4cbc5d,2026-04-26,1,plan-enumerators,cardinality-agnostic,cycle,"mutable (single core, DPsizeSub)",Execution Time,20,768.76,2
83aaa5e8dd69c9faf4d8680a9c73c0ef9f4cbc5d,2026-04-26,1,plan-enumerators,cardinality-agnostic,cycle,"mutable (single core, TDbasic)",Execution Time,2,0.119,0
83aaa5e8dd69c9faf4d8680a9c73c0ef9f4cbc5d,2026-04-26,1,plan-enumerators,cardinality-agnostic,cycle,"mutable (single core, TDbasic)",Execution Time,2,0.057,1
83aaa5e8dd69c9faf4d8680a9c73c0ef9f4cbc5d,2026-04-26,1,plan-enumerators,cardinality-agnostic,cycle,"mutable (single core, TDbasic)",Execution Time,2,0.05,2
83aaa5e8dd69c9faf4d8680a9c73c0ef9f4cbc5d,2026-04-26,1,plan-enumerators,cardinality-agnostic,cycle,"mutable (single core, TDbasic)",Execution Time,3,0.162,0
83aaa5e8dd69c9faf4d8680a9c73c0ef9f4cbc5d,2026-04-26,1,plan-enumerators,cardinality-agnostic,cycle,"mutable (single core, TDbasic)",Execution Time,3,0.062,1
83aaa5e8dd69c9faf4d8680a9c73c0ef9f4cbc5d,2026-04-26,1,plan-enumerators,cardinality-agnostic,cycle,"mutable (single core, TDbasic)",Execution Time,3,0.112,2
83aaa5e8dd69c9faf4d8680a9c73c0ef9f4cbc5d,2026-04-26,1,plan-enumerators,cardinality-agnostic,cycle,"mutable (single core, TDbasic)",Execution Time,4,0.102,0
83aaa5e8dd69c9faf4d8680a9c73c0ef9f4cbc5d,2026-04-26,1,plan-enumerators,cardinality-agnostic,cycle,"mutable (single core, TDbasic)",Execution Time,4,0.103,1
83aaa5e8dd69c9faf4d8680a9c73c0ef9f4cbc5d,2026-04-26,1,plan-enumerators,cardinality-agnostic,cycle,"mutable (single core, TDbasic)",Execution Time,4,0.093,2
83aaa5e8dd69c9faf4d8680a9c73c0ef9f4cbc5d,2026-04-26,1,plan-enumerators,cardinality-agnostic,cycle,"mutable (single core, TDbasic)",Execution Time,5,0.156,0
83aaa5e8dd69c9faf4d8680a9c73c0ef9f4cbc5d,2026-04-26,1,plan-enumerators,cardinality-agnostic,cycle,"mutable (single core, TDbasic)",Execution Time,5,0.154,1
83aaa5e8dd69c9faf4d8680a9c73c0ef9f4cbc5d,2026-04-26,1,plan-enumerators,cardinality-agnostic,cycle,"mutable (single core, TDbasic)",Execution Time,5,0.121,2
83aaa5e8dd69c9faf4d8680a9c73c0ef9f4cbc5d,2026-04-26,1,plan-enumerators,cardinality-agnostic,cycle,"mutable (single core, TDbasic)",Execution Time,8,0.323,0
83aaa5e8dd69c9faf4d8680a9c73c0ef9f4cbc5d,2026-04-26,1,plan-enumerators,cardinality-agnostic,cycle,"mutable (single core, TDbasic)",Execution Time,8,0.296,1
83aaa5e8dd69c9faf4d8680a9c73c0ef9f4cbc5d,2026-04-26,1,plan-enumerators,cardinality-agnostic,cycle,"mutable (single core, TDbasic)",Execution Time,8,0.28,2
83aaa5e8dd69c9faf4d8680a9c73c0ef9f4cbc5d,2026-04-26,1,plan-enumerators,cardinality-agnostic,cycle,"mutable (single core, TDbasic)",Execution Time,10,0.469,0
83aaa5e8dd69c9faf4d8680a9c73c0ef9f4cbc5d,2026-04-26,1,plan-enumerators,cardinality-agnostic,cycle,"mutable (single core, TDbasic)",Execution Time,10,0.601,1
83aaa5e8dd69c9faf4d8680a9c73c0ef9f4cbc5d,2026-04-26,1,plan-enumerators,cardinality-agnostic,cycle,"mutable (single core, TDbasic)",Execution Time,10,0.473,2
83aaa5e8dd69c9faf4d8680a9c73c0ef9f4cbc5d,2026-04-26,1,plan-enumerators,cardinality-agnostic,cycle,"mutable (single core, TDbasic)",Execution Time,12,0.86,0
83aaa5e8dd69c9faf4d8680a9c73c0ef9f4cbc5d,2026-04-26,1,plan-enumerators,cardinality-agnostic,cycle,"mutable (single core, TDbasic)",Execution Time,12,2.557,1
83aaa5e8dd69c9faf4d8680a9c73c0ef9f4cbc5d,2026-04-26,1,plan-enumerators,cardinality-agnostic,cycle,"mutable (single core, TDbasic)",Execution Time,12,0.884,2
83aaa5e8dd69c9faf4d8680a9c73c0ef9f4cbc5d,2026-04-26,1,plan-enumerators,cardinality-agnostic,cycle,"mutable (single core, TDbasic)",Execution Time,15,3.851,0
83aaa5e8dd69c9faf4d8680a9c73c0ef9f4cbc5d,2026-04-26,1,plan-enumerators,cardinality-agnostic,cycle,"mutable (single core, TDbasic)",Execution Time,15,5.475,1
83aaa5e8dd69c9faf4d8680a9c73c0ef9f4cbc5d,2026-04-26,1,plan-enumerators,cardinality-agnostic,cycle,"mutable (single core, TDbasic)",Execution Time,15,3.847,2
83aaa5e8dd69c9faf4d8680a9c73c0ef9f4cbc5d,2026-04-26,1,plan-enumerators,cardinality-agnostic,cycle,"mutable (single core, TDbasic)",Execution Time,18,25.855,0
83aaa5e8dd69c9faf4d8680a9c73c0ef9f4cbc5d,2026-04-26,1,plan-enumerators,cardinality-agnostic,cycle,"mutable (single core, TDbasic)",Execution Time,18,31.5,1
83aaa5e8dd69c9faf4d8680a9c73c0ef9f4cbc5d,2026-04-26,1,plan-enumerators,cardinality-agnostic,cycle,"mutable (single core, TDbasic)",Execution Time,18,24.996,2
83aaa5e8dd69c9faf4d8680a9c73c0ef9f4cbc5d,2026-04-26,1,plan-enumerators,cardinality-agnostic,cycle,"mutable (single core, TDbasic)",Execution Time,20,106.723,0
83aaa5e8dd69c9faf4d8680a9c73c0ef9f4cbc5d,2026-04-26,1,plan-enumerators,cardinality-agnostic,cycle,"mutable (single core, TDbasic)",Execution Time,20,106.183,1
83aaa5e8dd69c9faf4d8680a9c73c0ef9f4cbc5d,2026-04-26,1,plan-enumerators,cardinality-agnostic,cycle,"mutable (single core, TDbasic)",Execution Time,20,104.234,2
83aaa5e8dd69c9faf4d8680a9c73c0ef9f4cbc5d,2026-04-26,1,plan-enumerators,cardinality-agnostic,cycle,"mutable (single core, TDMinCutAGaT)",Execution Time,2,0.125,0
83aaa5e8dd69c9faf4d8680a9c73c0ef9f4cbc5d,2026-04-26,1,plan-enumerators,cardinality-agnostic,cycle,"mutable (single core, TDMinCutAGaT)",Execution Time,2,0.037,1
83aaa5e8dd69c9faf4d8680a9c73c0ef9f4cbc5d,2026-04-26,1,plan-enumerators,cardinality-agnostic,cycle,"mutable (single core, TDMinCutAGaT)",Execution Time,2,0.035,2
83aaa5e8dd69c9faf4d8680a9c73c0ef9f4cbc5d,2026-04-26,1,plan-enumerators,cardinality-agnostic,cycle,"mutable (single core, TDMinCutAGaT)",Execution Time,3,0.102,0
83aaa5e8dd69c9faf4d8680a9c73c0ef9f4cbc5d,2026-04-26,1,plan-enumerators,cardinality-agnostic,cycle,"mutable (single core, TDMinCutAGaT)",Execution Time,3,0.137,1
83aaa5e8dd69c9faf4d8680a9c73c0ef9f4cbc5d,2026-04-26,1,plan-enumerators,cardinality-agnostic,cycle,"mutable (single core, TDMinCutAGaT)",Execution Time,3,0.071,2
83aaa5e8dd69c9faf4d8680a9c73c0ef9f4cbc5d,2026-04-26,1,plan-enumerators,cardinality-agnostic,cycle,"mutable (single core, TDMinCutAGaT)",Execution Time,4,0.103,0
83aaa5e8dd69c9faf4d8680a9c73c0ef9f4cbc5d,2026-04-26,1,plan-enumerators,cardinality-agnostic,cycle,"mutable (single core, TDMinCutAGaT)",Execution Time,4,0.114,1
83aaa5e8dd69c9faf4d8680a9c73c0ef9f4cbc5d,2026-04-26,1,plan-enumerators,cardinality-agnostic,cycle,"mutable (single core, TDMinCutAGaT)",Execution Time,4,0.086,2
83aaa5e8dd69c9faf4d8680a9c73c0ef9f4cbc5d,2026-04-26,1,plan-enumerators,cardinality-agnostic,cycle,"mutable (single core, TDMinCutAGaT)",Execution Time,5,0.18,0
83aaa5e8dd69c9faf4d8680a9c73c0ef9f4cbc5d,2026-04-26,1,plan-enumerators,cardinality-agnostic,cycle,"mutable (single core, TDMinCutAGaT)",Execution Time,5,0.119,1
83aaa5e8dd69c9faf4d8680a9c73c0ef9f4cbc5d,2026-04-26,1,plan-enumerators,cardinality-agnostic,cycle,"mutable (single core, TDMinCutAGaT)",Execution Time,5,0.128,2
83aaa5e8dd69c9faf4d8680a9c73c0ef9f4cbc5d,2026-04-26,1,plan-enumerators,cardinality-agnostic,cycle,"mutable (single core, TDMinCutAGaT)",Execution Time,8,0.341,0
83aaa5e8dd69c9faf4d8680a9c73c0ef9f4cbc5d,2026-04-26,1,plan-enumerators,cardinality-agnostic,cycle,"mutable (single core, TDMinCutAGaT)",Execution Time,8,0.273,1
83aaa5e8dd69c9faf4d8680a9c73c0ef9f4cbc5d,2026-04-26,1,plan-enumerators,cardinality-agnostic,cycle,"mutable (single core, TDMinCutAGaT)",Execution Time,8,0.279,2
83aaa5e8dd69c9faf4d8680a9c73c0ef9f4cbc5d,2026-04-26,1,plan-enumerators,cardinality-agnostic,cycle,"mutable (single core, TDMinCutAGaT)",Execution Time,10,0.758,0
83aaa5e8dd69c9faf4d8680a9c73c0ef9f4cbc5d,2026-04-26,1,plan-enumerators,cardinality-agnostic,cycle,"mutable (single core, TDMinCutAGaT)",Execution Time,10,0.486,1
83aaa5e8dd69c9faf4d8680a9c73c0ef9f4cbc5d,2026-04-26,1,plan-enumerators,cardinality-agnostic,cycle,"mutable (single core, TDMinCutAGaT)",Execution Time,10,0.435,2
83aaa5e8dd69c9faf4d8680a9c73c0ef9f4cbc5d,2026-04-26,1,plan-enumerators,cardinality-agnostic,cycle,"mutable (single core, TDMinCutAGaT)",Execution Time,12,0.765,0
83aaa5e8dd69c9faf4d8680a9c73c0ef9f4cbc5d,2026-04-26,1,plan-enumerators,cardinality-agnostic,cycle,"mutable (single core, TDMinCutAGaT)",Execution Time,12,0.735,1
83aaa5e8dd69c9faf4d8680a9c73c0ef9f4cbc5d,2026-04-26,1,plan-enumerators,cardinality-agnostic,cycle,"mutable (single core, TDMinCutAGaT)",Execution Time,12,0.677,2
83aaa5e8dd69c9faf4d8680a9c73c0ef9f4cbc5d,2026-04-26,1,plan-enumerators,cardinality-agnostic,cycle,"mutable (single core, TDMinCutAGaT)",Execution Time,15,1.776,0
83aaa5e8dd69c9faf4d8680a9c73c0ef9f4cbc5d,2026-04-26,1,plan-enumerators,cardinality-agnostic,cycle,"mutable (single core, TDMinCutAGaT)",Execution Time,15,1.92,1
83aaa5e8dd69c9faf4d8680a9c73c0ef9f4cbc5d,2026-04-26,1,plan-enumerators,cardinality-agnostic,cycle,"mutable (single core, TDMinCutAGaT)",Execution Time,15,1.725,2
83aaa5e8dd69c9faf4d8680a9c73c0ef9f4cbc5d,2026-04-26,1,plan-enumerators,cardinality-agnostic,cycle,"mutable (single core, TDMinCutAGaT)",Execution Time,18,3.387,0
83aaa5e8dd69c9faf4d8680a9c73c0ef9f4cbc5d,2026-04-26,1,plan-enumerators,cardinality-agnostic,cycle,"mutable (single core, TDMinCutAGaT)",Execution Time,18,2.483,1
83aaa5e8dd69c9faf4d8680a9c73c0ef9f4cbc5d,2026-04-26,1,plan-enumerators,cardinality-agnostic,cycle,"mutable (single core, TDMinCutAGaT)",Execution Time,18,2.481,2
83aaa5e8dd69c9faf4d8680a9c73c0ef9f4cbc5d,2026-04-26,1,plan-enumerators,cardinality-agnostic,cycle,"mutable (single core, TDMinCutAGaT)",Execution Time,20,3.268,0
83aaa5e8dd69c9faf4d8680a9c73c0ef9f4cbc5d,2026-04-26,1,plan-enumerators,cardinality-agnostic,cycle,"mutable (single core, TDMinCutAGaT)",Execution Time,20,3.25,1
83aaa5e8dd69c9faf4d8680a9c73c0ef9f4cbc5d,2026-04-26,1,plan-enumerators,cardinality-agnostic,cycle,"mutable (single core, TDMinCutAGaT)",Execution Time,20,3.191,2
83aaa5e8dd69c9faf4d8680a9c73c0ef9f4cbc5d,2026-04-26,1,plan-enumerators,cardinality-agnostic,cycle,"mutable (single core, TwoPhaseOptimizer)",Execution Time,2,6.454,0
83aaa5e8dd69c9faf4d8680a9c73c0ef9f4cbc5d,2026-04-26,1,plan-enumerators,cardinality-agnostic,cycle,"mutable (single core, TwoPhaseOptimizer)",Execution Time,2,6.453,1
83aaa5e8dd69c9faf4d8680a9c73c0ef9f4cbc5d,2026-04-26,1,plan-enumerators,cardinality-agnostic,cycle,"mutable (single core, TwoPhaseOptimizer)",Execution Time,2,6.499,2
83aaa5e8dd69c9faf4d8680a9c73c0ef9f4cbc5d,2026-04-26,1,plan-enumerators,cardinality-agnostic,cycle,"mutable (single core, TwoPhaseOptimizer)",Execution Time,3,16.301,0
83aaa5e8dd69c9faf4d8680a9c73c0ef9f4cbc5d,2026-04-26,1,plan-enumerators,cardinality-agnostic,cycle,"mutable (single core, TwoPhaseOptimizer)",Execution Time,3,15.547,1
83aaa5e8dd69c9faf4d8680a9c73c0ef9f4cbc5d,2026-04-26,1,plan-enumerators,cardinality-agnostic,cycle,"mutable (single core, TwoPhaseOptimizer)",Execution Time,3,15.434,2
83aaa5e8dd69c9faf4d8680a9c73c0ef9f4cbc5d,2026-04-26,1,plan-enumerators,cardinality-agnostic,cycle,"mutable (single core, TwoPhaseOptimizer)",Execution Time,4,25.151,0
83aaa5e8dd69c9faf4d8680a9c73c0ef9f4cbc5d,2026-04-26,1,plan-enumerators,cardinality-agnostic,cycle,"mutable (single core, TwoPhaseOptimizer)",Execution Time,4,24.41,1
83aaa5e8dd69c9faf4d8680a9c73c0ef9f4cbc5d,2026-04-26,1,plan-enumerators,cardinality-agnostic,cycle,"mutable (single core, TwoPhaseOptimizer)",Execution Time,4,24.845,2
83aaa5e8dd69c9faf4d8680a9c73c0ef9f4cbc5d,2026-04-26,1,plan-enumerators,cardinality-agnostic,cycle,"mutable (single core, TwoPhaseOptimizer)",Execution Time,5,33.196,0
83aaa5e8dd69c9faf4d8680a9c73c0ef9f4cbc5d,2026-04-26,1,plan-enumerators,cardinality-agnostic,cycle,"mutable (single core, TwoPhaseOptimizer)",Execution Time,5,39.205,1
83aaa5e8dd69c9faf4d8680a9c73c0ef9f4cbc5d,2026-04-26,1,plan-enumerators,cardinality-agnostic,cycle,"mutable (single core, TwoPhaseOptimizer)",Execution Time,5,34.455,2
83aaa5e8dd69c9faf4d8680a9c73c0ef9f4cbc5d,2026-04-26,1,plan-enumerators,cardinality-agnostic,cycle,"mutable (single core, TwoPhaseOptimizer)",Execution Time,8,64.588,0
83aaa5e8dd69c9faf4d8680a9c73c0ef9f4cbc5d,2026-04-26,1,plan-enumerators,cardinality-agnostic,cycle,"mutable (single core, TwoPhaseOptimizer)",Execution Time,8,62.154,1
83aaa5e8dd69c9faf4d8680a9c73c0ef9f4cbc5d,2026-04-26,1,plan-enumerators,cardinality-agnostic,cycle,"mutable (single core, TwoPhaseOptimizer)",Execution Time,8,60.741,2
83aaa5e8dd69c9faf4d8680a9c73c0ef9f4cbc5d,2026-04-26,1,plan-enumerators,cardinality-agnostic,cycle,"mutable (single core, TwoPhaseOptimizer)",Execution Time,10,87.57,0
83aaa5e8dd69c9faf4d8680a9c73c0ef9f4cbc5d,2026-04-26,1,plan-enumerators,cardinality-agnostic,cycle,"mutable (single core, TwoPhaseOptimizer)",Execution Time,10,95.054,1
83aaa5e8dd69c9faf4d8680a9c73c0ef9f4cbc5d,2026-04-26,1,plan-enumerators,cardinality-agnostic,cycle,"mutable (single core, TwoPhaseOptimizer)",Execution Time,10,85.374,2
83aaa5e8dd69c9faf4d8680a9c73c0ef9f4cbc5d,2026-04-26,1,plan-enumerators,cardinality-agnostic,cycle,"mutable (single core, TwoPhaseOptimizer)",Execution Time,12,111.552,0
83aaa5e8dd69c9faf4d8680a9c73c0ef9f4cbc5d,2026-04-26,1,plan-enumerators,cardinality-agnostic,cycle,"mutable (single core, TwoPhaseOptimizer)",Execution Time,12,109.485,1
83aaa5e8dd69c9faf4d8680a9c73c0ef9f4cbc5d,2026-04-26,1,plan-enumerators,cardinality-agnostic,cycle,"mutable (single core, TwoPhaseOptimizer)",Execution Time,12,106.963,2
83aaa5e8dd69c9faf4d8680a9c73c0ef9f4cbc5d,2026-04-26,1,plan-enumerators,cardinality-agnostic,cycle,"mutable (single core, TwoPhaseOptimizer)",Execution Time,15,147.046,0
83aaa5e8dd69c9faf4d8680a9c73c0ef9f4cbc5d,2026-04-26,1,plan-enumerators,cardinality-agnostic,cycle,"mutable (single core, TwoPhaseOptimizer)",Execution Time,15,157.453,1
83aaa5e8dd69c9faf4d8680a9c73c0ef9f4cbc5d,2026-04-26,1,plan-enumerators,cardinality-agnostic,cycle,"mutable (single core, TwoPhaseOptimizer)",Execution Time,15,151.634,2
83aaa5e8dd69c9faf4d8680a9c73c0ef9f4cbc5d,2026-04-26,1,plan-enumerators,cardinality-agnostic,cycle,"mutable (single core, TwoPhaseOptimizer)",Execution Time,18,205.045,0
83aaa5e8dd69c9faf4d8680a9c73c0ef9f4cbc5d,2026-04-26,1,plan-enumerators,cardinality-agnostic,cycle,"mutable (single core, TwoPhaseOptimizer)",Execution Time,18,206.418,1
83aaa5e8dd69c9faf4d8680a9c73c0ef9f4cbc5d,2026-04-26,1,plan-enumerators,cardinality-agnostic,cycle,"mutable (single core, TwoPhaseOptimizer)",Execution Time,18,203.335,2
83aaa5e8dd69c9faf4d8680a9c73c0ef9f4cbc5d,2026-04-26,1,plan-enumerators,cardinality-agnostic,cycle,"mutable (single core, TwoPhaseOptimizer)",Execution Time,20,275.663,0
83aaa5e8dd69c9faf4d8680a9c73c0ef9f4cbc5d,2026-04-26,1,plan-enumerators,cardinality-agnostic,cycle,"mutable (single core, TwoPhaseOptimizer)",Execution Time,20,232.36,1
83aaa5e8dd69c9faf4d8680a9c73c0ef9f4cbc5d,2026-04-26,1,plan-enumerators,cardinality-agnostic,cycle,"mutable (single core, TwoPhaseOptimizer)",Execution Time,20,234.338,2
